time,concentration,condensor temp,saturator temp,optics temp,flow,ready environment,reference detector voltage,detector voltage,pump control value,1 second counts,liquid level,count_datetime,pulse counts,pulse width,good pulses,pulse conc,pulse conc nodead,precip_datetime,precip_voltage
2024-02-08 12:25:02.759388,6662.84,10.1,42.5,40.8,5.01,NOTREADY,4.976,0.029,173,5219,FULL,2024-02-08 12:25:01.759109,0.0,0,0,0.0,0.0,2024-02-08 12:25:02.745806,1967.4457550048828
2024-02-08 12:25:03.750565,6568.36,10.1,42.5,40.8,4.99,NOTREADY,4.973,0.026,174,5145,FULL,2024-02-08 12:25:02.765401,0.0,0,0,0.0,0.0,2024-02-08 12:25:03.748512,1972.690200805664
2024-02-08 12:25:04.758615,6756.03,10.1,42.5,40.8,5.03,NOTREADY,4.969,0.026,173,5292,FULL,2024-02-08 12:25:03.768558,0.0,0,0,0.0,0.0,2024-02-08 12:25:04.751515,1973.385238647461
2024-02-08 12:25:05.766717,7174.77,10.1,42.6,40.9,5.02,NOTREADY,4.995,0.027,174,5620,FULL,2024-02-08 12:25:04.767813,0.0,0,0,0.0,0.0,2024-02-08 12:25:05.754707,1969.5466995239258
2024-02-08 12:25:06.743988,6907.95,10.1,42.6,40.9,4.99,NOTREADY,4.997,0.026,173,5411,FULL,2024-02-08 12:25:05.754707,0.0,0,0,0.0,0.0,2024-02-08 12:25:06.740973,1972.9743957519531
2024-02-08 12:25:07.751595,6988.38,10.1,42.6,40.9,5.00,NOTREADY,5.011,0.027,174,5474,FULL,2024-02-08 12:25:06.756029,0.0,0,0,0.0,0.0,2024-02-08 12:25:07.743365,1973.8117218017578
2024-02-08 12:25:08.744047,6899.02,10.1,42.7,40.9,5.02,NOTREADY,5.021,0.027,173,5404,FULL,2024-02-08 12:25:07.755661,0.0,0,0,0.0,0.0,2024-02-08 12:25:08.746272,1973.6852645874023
2024-02-08 12:25:09.752296,6967.96,10.1,42.7,40.9,4.99,NOTREADY,5.028,0.027,174,5458,FULL,2024-02-08 12:25:08.758940,0.0,0,0,0.0,0.0,2024-02-08 12:25:09.748575,1969.0254211425781
2024-02-08 12:25:10.744169,6882.42,10.1,42.7,40.9,5.03,NOTREADY,5.018,0.026,173,5391,FULL,2024-02-08 12:25:09.758960,0.0,0,0,0.0,0.0,2024-02-08 12:25:10.751428,1979.5930862426758
2024-02-08 12:25:11.752867,7472.23,10.1,42.8,40.9,4.99,NOTREADY,4.989,0.027,174,5853,FULL,2024-02-08 12:25:10.760161,0.0,0,0,0.0,0.0,2024-02-08 12:25:11.753990,1979.7510147094727
2024-02-08 12:25:12.760500,7680.33,10.1,42.8,40.9,5.03,NOTREADY,4.982,0.027,173,6016,FULL,2024-02-08 12:25:11.760200,0.0,0,0,0.0,0.0,2024-02-08 12:25:12.740434,1977.1446228027344
2024-02-08 12:25:13.753047,7432.66,10.1,42.8,41.0,5.02,NOTREADY,4.983,0.027,174,5822,FULL,2024-02-08 12:25:12.754993,0.0,0,0,0.0,0.0,2024-02-08 12:25:13.742820,1978.5032272338867
2024-02-08 12:25:14.745385,7206.69,10.1,42.9,41.0,5.00,NOTREADY,5.006,0.027,173,5645,FULL,2024-02-08 12:25:13.757052,0.0,0,0,0.0,0.0,2024-02-08 12:25:14.745385,1981.378173828125
2024-02-08 12:25:15.753675,7380.31,10.1,42.9,41.0,4.99,NOTREADY,5.014,0.028,173,5781,FULL,2024-02-08 12:25:14.758044,0.0,0,0,0.0,0.0,2024-02-08 12:25:15.747978,1982.4207305908203
2024-02-08 12:25:16.745769,7569.26,10.1,42.9,41.0,5.00,NOTREADY,5.030,0.028,174,5929,FULL,2024-02-08 12:25:15.763942,0.0,0,0,0.0,0.0,2024-02-08 12:25:16.750511,1976.6708374023438
2024-02-08 12:25:17.754056,7760.76,10.1,42.9,41.0,5.03,NOTREADY,5.032,0.028,173,6079,FULL,2024-02-08 12:25:16.764255,0.0,0,0,0.0,0.0,2024-02-08 12:25:17.753493,1984.5373153686523
2024-02-08 12:25:18.746209,7874.38,10.1,43.0,41.0,4.99,NOTREADY,4.995,0.029,174,6168,FULL,2024-02-08 12:25:17.755611,0.0,0,0,0.0,0.0,2024-02-08 12:25:18.739030,1983.2895278930664
2024-02-08 12:25:19.754507,7736.50,10.1,43.0,41.0,5.02,NOTREADY,4.976,0.028,173,6060,FULL,2024-02-08 12:25:18.764684,0.0,0,0,0.0,0.0,2024-02-08 12:25:19.741911,1981.0148239135742
2024-02-08 12:25:20.762902,7921.61,10.1,43.0,41.1,5.00,NOTREADY,4.974,0.026,173,6205,FULL,2024-02-08 12:25:19.769274,0.0,0,0,0.0,0.0,2024-02-08 12:25:20.744843,1982.942008972168
2024-02-08 12:25:21.755158,7542.45,10.1,43.1,41.1,4.99,NOTREADY,4.970,0.027,174,5908,FULL,2024-02-08 12:25:20.768619,0.0,0,0,0.0,0.0,2024-02-08 12:25:21.747559,1986.5592956542969
2024-02-08 12:25:22.747499,7585.85,10.1,43.1,41.1,5.00,NOTREADY,4.970,0.029,173,5942,FULL,2024-02-08 12:25:21.756225,0.0,0,0,0.0,0.0,2024-02-08 12:25:22.750198,1984.6796035766602
2024-02-08 12:25:23.739401,8109.28,10.1,43.1,41.1,5.00,NOTREADY,4.999,0.028,173,6352,FULL,2024-02-08 12:25:22.756260,0.0,0,0,0.0,0.0,2024-02-08 12:25:23.752719,1964.112663269043
2024-02-08 12:25:24.747880,8062.05,10.1,43.2,41.1,5.00,NOTREADY,5.000,0.028,173,6315,FULL,2024-02-08 12:25:23.761225,0.0,0,0,0.0,0.0,2024-02-08 12:25:24.739078,1972.4847793579102
2024-02-08 12:25:25.755705,8027.58,10.1,43.2,41.2,4.99,NOTREADY,5.002,0.027,173,6288,FULL,2024-02-08 12:25:24.759027,0.0,0,0,0.0,0.0,2024-02-08 12:25:25.741091,1973.0850219726562
2024-02-08 12:25:26.748530,8086.30,10.1,43.2,41.2,5.01,NOTREADY,5.010,0.028,172,6334,FULL,2024-02-08 12:25:25.759719,0.0,0,0,0.0,0.0,2024-02-08 12:25:26.744850,1973.5431671142578
2024-02-08 12:25:27.756418,8258.65,10.1,43.2,41.2,4.98,NOTREADY,5.016,0.027,173,6469,FULL,2024-02-08 12:25:26.768423,0.0,0,0,0.0,0.0,2024-02-08 12:25:27.747382,1968.8041687011719
2024-02-08 12:25:28.748659,8261.20,10.0,43.3,41.2,4.99,NOTREADY,5.023,0.027,174,6471,FULL,2024-02-08 12:25:27.762977,0.0,0,0,0.0,0.0,2024-02-08 12:25:28.749674,1974.3644714355469
2024-02-08 12:25:29.757138,7994.38,10.0,43.3,41.3,5.03,NOTREADY,5.032,0.029,173,6262,FULL,2024-02-08 12:25:28.767759,0.0,0,0,0.0,0.0,2024-02-08 12:25:29.752428,1974.6015548706055
2024-02-08 12:25:30.765311,8591.85,10.0,43.3,41.3,4.99,NOTREADY,5.003,0.029,173,6730,FULL,2024-02-08 12:25:29.769191,0.0,0,0,0.0,0.0,2024-02-08 12:25:30.754671,1968.5199737548828
2024-02-08 12:25:31.757207,8585.47,10.0,43.4,41.3,5.03,NOTREADY,4.970,0.028,174,6725,FULL,2024-02-08 12:25:30.756747,0.0,0,0,0.0,0.0,2024-02-08 12:25:31.741658,1977.713394165039
2024-02-08 12:25:32.749742,8336.52,10.0,43.4,41.3,5.00,NOTREADY,4.999,0.027,173,6530,FULL,2024-02-08 12:25:31.753698,0.0,0,0,0.0,0.0,2024-02-08 12:25:32.744474,1978.5032272338867
2024-02-08 12:25:33.757969,8579.09,10.0,43.4,41.3,5.01,NOTREADY,4.987,0.028,173,6720,FULL,2024-02-08 12:25:32.763997,0.0,0,0,0.0,0.0,2024-02-08 12:25:33.746825,1976.4339447021484
2024-02-08 12:25:34.766207,8710.58,10.0,43.5,41.3,5.00,NOTREADY,4.987,0.028,173,6823,FULL,2024-02-08 12:25:33.767678,0.0,0,0,0.0,0.0,2024-02-08 12:25:34.749183,1974.143409729004
2024-02-08 12:25:35.758237,8856.12,10.0,43.5,41.3,5.01,NOTREADY,4.997,0.027,172,6937,FULL,2024-02-08 12:25:34.767913,0.0,0,0,0.0,0.0,2024-02-08 12:25:35.751700,1977.3500442504883
2024-02-08 12:25:36.750629,9108.90,10.0,43.5,41.4,4.98,NOTREADY,5.015,0.030,173,7135,FULL,2024-02-08 12:25:35.767950,0.0,0,0,0.0,0.0,2024-02-08 12:25:36.754317,1976.7814636230469
2024-02-08 12:25:37.742511,9433.17,10.0,43.6,41.4,5.00,NOTREADY,5.025,0.029,173,7389,FULL,2024-02-08 12:25:36.755992,0.0,0,0,0.0,0.0,2024-02-08 12:25:37.740438,1974.3171691894531
2024-02-08 12:25:38.751424,9085.92,10.0,43.6,41.4,5.01,NOTREADY,5.030,0.028,172,7117,FULL,2024-02-08 12:25:37.756683,0.0,0,0,0.0,0.0,2024-02-08 12:25:38.743204,1979.3561935424805
2024-02-08 12:25:39.759304,9246.78,10.0,43.6,41.4,5.01,NOTREADY,5.015,0.030,173,7243,FULL,2024-02-08 12:25:38.760674,0.0,0,0,0.0,0.0,2024-02-08 12:25:39.745656,1978.4557342529297
2024-02-08 12:25:40.767493,9066.77,10.0,43.6,41.4,4.99,NOTREADY,4.999,0.030,172,7102,FULL,2024-02-08 12:25:39.753744,0.0,0,0,0.0,0.0,2024-02-08 12:25:40.747812,1975.343894958496
2024-02-08 12:25:41.745080,9196.99,10.0,43.6,41.4,5.01,NOTREADY,4.989,0.029,173,7204,FULL,2024-02-08 12:25:40.769035,0.0,0,0,0.0,0.0,2024-02-08 12:25:41.750288,1977.7923583984375
2024-02-08 12:25:42.752172,9219.97,10.0,43.6,41.4,5.01,NOTREADY,4.983,0.029,172,7222,FULL,2024-02-08 12:25:41.767578,0.0,0,0,0.0,0.0,2024-02-08 12:25:42.752172,1979.1349411010742
2024-02-08 12:25:43.744347,8873.99,10.0,43.7,41.4,4.98,NOTREADY,4.989,0.027,173,6951,FULL,2024-02-08 12:25:42.762428,0.0,0,0,0.0,0.0,2024-02-08 12:25:43.754379,1978.1082153320312
2024-02-08 12:25:44.752427,8945.49,10.0,43.7,41.5,5.02,NOTREADY,5.005,0.028,172,7007,FULL,2024-02-08 12:25:43.757082,0.0,0,0,0.0,0.0,2024-02-08 12:25:44.740810,1972.3268508911133
2024-02-08 12:25:45.760547,8940.38,10.0,43.7,41.5,4.98,NOTREADY,5.019,0.029,173,7003,FULL,2024-02-08 12:25:44.762610,0.0,0,0,0.0,0.0,2024-02-08 12:25:45.743376,1978.7874221801758
2024-02-08 12:25:46.752970,8838.25,10.0,43.7,41.5,5.01,NOTREADY,5.021,0.029,172,6923,FULL,2024-02-08 12:25:45.759040,0.0,0,0,0.0,0.0,2024-02-08 12:25:46.745870,1978.7084579467773
2024-02-08 12:25:47.745537,9071.88,10.0,43.8,41.5,4.99,NOTREADY,5.025,0.028,173,7106,FULL,2024-02-08 12:25:46.765707,0.0,0,0,0.0,0.0,2024-02-08 12:25:47.748768,1975.612449645996
2024-02-08 12:25:48.753461,9267.20,10.0,43.8,41.5,4.98,NOTREADY,5.023,0.029,172,7259,FULL,2024-02-08 12:25:47.767153,0.0,0,0,0.0,0.0,2024-02-08 12:25:48.750923,1979.9406051635742
2024-02-08 12:25:49.761863,9577.43,10.0,43.8,41.5,5.01,NOTREADY,5.012,0.031,173,7502,FULL,2024-02-08 12:25:48.768034,0.0,0,0,0.0,0.0,2024-02-08 12:25:49.753201,1980.7621002197266
2024-02-08 12:25:50.739186,9514.87,10.0,43.8,41.5,4.99,NOTREADY,4.998,0.029,172,7453,FULL,2024-02-08 12:25:49.753804,0.0,0,0,0.0,0.0,2024-02-08 12:25:50.739700,1979.3720245361328
2024-02-08 12:25:51.746701,9546.79,10.0,43.8,41.5,4.99,NOTREADY,4.987,0.029,173,7478,FULL,2024-02-08 12:25:50.758572,0.0,0,0,0.0,0.0,2024-02-08 12:25:51.742419,1970.8419799804688
2024-02-08 12:25:52.754823,9599.13,10.1,43.9,41.5,5.02,NOTREADY,4.987,0.030,172,7519,FULL,2024-02-08 12:25:51.764351,0.0,0,0,0.0,0.0,2024-02-08 12:25:52.744614,1979.277229309082
2024-02-08 12:25:53.762952,9503.38,10.1,43.9,41.6,4.99,NOTREADY,4.989,0.031,173,7444,FULL,2024-02-08 12:25:52.766016,0.0,0,0,0.0,0.0,2024-02-08 12:25:53.747593,1979.6720504760742
2024-02-08 12:25:54.740367,9453.59,10.1,43.9,41.6,5.03,NOTREADY,4.999,0.029,172,7405,FULL,2024-02-08 12:25:53.758891,0.0,0,0,0.0,0.0,2024-02-08 12:25:54.750484,1977.0814895629883
2024-02-08 12:25:55.747246,9479.13,10.1,43.9,41.6,4.99,NOTREADY,5.013,0.031,173,7425,FULL,2024-02-08 12:25:54.759094,0.0,0,0,0.0,0.0,2024-02-08 12:25:55.752862,1980.572509765625
2024-02-08 12:25:56.755586,9696.16,10.1,43.9,41.6,4.99,NOTREADY,5.016,0.030,172,7595,FULL,2024-02-08 12:25:55.766918,0.0,0,0,0.0,0.0,2024-02-08 12:25:56.739816,1979.3087005615234
2024-02-08 12:25:57.748017,9587.64,10.1,43.9,41.6,5.02,NOTREADY,5.021,0.029,173,7510,FULL,2024-02-08 12:25:56.767145,0.0,0,0,0.0,0.0,2024-02-08 12:25:57.742405,1978.676986694336
2024-02-08 12:25:58.755858,9568.49,10.1,44.0,41.6,4.99,NOTREADY,5.015,0.029,172,7495,FULL,2024-02-08 12:25:57.765956,0.0,0,0,0.0,0.0,2024-02-08 12:25:58.745064,1973.385238647461
2024-02-08 12:25:59.748213,9331.04,10.1,44.0,41.6,4.99,NOTREADY,5.007,0.030,173,7309,FULL,2024-02-08 12:25:58.755349,0.0,0,0,0.0,0.0,2024-02-08 12:25:59.747604,1980.4145812988281
2024-02-08 12:26:00.756643,9402.53,10.1,44.0,41.6,5.01,NOTREADY,4.992,0.029,172,7365,FULL,2024-02-08 12:25:59.760088,0.0,0,0,0.0,0.0,2024-02-08 12:26:00.749957,1972.579574584961
2024-02-08 12:26:01.748651,9431.89,10.1,44.0,41.7,4.99,NOTREADY,4.993,0.029,173,7388,FULL,2024-02-08 12:26:00.761401,0.0,0,0,0.0,0.0,2024-02-08 12:26:01.746103,1980.6198120117188
2024-02-08 12:26:02.757121,9444.66,10.1,44.0,41.7,5.02,NOTREADY,5.005,0.031,172,7398,FULL,2024-02-08 12:26:01.762386,0.0,0,0,0.0,0.0,2024-02-08 12:26:02.748997,1980.082893371582
2024-02-08 12:26:03.749256,9285.08,10.1,44.0,41.7,4.99,NOTREADY,5.013,0.028,173,7273,FULL,2024-02-08 12:26:02.761347,0.0,0,0,0.0,0.0,2024-02-08 12:26:03.750854,1975.881004333496
2024-02-08 12:26:04.741371,9551.90,10.1,44.0,41.7,5.02,NOTREADY,5.020,0.030,172,7482,FULL,2024-02-08 12:26:03.757026,0.0,0,0,0.0,0.0,2024-02-08 12:26:04.753035,1978.471565246582
2024-02-08 12:26:05.749759,9507.21,10.1,44.1,41.7,5.02,NOTREADY,5.024,0.030,173,7447,FULL,2024-02-08 12:26:04.763727,0.0,0,0,0.0,0.0,2024-02-08 12:26:05.739202,1978.3926010131836
2024-02-08 12:26:06.758006,9610.62,10.1,44.1,41.7,5.00,NOTREADY,4.987,0.028,172,7528,FULL,2024-02-08 12:26:05.764466,0.0,0,0,0.0,0.0,2024-02-08 12:26:06.741708,1978.1557083129883
2024-02-08 12:26:07.749925,9639.98,10.1,44.1,41.7,4.99,NOTREADY,5.014,0.031,172,7551,FULL,2024-02-08 12:26:06.757492,0.0,0,0,0.0,0.0,2024-02-08 12:26:07.743846,1971.284294128418
2024-02-08 12:26:08.742675,9739.56,10.1,44.1,41.7,4.99,NOTREADY,5.014,0.031,173,7629,FULL,2024-02-08 12:26:07.757614,0.0,0,0,0.0,0.0,2024-02-08 12:26:08.746377,1979.6562194824219
2024-02-08 12:26:09.750829,9605.52,10.1,44.1,41.7,5.03,NOTREADY,5.006,0.031,172,7524,FULL,2024-02-08 12:26:08.762804,0.0,0,0,0.0,0.0,2024-02-08 12:26:09.748270,1978.7242889404297
2024-02-08 12:26:10.758980,9276.14,10.1,44.1,41.8,4.99,NOTREADY,5.004,0.028,173,7266,FULL,2024-02-08 12:26:09.769210,0.0,0,0,0.0,0.0,2024-02-08 12:26:10.750285,1970.8419799804688
2024-02-08 12:26:11.751223,9373.16,10.1,44.2,41.8,5.02,NOTREADY,5.002,0.030,172,7342,FULL,2024-02-08 12:26:10.764985,0.0,0,0,0.0,0.0,2024-02-08 12:26:11.752276,1978.5032272338867
2024-02-08 12:26:12.743585,9563.39,10.1,44.2,41.8,4.99,NOTREADY,5.006,0.030,173,7491,FULL,2024-02-08 12:26:11.756492,0.0,0,0,0.0,0.0,2024-02-08 12:26:12.754796,1978.5663604736328
2024-02-08 12:26:13.751278,9714.03,10.1,44.2,41.8,4.99,NOTREADY,5.010,0.030,172,7609,FULL,2024-02-08 12:26:12.767818,0.0,0,0,0.0,0.0,2024-02-08 12:26:13.741191,1976.6077041625977
2024-02-08 12:26:14.743523,9698.71,10.1,44.2,41.8,5.03,NOTREADY,5.014,0.031,173,7597,FULL,2024-02-08 12:26:13.758010,0.0,0,0,0.0,0.0,2024-02-08 12:26:14.743523,1978.7559509277344
2024-02-08 12:26:15.752306,9705.09,10.1,44.2,41.8,4.99,NOTREADY,5.020,0.031,172,7602,FULL,2024-02-08 12:26:14.767352,0.0,0,0,0.0,0.0,2024-02-08 12:26:15.746580,1979.9880981445312
2024-02-08 12:26:16.744401,9417.85,10.1,44.2,41.8,5.00,NOTREADY,5.018,0.028,173,7377,FULL,2024-02-08 12:26:15.757983,0.0,0,0,0.0,0.0,2024-02-08 12:26:16.748935,1977.9029846191406
2024-02-08 12:26:17.752320,9634.88,10.1,44.2,41.8,5.02,NOTREADY,4.985,0.031,172,7547,FULL,2024-02-08 12:26:16.756148,0.0,0,0,0.0,0.0,2024-02-08 12:26:17.751276,1972.153091430664
2024-02-08 12:26:18.744857,9368.06,10.1,44.2,41.8,4.99,NOTREADY,4.996,0.028,173,7338,FULL,2024-02-08 12:26:17.756058,0.0,0,0,0.0,0.0,2024-02-08 12:26:18.753482,1980.7304382324219
2024-02-08 12:26:19.752766,9424.23,10.1,44.2,41.9,5.03,NOTREADY,4.989,0.031,172,7382,FULL,2024-02-08 12:26:18.756578,0.0,0,0,0.0,0.0,2024-02-08 12:26:19.740242,1981.2200546264648
2024-02-08 12:26:20.745372,9608.07,10.1,44.2,41.9,4.99,NOTREADY,4.985,0.031,173,7526,FULL,2024-02-08 12:26:19.761528,0.0,0,0,0.0,0.0,2024-02-08 12:26:20.742682,1979.1349411010742
2024-02-08 12:26:21.753408,9633.60,10.1,44.2,41.9,5.02,NOTREADY,4.987,0.030,172,7546,FULL,2024-02-08 12:26:20.761183,0.0,0,0,0.0,0.0,2024-02-08 12:26:21.745637,1979.766845703125
2024-02-08 12:26:22.761726,9361.67,10.1,44.2,41.9,5.00,NOTREADY,4.989,0.030,172,7333,FULL,2024-02-08 12:26:21.767562,0.0,0,0,0.0,0.0,2024-02-08 12:26:22.747946,1980.9673309326172
2024-02-08 12:26:23.754073,9494.45,10.1,44.2,41.9,5.00,NOTREADY,5.004,0.030,172,7437,FULL,2024-02-08 12:26:22.757211,0.0,0,0,0.0,0.0,2024-02-08 12:26:23.750338,1979.8616409301758
2024-02-08 12:26:24.762339,9555.73,10.1,44.2,41.9,5.00,NOTREADY,5.010,0.030,172,7485,FULL,2024-02-08 12:26:23.762317,0.0,0,0,0.0,0.0,2024-02-08 12:26:24.753027,1975.4070281982422
2024-02-08 12:26:25.739716,9582.54,10.1,44.2,41.9,5.01,NOTREADY,4.982,0.031,172,7506,FULL,2024-02-08 12:26:24.754780,0.0,0,0,0.0,0.0,2024-02-08 12:26:25.739716,1982.9734802246094
2024-02-08 12:26:26.746793,9438.27,10.1,44.2,41.9,5.00,NOTREADY,4.967,0.030,172,7393,FULL,2024-02-08 12:26:25.758593,0.0,0,0,0.0,0.0,2024-02-08 12:26:26.742760,1981.441307067871
2024-02-08 12:26:27.755221,9313.16,10.1,44.2,41.9,4.99,NOTREADY,4.964,0.030,173,7295,FULL,2024-02-08 12:26:26.758961,0.0,0,0,0.0,0.0,2024-02-08 12:26:27.745422,1978.961181640625
2024-02-08 12:26:28.763111,9412.74,10.1,44.2,42.0,5.03,NOTREADY,4.960,0.031,172,7373,FULL,2024-02-08 12:26:27.763731,0.0,0,0,0.0,0.0,2024-02-08 12:26:28.747864,1979.1349411010742
2024-02-08 12:26:29.740449,9311.89,10.1,44.2,42.0,5.00,NOTREADY,4.958,0.032,172,7294,FULL,2024-02-08 12:26:28.760100,0.0,0,0,0.0,0.0,2024-02-08 12:26:29.750685,1982.1205139160156
2024-02-08 12:26:30.747399,9507.21,10.0,44.2,42.0,4.99,NOTREADY,4.989,0.031,173,7447,FULL,2024-02-08 12:26:29.760921,0.0,0,0,0.0,0.0,2024-02-08 12:26:30.752414,1980.6831359863281
2024-02-08 12:26:31.740228,9304.23,10.0,44.2,42.0,4.99,NOTREADY,4.989,0.032,172,7288,FULL,2024-02-08 12:26:30.755929,0.0,0,0,0.0,0.0,2024-02-08 12:26:31.754263,1977.8396606445312
2024-02-08 12:26:32.747948,9145.92,10.0,44.2,42.0,5.03,NOTREADY,5.001,0.030,173,7164,FULL,2024-02-08 12:26:31.766412,0.0,0,0,0.0,0.0,2024-02-08 12:26:32.740814,1982.0415496826172
2024-02-08 12:26:33.756337,9435.72,10.0,44.2,42.0,5.01,NOTREADY,5.000,0.032,172,7391,FULL,2024-02-08 12:26:32.766239,0.0,0,0,0.0,0.0,2024-02-08 12:26:33.743091,1981.2992095947266
2024-02-08 12:26:34.748809,9205.92,10.0,44.2,42.0,4.99,NOTREADY,4.997,0.031,171,7211,FULL,2024-02-08 12:26:33.760026,0.0,0,0,0.0,0.0,2024-02-08 12:26:34.745696,1978.203010559082
2024-02-08 12:26:35.756943,9641.26,10.0,44.2,42.0,4.96,NOTREADY,4.982,0.030,172,7552,FULL,2024-02-08 12:26:34.764370,0.0,0,0,0.0,0.0,2024-02-08 12:26:35.747692,1983.652687072754
2024-02-08 12:26:36.749302,9665.52,10.0,44.2,42.1,4.99,NOTREADY,4.970,0.032,173,7571,FULL,2024-02-08 12:26:35.760125,0.0,0,0,0.0,0.0,2024-02-08 12:26:36.749830,1983.4157943725586
2024-02-08 12:26:37.741529,9818.72,10.0,44.1,42.1,5.02,NOTREADY,4.966,0.032,172,7691,FULL,2024-02-08 12:26:36.756022,0.0,0,0,0.0,0.0,2024-02-08 12:26:37.752060,1980.240821838379
2024-02-08 12:26:38.749592,9730.63,10.0,44.1,42.1,5.00,NOTREADY,4.961,0.031,172,7622,FULL,2024-02-08 12:26:37.754713,0.0,0,0,0.0,0.0,2024-02-08 12:26:38.754277,1982.9261779785156
2024-02-08 12:26:39.758185,9817.44,10.0,44.1,42.1,5.02,NOTREADY,4.957,0.032,173,7690,FULL,2024-02-08 12:26:38.760023,0.0,0,0,0.0,0.0,2024-02-08 12:26:39.741082,1983.3368301391602
2024-02-08 12:26:40.749994,9790.63,10.0,44.1,42.1,5.00,NOTREADY,4.977,0.031,172,7669,FULL,2024-02-08 12:26:39.768927,0.0,0,0,0.0,0.0,2024-02-08 12:26:40.743733,1983.8581085205078
2024-02-08 12:26:41.742137,9877.44,10.0,44.1,42.1,4.99,NOTREADY,4.980,0.030,172,7737,FULL,2024-02-08 12:26:40.762001,0.0,0,0,0.0,0.0,2024-02-08 12:26:41.745698,1976.418113708496
2024-02-08 12:26:42.750695,9782.97,10.0,44.1,42.1,4.99,NOTREADY,4.983,0.032,173,7663,FULL,2024-02-08 12:26:41.755887,0.0,0,0,0.0,0.0,2024-02-08 12:26:42.747450,1984.6952438354492
2024-02-08 12:26:43.742535,9805.95,10.0,44.1,42.1,5.01,NOTREADY,4.984,0.031,172,7681,FULL,2024-02-08 12:26:42.757438,0.0,0,0,0.0,0.0,2024-02-08 12:26:43.749824,1983.2578659057617
2024-02-08 12:26:44.751011,10114.90,10.0,44.1,42.1,5.00,NOTREADY,4.989,0.032,172,7923,FULL,2024-02-08 12:26:43.768924,0.0,0,0,0.0,0.0,2024-02-08 12:26:44.752068,1974.8384475708008
2024-02-08 12:26:45.759504,10266.82,10.0,44.1,42.2,5.00,NOTREADY,4.989,0.032,172,8042,FULL,2024-02-08 12:26:44.761576,0.0,0,0,0.0,0.0,2024-02-08 12:26:45.754209,1983.210563659668
2024-02-08 12:26:46.767240,10007.66,10.0,44.1,42.2,4.99,NOTREADY,4.956,0.030,173,7839,FULL,2024-02-08 12:26:45.762061,0.0,0,0,0.0,0.0,2024-02-08 12:26:46.740856,1983.9845657348633
2024-02-08 12:26:47.744712,10217.03,10.0,44.1,42.2,5.03,NOTREADY,4.956,0.032,172,8003,FULL,2024-02-08 12:26:46.763234,0.0,0,0,0.0,0.0,2024-02-08 12:26:47.743659,1982.8472137451172
2024-02-08 12:26:48.751767,10240.01,10.0,44.1,42.2,5.03,NOTREADY,4.959,0.033,173,8021,FULL,2024-02-08 12:26:47.757498,0.0,0,0,0.0,0.0,2024-02-08 12:26:48.745624,1980.7304382324219
2024-02-08 12:26:49.744211,10408.53,10.0,44.1,42.2,5.00,NOTREADY,4.966,0.031,172,8153,FULL,2024-02-08 12:26:48.757947,0.0,0,0,0.0,0.0,2024-02-08 12:26:49.747824,1983.210563659668
2024-02-08 12:26:50.752241,10543.85,10.0,44.1,42.2,4.99,NOTREADY,4.973,0.034,172,8259,FULL,2024-02-08 12:26:49.754914,0.0,0,0,0.0,0.0,2024-02-08 12:26:50.750208,1980.9673309326172
2024-02-08 12:26:51.744356,10351.08,10.0,44.1,42.2,4.99,NOTREADY,4.979,0.032,173,8108,FULL,2024-02-08 12:26:50.760490,0.0,0,0,0.0,0.0,2024-02-08 12:26:51.753100,1974.5540618896484
2024-02-08 12:26:52.752718,10437.89,10.0,44.1,42.2,5.02,NOTREADY,4.982,0.034,172,8176,FULL,2024-02-08 12:26:51.759760,0.0,0,0,0.0,0.0,2024-02-08 12:26:52.739642,1982.9734802246094
2024-02-08 12:26:53.745032,10120.01,10.0,44.0,42.3,4.99,NOTREADY,4.988,0.032,173,7927,FULL,2024-02-08 12:26:52.761727,0.0,0,0,0.0,0.0,2024-02-08 12:26:53.741472,1982.7207565307617
2024-02-08 12:26:54.753250,10125.11,10.0,44.0,42.3,5.02,NOTREADY,4.960,0.034,172,7931,FULL,2024-02-08 12:26:53.762235,0.0,0,0,0.0,0.0,2024-02-08 12:26:54.743938,1978.7242889404297
2024-02-08 12:26:55.761506,9950.21,10.0,44.0,42.3,4.99,NOTREADY,4.950,0.034,173,7794,FULL,2024-02-08 12:26:54.763763,0.0,0,0,0.0,0.0,2024-02-08 12:26:55.746404,1980.4145812988281
2024-02-08 12:26:56.754031,9821.27,10.0,44.0,42.3,5.00,NOTREADY,4.952,0.032,172,7693,FULL,2024-02-08 12:26:55.764019,0.0,0,0,0.0,0.0,2024-02-08 12:26:56.749257,1979.3245315551758
2024-02-08 12:26:57.761908,9522.53,10.0,44.0,42.3,4.99,NOTREADY,4.956,0.031,172,7459,FULL,2024-02-08 12:26:56.767214,0.0,0,0,0.0,0.0,2024-02-08 12:26:57.751553,1978.6136627197266
2024-02-08 12:26:58.754472,9794.46,10.0,44.0,42.3,5.02,NOTREADY,4.960,0.034,173,7672,FULL,2024-02-08 12:26:57.768097,0.0,0,0,0.0,0.0,2024-02-08 12:26:58.754472,1974.0013122558594
2024-02-08 12:26:59.762755,10084.26,10.0,44.0,42.3,5.00,NOTREADY,4.957,0.035,172,7899,FULL,2024-02-08 12:26:58.755730,0.0,0,0,0.0,0.0,2024-02-08 12:26:59.740618,1980.4145812988281
2024-02-08 12:27:00.754742,9997.45,10.0,44.0,42.3,4.99,NOTREADY,4.959,0.033,173,7831,FULL,2024-02-08 12:26:59.758731,0.0,0,0,0.0,0.0,2024-02-08 12:27:00.743035,1950.7017135620117
2024-02-08 12:27:01.746895,9895.31,10.0,44.0,42.3,5.03,NOTREADY,4.960,0.031,172,7751,FULL,2024-02-08 12:27:00.765447,0.0,0,0,0.0,0.0,2024-02-08 12:27:01.748097,1976.149559020996
2024-02-08 12:27:02.755261,9874.89,10.1,44.0,42.4,4.99,NOTREADY,4.987,0.031,173,7735,FULL,2024-02-08 12:27:01.762779,0.0,0,0,0.0,0.0,2024-02-08 12:27:02.750560,1971.1578369140625
2024-02-08 12:27:03.747715,10005.11,10.1,44.0,42.4,5.03,NOTREADY,4.994,0.033,172,7837,FULL,2024-02-08 12:27:02.761316,0.0,0,0,0.0,0.0,2024-02-08 12:27:03.752944,1978.6453247070312
2024-02-08 12:27:04.755925,9965.53,10.1,44.0,42.4,4.99,NOTREADY,4.993,0.033,173,7806,FULL,2024-02-08 12:27:03.754613,0.0,0,0,0.0,0.0,2024-02-08 12:27:04.739230,1978.1871795654297
2024-02-08 12:27:05.763647,9897.87,10.1,44.0,42.4,5.00,NOTREADY,4.991,0.032,172,7753,FULL,2024-02-08 12:27:04.755114,0.0,0,0,0.0,0.0,2024-02-08 12:27:05.741208,1973.4325408935547
2024-02-08 12:27:06.740939,9744.67,10.1,44.0,42.4,4.99,NOTREADY,4.961,0.031,172,7633,FULL,2024-02-08 12:27:05.757587,0.0,0,0,0.0,0.0,2024-02-08 12:27:06.743536,1976.1178970336914
2024-02-08 12:27:07.748156,9980.85,10.1,44.0,42.4,5.02,NOTREADY,4.964,0.034,173,7818,FULL,2024-02-08 12:27:06.757648,0.0,0,0,0.0,0.0,2024-02-08 12:27:07.746092,1975.8493423461914
2024-02-08 12:27:08.756750,9885.10,10.1,44.0,42.4,5.03,NOTREADY,4.967,0.031,172,7743,FULL,2024-02-08 12:27:07.760726,0.0,0,0,0.0,0.0,2024-02-08 12:27:08.748923,1974.4277954101562
2024-02-08 12:27:09.748594,9855.74,10.1,44.0,42.4,4.99,NOTREADY,4.968,0.029,173,7720,FULL,2024-02-08 12:27:08.764974,0.0,0,0,0.0,0.0,2024-02-08 12:27:09.751713,1972.374153137207
2024-02-08 12:27:10.741588,9712.75,10.1,44.0,42.5,5.02,NOTREADY,4.968,0.032,172,7608,FULL,2024-02-08 12:27:09.757449,0.0,0,0,0.0,0.0,2024-02-08 12:27:10.753844,1976.6077041625977
2024-02-08 12:27:11.749500,10209.37,10.1,44.0,42.5,4.99,NOTREADY,4.965,0.035,173,7997,FULL,2024-02-08 12:27:10.763520,0.0,0,0,0.0,0.0,2024-02-08 12:27:11.740771,1974.5698928833008
2024-02-08 12:27:12.757657,10025.53,10.1,44.0,42.5,5.03,NOTREADY,4.962,0.032,172,7853,FULL,2024-02-08 12:27:11.758173,0.0,0,0,0.0,0.0,2024-02-08 12:27:12.742863,1969.3729400634766
2024-02-08 12:27:13.749766,10190.22,10.1,44.0,42.5,4.99,NOTREADY,4.960,0.032,173,7982,FULL,2024-02-08 12:27:12.756624,0.0,0,0,0.0,0.0,2024-02-08 12:27:13.745030,1974.2855072021484
2024-02-08 12:27:14.758055,10240.01,10.1,44.0,42.5,4.99,NOTREADY,4.982,0.031,172,8021,FULL,2024-02-08 12:27:13.766652,0.0,0,0,0.0,0.0,2024-02-08 12:27:14.747880,1974.5698928833008
2024-02-08 12:27:15.750088,10251.50,10.1,44.0,42.5,5.03,NOTREADY,4.975,0.032,173,8030,FULL,2024-02-08 12:27:14.766732,0.0,0,0,0.0,0.0,2024-02-08 12:27:15.750599,1971.347427368164
2024-02-08 12:27:16.758407,10321.72,10.1,44.0,42.5,5.01,NOTREADY,4.963,0.032,172,8085,FULL,2024-02-08 12:27:15.758605,0.0,0,0,0.0,0.0,2024-02-08 12:27:16.752848,1972.2478866577148
2024-02-08 12:27:17.750682,10262.99,10.1,44.0,42.5,5.00,NOTREADY,4.960,0.033,171,8039,FULL,2024-02-08 12:27:16.768103,0.0,0,0,0.0,0.0,2024-02-08 12:27:17.738904,1972.7849960327148
2024-02-08 12:27:18.759002,10097.03,10.1,44.0,42.5,4.96,NOTREADY,4.961,0.031,172,7909,FULL,2024-02-08 12:27:17.761247,0.0,0,0,0.0,0.0,2024-02-08 12:27:18.741073,1971.0947036743164
2024-02-08 12:27:19.751679,9969.36,10.1,44.0,42.6,5.00,NOTREADY,4.963,0.031,172,7809,FULL,2024-02-08 12:27:18.760552,0.0,0,0,0.0,0.0,2024-02-08 12:27:19.743329,1964.0811920166016
2024-02-08 12:27:20.759463,10021.70,10.1,44.0,42.6,4.99,NOTREADY,4.963,0.032,173,7850,FULL,2024-02-08 12:27:19.764930,0.0,0,0,0.0,0.0,2024-02-08 12:27:20.745450,1972.4058151245117
2024-02-08 12:27:21.751548,9919.57,10.1,44.0,42.6,5.02,NOTREADY,4.959,0.032,172,7770,FULL,2024-02-08 12:27:20.765713,0.0,0,0,0.0,0.0,2024-02-08 12:27:21.747533,1973.5589981079102
2024-02-08 12:27:22.744292,9827.65,10.1,44.0,42.6,4.99,NOTREADY,4.953,0.030,172,7698,FULL,2024-02-08 12:27:21.762813,0.0,0,0,0.0,0.0,2024-02-08 12:27:22.749809,1967.0509338378906
2024-02-08 12:27:23.752260,9745.95,10.1,44.0,42.6,5.03,NOTREADY,4.957,0.031,173,7634,FULL,2024-02-08 12:27:22.758351,0.0,0,0,0.0,0.0,2024-02-08 12:27:23.751508,1974.0486145019531
2024-02-08 12:27:24.744266,10030.64,10.1,44.0,42.6,4.99,NOTREADY,4.964,0.031,172,7857,FULL,2024-02-08 12:27:23.758502,0.0,0,0,0.0,0.0,2024-02-08 12:27:24.753283,1971.9951629638672
2024-02-08 12:27:25.752892,9945.10,10.1,44.0,42.6,5.00,NOTREADY,4.969,0.032,173,7790,FULL,2024-02-08 12:27:24.754288,0.0,0,0,0.0,0.0,2024-02-08 12:27:25.739255,1968.045997619629
2024-02-08 12:27:26.745153,10065.11,10.0,44.0,42.7,5.03,NOTREADY,4.968,0.031,172,7884,FULL,2024-02-08 12:27:25.756450,0.0,0,0,0.0,0.0,2024-02-08 12:27:26.741498,1972.042465209961
2024-02-08 12:27:27.753159,9957.87,10.0,44.0,42.7,4.99,NOTREADY,4.971,0.033,173,7800,FULL,2024-02-08 12:27:26.763654,0.0,0,0,0.0,0.0,2024-02-08 12:27:27.744102,1972.2162246704102
2024-02-08 12:27:28.745285,9983.40,10.0,44.0,42.7,5.02,NOTREADY,4.975,0.031,172,7820,FULL,2024-02-08 12:27:27.764201,0.0,0,0,0.0,0.0,2024-02-08 12:27:28.745841,1970.6682205200195
2024-02-08 12:27:29.753701,9848.08,10.0,44.0,42.7,5.00,NOTREADY,4.975,0.032,172,7714,FULL,2024-02-08 12:27:28.759570,0.0,0,0,0.0,0.0,2024-02-08 12:27:29.748483,1972.3899841308594
2024-02-08 12:27:30.746027,9685.94,10.0,44.0,42.7,4.99,NOTREADY,4.967,0.032,173,7587,FULL,2024-02-08 12:27:29.758864,0.0,0,0,0.0,0.0,2024-02-08 12:27:30.751251,1973.6379623413086
2024-02-08 12:27:31.754122,9950.21,10.0,44.0,42.7,4.99,NOTREADY,4.960,0.033,172,7794,FULL,2024-02-08 12:27:30.762508,0.0,0,0,0.0,0.0,2024-02-08 12:27:31.754122,1971.0630416870117
2024-02-08 12:27:32.746641,9839.14,10.0,44.0,42.7,5.01,NOTREADY,4.950,0.033,173,7707,FULL,2024-02-08 12:27:31.764365,0.0,0,0,0.0,0.0,2024-02-08 12:27:32.739924,1965.8029556274414
2024-02-08 12:27:33.754551,10020.43,10.0,44.0,42.7,4.99,NOTREADY,4.947,0.033,172,7849,FULL,2024-02-08 12:27:32.768139,0.0,0,0,0.0,0.0,2024-02-08 12:27:33.742498,1970.857810974121
2024-02-08 12:27:34.762933,9747.22,10.0,44.0,42.7,4.99,NOTREADY,4.945,0.032,173,7635,FULL,2024-02-08 12:27:33.758205,0.0,0,0,0.0,0.0,2024-02-08 12:27:34.744831,1971.3159561157227
2024-02-08 12:27:35.755255,9996.17,10.0,44.0,42.7,5.02,NOTREADY,4.946,0.033,172,7830,FULL,2024-02-08 12:27:34.758924,0.0,0,0,0.0,0.0,2024-02-08 12:27:35.747204,1967.5878524780273
2024-02-08 12:27:36.747132,10024.26,10.0,44.0,42.8,5.00,NOTREADY,4.948,0.033,172,7852,FULL,2024-02-08 12:27:35.761002,0.0,0,0,0.0,0.0,2024-02-08 12:27:36.749283,1971.5370178222656
2024-02-08 12:27:37.755932,9818.72,10.0,44.0,42.8,4.99,NOTREADY,4.950,0.033,173,7691,FULL,2024-02-08 12:27:36.755409,0.0,0,0,0.0,0.0,2024-02-08 12:27:37.751327,1971.0474014282227
2024-02-08 12:27:38.747874,9771.48,10.0,44.1,42.8,5.02,NOTREADY,4.950,0.034,172,7654,FULL,2024-02-08 12:27:37.763683,0.0,0,0,0.0,0.0,2024-02-08 12:27:38.753932,1967.556381225586
2024-02-08 12:27:39.755950,9597.86,10.0,44.1,42.8,5.03,NOTREADY,4.953,0.032,173,7518,FULL,2024-02-08 12:27:38.765208,0.0,0,0,0.0,0.0,2024-02-08 12:27:39.740331,1961.1431121826172
2024-02-08 12:27:40.748113,9693.60,10.0,44.1,42.8,4.99,NOTREADY,4.952,0.032,172,7593,FULL,2024-02-08 12:27:39.764205,0.0,0,0,0.0,0.0,2024-02-08 12:27:40.742965,1969.1991806030273
2024-02-08 12:27:41.756433,9899.14,10.0,44.1,42.8,5.03,NOTREADY,4.955,0.034,173,7754,FULL,2024-02-08 12:27:40.763867,0.0,0,0,0.0,0.0,2024-02-08 12:27:41.745304,1969.246482849121
2024-02-08 12:27:42.764759,9793.18,10.0,44.1,42.8,5.00,NOTREADY,4.956,0.033,172,7671,FULL,2024-02-08 12:27:41.766635,0.0,0,0,0.0,0.0,2024-02-08 12:27:42.747815,1967.4932479858398
2024-02-08 12:27:43.756921,9365.50,10.0,44.1,42.8,4.99,NOTREADY,4.957,0.030,173,7336,FULL,2024-02-08 12:27:42.765948,0.0,0,0,0.0,0.0,2024-02-08 12:27:43.750387,1971.773910522461
2024-02-08 12:27:44.749441,9648.92,10.0,44.1,42.9,5.03,NOTREADY,4.958,0.031,172,7558,FULL,2024-02-08 12:27:43.762135,0.0,0,0,0.0,0.0,2024-02-08 12:27:44.753132,1969.3412780761719
2024-02-08 12:27:45.757635,9624.66,10.0,44.1,42.9,5.00,NOTREADY,4.956,0.032,172,7539,FULL,2024-02-08 12:27:44.764834,0.0,0,0,0.0,0.0,2024-02-08 12:27:45.739189,1966.8455123901367
2024-02-08 12:27:46.749755,9444.66,10.0,44.1,42.9,4.99,NOTREADY,4.957,0.034,173,7398,FULL,2024-02-08 12:27:45.761374,0.0,0,0,0.0,0.0,2024-02-08 12:27:46.742000,1960.6691360473633
2024-02-08 12:27:47.742407,9731.90,10.0,44.1,42.9,5.02,NOTREADY,4.955,0.032,172,7623,FULL,2024-02-08 12:27:46.769280,0.0,0,0,0.0,0.0,2024-02-08 12:27:47.744636,1968.314552307129
2024-02-08 12:27:48.750610,9548.07,10.0,44.1,42.9,5.02,NOTREADY,4.950,0.031,173,7479,FULL,2024-02-08 12:27:47.756838,0.0,0,0,0.0,0.0,2024-02-08 12:27:48.747360,1966.8771743774414
2024-02-08 12:27:49.758576,9591.47,10.0,44.1,42.9,4.99,NOTREADY,4.949,0.032,172,7513,FULL,2024-02-08 12:27:48.763361,0.0,0,0,0.0,0.0,2024-02-08 12:27:49.749455,1962.0275497436523
2024-02-08 12:27:50.750938,9685.94,10.0,44.1,42.9,5.02,NOTREADY,4.951,0.031,173,7587,FULL,2024-02-08 12:27:49.755543,0.0,0,0,0.0,0.0,2024-02-08 12:27:50.751966,1967.667007446289
2024-02-08 12:27:51.759177,9809.78,10.0,44.1,42.9,5.02,NOTREADY,4.952,0.031,172,7684,FULL,2024-02-08 12:27:50.763178,0.0,0,0,0.0,0.0,2024-02-08 12:27:51.754424,1966.3715362548828
2024-02-08 12:27:52.751445,9624.66,10.0,44.1,42.9,5.00,NOTREADY,4.953,0.031,172,7539,FULL,2024-02-08 12:27:51.766422,0.0,0,0,0.0,0.0,2024-02-08 12:27:52.741308,1964.3497467041016
2024-02-08 12:27:53.743439,9511.04,10.0,44.1,42.9,4.99,NOTREADY,4.951,0.032,173,7450,FULL,2024-02-08 12:27:52.759640,0.0,0,0,0.0,0.0,2024-02-08 12:27:53.743439,1940.1496887207031
2024-02-08 12:27:54.752009,9263.37,10.0,44.1,43.0,5.02,NOTREADY,4.952,0.030,172,7256,FULL,2024-02-08 12:27:53.766922,0.0,0,0,0.0,0.0,2024-02-08 12:27:54.745778,1945.6626892089844
2024-02-08 12:27:55.760166,9256.99,10.0,44.1,43.0,4.99,NOTREADY,4.950,0.030,173,7251,FULL,2024-02-08 12:27:54.756663,0.0,0,0,0.0,0.0,2024-02-08 12:27:55.747950,1941.0028457641602
2024-02-08 12:27:56.752453,9398.70,10.0,44.1,43.0,5.02,NOTREADY,4.949,0.029,172,7362,FULL,2024-02-08 12:27:55.766853,0.0,0,0,0.0,0.0,2024-02-08 12:27:56.750372,1924.906349182129
2024-02-08 12:27:57.744673,9199.54,10.0,44.1,43.0,5.03,NOTREADY,4.948,0.030,173,7206,FULL,2024-02-08 12:27:56.759166,0.0,0,0,0.0,0.0,2024-02-08 12:27:57.752713,1975.8651733398438
2024-02-08 12:27:58.752738,9717.86,10.0,44.1,43.0,4.99,NOTREADY,4.945,0.031,172,7612,FULL,2024-02-08 12:27:57.768411,0.0,0,0,0.0,0.0,2024-02-08 12:27:58.738688,1975.4228591918945
2024-02-08 12:27:59.761321,9803.40,10.0,44.1,43.0,5.02,NOTREADY,4.948,0.031,173,7679,FULL,2024-02-08 12:27:58.753916,0.0,0,0,0.0,0.0,2024-02-08 12:27:59.740437,1965.5344009399414
2024-02-08 12:28:00.738618,9558.28,10.0,44.1,43.0,5.02,NOTREADY,4.951,0.033,172,7487,FULL,2024-02-08 12:27:59.769324,0.0,0,0,0.0,0.0,2024-02-08 12:28:00.742368,1965.723991394043
2024-02-08 12:28:01.745841,9604.24,10.0,44.1,43.0,5.00,NOTREADY,4.958,0.032,172,7523,FULL,2024-02-08 12:28:00.757109,0.0,0,0,0.0,0.0,2024-02-08 12:28:01.748112,1968.2828903198242
2024-02-08 12:28:02.753896,9311.89,10.0,44.1,43.0,4.99,NOTREADY,4.957,0.031,173,7294,FULL,2024-02-08 12:28:01.758323,0.0,0,0,0.0,0.0,2024-02-08 12:28:02.750145,1965.5975341796875
2024-02-08 12:28:03.747245,9126.77,10.0,44.1,43.1,5.03,NOTREADY,4.961,0.030,172,7149,FULL,2024-02-08 12:28:02.760624,0.0,0,0,0.0,0.0,2024-02-08 12:28:03.751801,1946.1523056030273
2024-02-08 12:28:04.754324,9009.32,10.1,44.1,43.1,4.99,NOTREADY,4.961,0.032,173,7057,FULL,2024-02-08 12:28:03.767470,0.0,0,0,0.0,0.0,2024-02-08 12:28:04.754324,1954.0504455566406
2024-02-08 12:28:05.746570,9142.09,10.1,44.1,43.1,4.99,NOTREADY,4.962,0.029,172,7161,FULL,2024-02-08 12:28:04.754324,0.0,0,0,0.0,0.0,2024-02-08 12:28:05.740745,1942.2191619873047
2024-02-08 12:28:06.754538,9177.84,10.1,44.1,43.1,5.02,NOTREADY,4.950,0.031,173,7189,FULL,2024-02-08 12:28:05.760916,0.0,0,0,0.0,0.0,2024-02-08 12:28:06.743347,1972.358512878418
2024-02-08 12:28:07.746726,9281.25,10.0,44.1,43.1,4.99,NOTREADY,4.946,0.032,172,7270,FULL,2024-02-08 12:28:06.769193,0.0,0,0,0.0,0.0,2024-02-08 12:28:07.745212,1979.5299530029297
2024-02-08 12:28:08.755286,9453.59,10.1,44.1,43.1,5.01,NOTREADY,4.943,0.032,173,7405,FULL,2024-02-08 12:28:07.759966,0.0,0,0,0.0,0.0,2024-02-08 12:28:08.747453,1981.3148498535156
2024-02-08 12:28:09.747716,9651.47,10.1,44.1,43.1,5.03,NOTREADY,4.941,0.031,172,7560,FULL,2024-02-08 12:28:08.763627,0.0,0,0,0.0,0.0,2024-02-08 12:28:09.749982,1980.1301956176758
2024-02-08 12:28:10.755255,9408.91,10.1,44.1,43.1,5.00,NOTREADY,4.944,0.032,172,7370,FULL,2024-02-08 12:28:09.761745,0.0,0,0,0.0,0.0,2024-02-08 12:28:10.751673,1981.330680847168
2024-02-08 12:28:11.747859,9497.00,10.1,44.1,43.1,4.99,NOTREADY,4.942,0.031,173,7439,FULL,2024-02-08 12:28:10.754245,0.0,0,0,0.0,0.0,2024-02-08 12:28:11.753521,1981.8994522094727
2024-02-08 12:28:12.755969,9583.81,10.1,44.1,43.2,5.03,NOTREADY,4.946,0.034,172,7507,FULL,2024-02-08 12:28:11.759697,0.0,0,0,0.0,0.0,2024-02-08 12:28:12.740143,1982.0098876953125
2024-02-08 12:28:13.748614,9581.26,10.1,44.1,43.2,5.00,NOTREADY,4.950,0.032,172,7505,FULL,2024-02-08 12:28:12.763408,0.0,0,0,0.0,0.0,2024-02-08 12:28:13.742848,1977.1289825439453
2024-02-08 12:28:14.740533,9498.28,10.1,44.1,43.2,5.02,NOTREADY,4.952,0.031,173,7440,FULL,2024-02-08 12:28:13.756315,0.0,0,0,0.0,0.0,2024-02-08 12:28:14.745739,1984.774398803711
2024-02-08 12:28:15.748765,9588.92,10.1,44.1,43.2,5.00,NOTREADY,4.955,0.034,172,7511,FULL,2024-02-08 12:28:14.761336,0.0,0,0,0.0,0.0,2024-02-08 12:28:15.748239,1984.9481582641602
2024-02-08 12:28:16.756747,9609.35,10.1,44.1,43.2,4.99,NOTREADY,4.952,0.032,172,7527,FULL,2024-02-08 12:28:15.763424,0.0,0,0,0.0,0.0,2024-02-08 12:28:16.750481,1981.7413330078125
2024-02-08 12:28:17.749523,9350.19,10.1,44.1,43.2,5.00,NOTREADY,4.947,0.034,173,7324,FULL,2024-02-08 12:28:16.755741,0.0,0,0,0.0,0.0,2024-02-08 12:28:17.752532,1984.6479415893555
2024-02-08 12:28:18.757262,9397.42,10.1,44.1,43.2,5.02,NOTREADY,4.948,0.030,172,7361,FULL,2024-02-08 12:28:17.768681,0.0,0,0,0.0,0.0,2024-02-08 12:28:18.739284,1983.763313293457
2024-02-08 12:28:19.749873,9147.20,10.1,44.1,43.2,5.00,NOTREADY,4.945,0.030,172,7165,FULL,2024-02-08 12:28:18.766777,0.0,0,0,0.0,0.0,2024-02-08 12:28:19.742330,1983.9529037475586
2024-02-08 12:28:20.758063,9729.35,10.1,44.1,43.2,5.00,NOTREADY,4.947,0.034,172,7621,FULL,2024-02-08 12:28:19.761642,0.0,0,0,0.0,0.0,2024-02-08 12:28:20.744897,1979.7353744506836
2024-02-08 12:28:21.749995,9721.69,10.1,44.1,43.2,4.99,NOTREADY,4.947,0.033,173,7615,FULL,2024-02-08 12:28:20.763230,0.0,0,0,0.0,0.0,2024-02-08 12:28:21.747443,1985.927391052246
2024-02-08 12:28:22.742473,9615.73,10.1,44.1,43.3,4.99,NOTREADY,4.948,0.033,172,7532,FULL,2024-02-08 12:28:21.763213,0.0,0,0,0.0,0.0,2024-02-08 12:28:22.749589,1985.2798461914062
2024-02-08 12:28:23.750776,9567.22,10.1,44.0,43.3,5.03,NOTREADY,4.951,0.031,173,7494,FULL,2024-02-08 12:28:22.761359,0.0,0,0,0.0,0.0,2024-02-08 12:28:23.751804,1980.3356170654297
2024-02-08 12:28:24.758813,9638.71,10.1,44.0,43.3,5.00,NOTREADY,4.951,0.031,172,7550,FULL,2024-02-08 12:28:23.767317,0.0,0,0,0.0,0.0,2024-02-08 12:28:24.754299,1984.4110488891602
2024-02-08 12:28:25.751157,9380.82,10.1,44.0,43.3,4.99,NOTREADY,4.951,0.032,172,7348,FULL,2024-02-08 12:28:24.754299,0.0,0,0,0.0,0.0,2024-02-08 12:28:25.741048,1984.9796295166016
2024-02-08 12:28:26.759322,9631.05,10.1,44.0,43.3,4.99,NOTREADY,4.952,0.033,173,7544,FULL,2024-02-08 12:28:25.758904,0.0,0,0,0.0,0.0,2024-02-08 12:28:26.743996,1985.4061126708984
2024-02-08 12:28:27.751311,9429.34,10.1,44.0,43.3,5.02,NOTREADY,4.952,0.031,172,7386,FULL,2024-02-08 12:28:26.755269,0.0,0,0,0.0,0.0,2024-02-08 12:28:27.746796,1979.5772552490234
2024-02-08 12:28:28.743911,9719.14,10.1,44.0,43.3,4.99,NOTREADY,4.950,0.034,173,7613,FULL,2024-02-08 12:28:27.762027,0.0,0,0,0.0,0.0,2024-02-08 12:28:28.748952,1986.2276077270508
2024-02-08 12:28:29.751967,9733.18,10.1,44.0,43.3,5.03,NOTREADY,4.948,0.031,172,7624,FULL,2024-02-08 12:28:28.754116,0.0,0,0,0.0,0.0,2024-02-08 12:28:29.751414,1984.5848083496094
2024-02-08 12:28:30.744519,9516.15,10.1,44.0,43.3,4.99,NOTREADY,4.945,0.033,173,7454,FULL,2024-02-08 12:28:29.759662,0.0,0,0,0.0,0.0,2024-02-08 12:28:30.754156,1980.9516906738281
2024-02-08 12:28:31.752984,9426.78,10.1,44.0,43.3,4.99,NOTREADY,4.942,0.033,172,7384,FULL,2024-02-08 12:28:30.760266,0.0,0,0,0.0,0.0,2024-02-08 12:28:31.740676,1979.6562194824219
2024-02-08 12:28:32.760908,9385.93,10.1,44.0,43.3,5.03,NOTREADY,4.938,0.032,173,7352,FULL,2024-02-08 12:28:31.759753,0.0,0,0,0.0,0.0,2024-02-08 12:28:32.742559,1985.8169555664062
2024-02-08 12:28:33.753109,9237.84,10.1,44.0,43.4,5.00,NOTREADY,4.934,0.032,172,7236,FULL,2024-02-08 12:28:32.762022,0.0,0,0,0.0,0.0,2024-02-08 12:28:33.744879,1985.1219177246094
2024-02-08 12:28:34.761076,8912.29,10.1,44.0,43.4,5.00,NOTREADY,4.933,0.030,172,6981,FULL,2024-02-08 12:28:33.768787,0.0,0,0,0.0,0.0,2024-02-08 12:28:34.747435,1978.4557342529297
2024-02-08 12:28:35.753500,8828.04,10.1,44.0,43.4,4.99,NOTREADY,4.935,0.033,173,6915,FULL,2024-02-08 12:28:34.762687,0.0,0,0,0.0,0.0,2024-02-08 12:28:35.749839,1985.7063293457031
2024-02-08 12:28:36.745731,8838.25,10.1,44.0,43.4,5.03,NOTREADY,4.935,0.030,172,6923,FULL,2024-02-08 12:28:35.765554,0.0,0,0,0.0,0.0,2024-02-08 12:28:36.752491,1980.7621002197266
2024-02-08 12:28:37.753788,8822.93,10.1,44.0,43.4,4.99,NOTREADY,4.938,0.030,173,6911,FULL,2024-02-08 12:28:36.766504,0.0,0,0,0.0,0.0,2024-02-08 12:28:37.739130,1969.783592224121
2024-02-08 12:28:38.746247,8595.68,10.1,44.0,43.4,5.02,NOTREADY,4.938,0.029,172,6733,FULL,2024-02-08 12:28:37.759935,0.0,0,0,0.0,0.0,2024-02-08 12:28:38.741578,1972.2478866577148
2024-02-08 12:28:39.754584,8932.72,10.1,44.0,43.4,4.99,NOTREADY,4.939,0.029,173,6997,FULL,2024-02-08 12:28:38.767587,0.0,0,0,0.0,0.0,2024-02-08 12:28:39.743834,1975.501823425293
2024-02-08 12:28:40.746712,8956.98,10.1,44.0,43.4,4.99,NOTREADY,4.944,0.029,172,7016,FULL,2024-02-08 12:28:39.758320,0.0,0,0,0.0,0.0,2024-02-08 12:28:40.746712,1974.9805450439453
2024-02-08 12:28:41.754635,8977.40,10.0,44.0,43.4,5.01,NOTREADY,4.944,0.030,173,7032,FULL,2024-02-08 12:28:40.764647,0.0,0,0,0.0,0.0,2024-02-08 12:28:41.749447,1968.977928161621
2024-02-08 12:28:42.746851,8914.85,10.0,44.0,43.4,5.00,NOTREADY,4.943,0.031,172,6983,FULL,2024-02-08 12:28:41.754635,0.0,0,0,0.0,0.0,2024-02-08 12:28:42.752067,1978.139877319336
2024-02-08 12:28:43.739401,9046.34,10.0,44.0,43.5,4.99,NOTREADY,4.944,0.031,172,7086,FULL,2024-02-08 12:28:42.755740,0.0,0,0,0.0,0.0,2024-02-08 12:28:43.755173,1977.7923583984375
2024-02-08 12:28:44.763736,8752.71,10.0,44.0,43.5,4.99,NOTREADY,4.944,0.030,173,6856,FULL,2024-02-08 12:28:43.764733,0.0,0,0,0.0,0.0,2024-02-08 12:28:44.742166,1962.6911163330078
2024-02-08 12:28:45.755818,9124.22,10.0,44.0,43.5,5.02,NOTREADY,4.942,0.032,172,7147,FULL,2024-02-08 12:28:44.768277,0.0,0,0,0.0,0.0,2024-02-08 12:28:45.744180,1976.3233184814453
2024-02-08 12:28:46.747959,8969.74,10.0,44.0,43.5,4.99,NOTREADY,4.945,0.030,173,7026,FULL,2024-02-08 12:28:45.762481,0.0,0,0,0.0,0.0,2024-02-08 12:28:46.746898,1978.4557342529297
2024-02-08 12:28:47.756135,9085.92,10.0,44.0,43.5,5.03,NOTREADY,4.943,0.030,172,7117,FULL,2024-02-08 12:28:46.761238,0.0,0,0,0.0,0.0,2024-02-08 12:28:47.748853,1977.871322631836
2024-02-08 12:28:48.748366,9177.84,10.0,44.0,43.5,5.02,NOTREADY,4.945,0.031,173,7189,FULL,2024-02-08 12:28:47.759150,0.0,0,0,0.0,0.0,2024-02-08 12:28:48.751409,1961.1745834350586
2024-02-08 12:28:49.756856,9105.07,10.0,44.0,43.5,4.99,NOTREADY,4.947,0.031,172,7132,FULL,2024-02-08 12:28:48.759091,0.0,0,0,0.0,0.0,2024-02-08 12:28:49.753648,1969.720458984375
2024-02-08 12:28:50.749073,9313.16,10.0,44.0,43.5,5.03,NOTREADY,4.946,0.031,173,7295,FULL,2024-02-08 12:28:49.761536,0.0,0,0,0.0,0.0,2024-02-08 12:28:50.739979,1971.9951629638672
2024-02-08 12:28:51.757255,9489.34,10.0,44.0,43.5,5.01,NOTREADY,4.942,0.032,172,7433,FULL,2024-02-08 12:28:50.763093,0.0,0,0,0.0,0.0,2024-02-08 12:28:51.742603,1970.1786041259766
2024-02-08 12:28:52.749319,9165.07,10.0,44.0,43.6,4.99,NOTREADY,4.939,0.032,173,7179,FULL,2024-02-08 12:28:51.763317,0.0,0,0,0.0,0.0,2024-02-08 12:28:52.745272,1971.3001251220703
2024-02-08 12:28:53.741691,9373.16,10.0,44.0,43.6,5.02,NOTREADY,4.934,0.031,172,7342,FULL,2024-02-08 12:28:52.755044,0.0,0,0,0.0,0.0,2024-02-08 12:28:53.747757,1972.848129272461
2024-02-08 12:28:54.750103,9251.88,10.0,44.0,43.6,5.00,NOTREADY,4.929,0.031,172,7247,FULL,2024-02-08 12:28:53.764001,0.0,0,0,0.0,0.0,2024-02-08 12:28:54.750103,1971.5686798095703
2024-02-08 12:28:55.742132,9329.76,10.0,44.0,43.6,4.99,NOTREADY,4.924,0.033,173,7308,FULL,2024-02-08 12:28:54.754112,0.0,0,0,0.0,0.0,2024-02-08 12:28:55.752642,1965.7398223876953
2024-02-08 12:28:56.750666,9227.63,10.0,44.0,43.6,5.02,NOTREADY,4.917,0.033,172,7228,FULL,2024-02-08 12:28:55.757930,0.0,0,0,0.0,0.0,2024-02-08 12:28:56.738917,1975.4703521728516
2024-02-08 12:28:57.742348,9105.07,10.0,44.0,43.6,5.03,NOTREADY,4.915,0.032,173,7132,FULL,2024-02-08 12:28:56.765676,0.0,0,0,0.0,0.0,2024-02-08 12:28:57.741839,1975.5334854125977
2024-02-08 12:28:58.750955,8880.38,10.0,44.0,43.6,4.99,NOTREADY,4.919,0.031,172,6956,FULL,2024-02-08 12:28:57.765207,0.0,0,0,0.0,0.0,2024-02-08 12:28:58.744260,1987.6649856567383
2024-02-08 12:28:59.759178,8843.36,10.0,44.0,43.6,5.01,NOTREADY,4.926,0.031,173,6927,FULL,2024-02-08 12:28:58.765575,0.0,0,0,0.0,0.0,2024-02-08 12:28:59.746387,1990.1924133300781
2024-02-08 12:29:00.751018,9045.07,10.0,44.0,43.6,5.02,NOTREADY,4.934,0.030,172,7085,FULL,2024-02-08 12:28:59.766875,0.0,0,0,0.0,0.0,2024-02-08 12:29:00.748487,1979.6562194824219
2024-02-08 12:29:01.760070,8775.69,10.0,44.0,43.6,4.99,NOTREADY,4.940,0.032,173,6874,FULL,2024-02-08 12:29:00.766255,0.0,0,0,0.0,0.0,2024-02-08 12:29:01.754314,1990.7453536987305
2024-02-08 12:29:02.768092,8831.87,10.0,44.0,43.7,5.02,NOTREADY,4.948,0.031,172,6918,FULL,2024-02-08 12:29:01.768940,0.0,0,0,0.0,0.0,2024-02-08 12:29:02.740602,1989.0392303466797
2024-02-08 12:29:03.745126,8935.27,10.0,44.0,43.7,4.99,NOTREADY,4.949,0.031,173,6999,FULL,2024-02-08 12:29:02.768603,0.0,0,0,0.0,0.0,2024-02-08 12:29:03.743122,1990.2555465698242
2024-02-08 12:29:04.752421,9062.94,10.0,44.0,43.7,5.03,NOTREADY,4.949,0.032,172,7099,FULL,2024-02-08 12:29:03.763672,0.0,0,0,0.0,0.0,2024-02-08 12:29:04.745352,1991.5193557739258
2024-02-08 12:29:05.760805,9028.47,10.0,44.0,43.7,5.01,NOTREADY,4.943,0.032,173,7072,FULL,2024-02-08 12:29:04.766135,0.0,0,0,0.0,0.0,2024-02-08 12:29:05.747565,1989.9555206298828
2024-02-08 12:29:06.752599,8907.19,10.0,44.0,43.7,4.99,NOTREADY,4.933,0.030,172,6977,FULL,2024-02-08 12:29:05.764810,0.0,0,0,0.0,0.0,2024-02-08 12:29:06.750021,1985.7063293457031
2024-02-08 12:29:07.761349,9096.13,10.0,44.0,43.7,5.02,NOTREADY,4.932,0.031,173,7125,FULL,2024-02-08 12:29:06.763105,0.0,0,0,0.0,0.0,2024-02-08 12:29:07.752095,1992.6250457763672
2024-02-08 12:29:08.753474,9060.39,10.0,44.0,43.7,4.99,NOTREADY,4.928,0.031,172,7097,FULL,2024-02-08 12:29:07.759838,0.0,0,0,0.0,0.0,2024-02-08 12:29:08.754571,1992.1985626220703
2024-02-08 12:29:09.761474,9083.37,10.0,44.0,43.7,4.99,NOTREADY,4.926,0.031,173,7115,FULL,2024-02-08 12:29:08.769249,0.0,0,0,0.0,0.0,2024-02-08 12:29:09.740878,1988.565444946289
2024-02-08 12:29:10.754045,8974.85,10.0,44.0,43.7,5.02,NOTREADY,4.921,0.032,172,7030,FULL,2024-02-08 12:29:09.760919,0.0,0,0,0.0,0.0,2024-02-08 12:29:10.743186,1992.7040100097656
2024-02-08 12:29:11.761831,9092.30,10.0,44.0,43.7,5.00,NOTREADY,4.920,0.031,172,7122,FULL,2024-02-08 12:29:10.766844,0.0,0,0,0.0,0.0,2024-02-08 12:29:11.744857,1992.5460815429688
2024-02-08 12:29:12.754312,9394.87,10.0,44.0,43.7,4.99,NOTREADY,4.924,0.033,173,7359,FULL,2024-02-08 12:29:11.765838,0.0,0,0,0.0,0.0,2024-02-08 12:29:12.747057,1988.0441665649414
2024-02-08 12:29:13.762194,9938.72,10.0,44.1,43.8,5.02,NOTREADY,4.928,0.034,172,7785,FULL,2024-02-08 12:29:12.768544,0.0,0,0,0.0,0.0,2024-02-08 12:29:13.748862,1993.8730239868164
2024-02-08 12:29:14.754888,9567.22,10.0,44.1,43.8,5.02,NOTREADY,4.933,0.034,173,7494,FULL,2024-02-08 12:29:13.759683,0.0,0,0,0.0,0.0,2024-02-08 12:29:14.751198,1994.3784713745117
2024-02-08 12:29:15.746850,9744.67,10.0,44.1,43.8,4.99,NOTREADY,4.950,0.035,172,7633,FULL,2024-02-08 12:29:14.757034,0.0,0,0,0.0,0.0,2024-02-08 12:29:15.754143,1992.4671173095703
2024-02-08 12:29:16.755258,9689.77,10.0,44.1,43.8,5.02,NOTREADY,4.948,0.031,173,7590,FULL,2024-02-08 12:29:15.762708,0.0,0,0,0.0,0.0,2024-02-08 12:29:16.740950,1986.9068145751953
2024-02-08 12:29:17.763415,9696.16,10.1,44.1,43.8,5.01,NOTREADY,4.945,0.033,172,7595,FULL,2024-02-08 12:29:16.763317,0.0,0,0,0.0,0.0,2024-02-08 12:29:17.743613,1994.125747680664
2024-02-08 12:29:18.755806,9490.62,10.1,44.1,43.8,4.99,NOTREADY,4.937,0.035,173,7434,FULL,2024-02-08 12:29:17.754407,0.0,0,0,0.0,0.0,2024-02-08 12:29:18.745567,1993.4465408325195
2024-02-08 12:29:19.748063,9546.79,10.1,44.1,43.8,5.02,NOTREADY,4.927,0.033,172,7478,FULL,2024-02-08 12:29:18.764467,0.0,0,0,0.0,0.0,2024-02-08 12:29:19.748063,1988.8971328735352
2024-02-08 12:29:20.756307,9351.46,10.1,44.0,43.8,4.99,NOTREADY,4.921,0.033,173,7325,FULL,2024-02-08 12:29:19.762074,0.0,0,0,0.0,0.0,2024-02-08 12:29:20.751056,1996.2739944458008
2024-02-08 12:29:21.763992,9034.85,10.1,44.0,43.8,5.02,NOTREADY,4.915,0.032,172,7077,FULL,2024-02-08 12:29:20.758006,0.0,0,0,0.0,0.0,2024-02-08 12:29:21.753467,1995.8316802978516
2024-02-08 12:29:22.741788,9347.63,10.1,44.0,43.8,4.99,NOTREADY,4.919,0.034,173,7322,FULL,2024-02-08 12:29:21.757990,0.0,0,0,0.0,0.0,2024-02-08 12:29:22.740125,1994.346809387207
2024-02-08 12:29:23.748463,9281.25,10.1,44.0,43.9,4.99,NOTREADY,4.926,0.029,172,7270,FULL,2024-02-08 12:29:22.768827,0.0,0,0,0.0,0.0,2024-02-08 12:29:23.742433,1987.3649597167969
2024-02-08 12:29:24.757467,9739.56,10.1,44.0,43.9,5.02,NOTREADY,4.942,0.034,173,7629,FULL,2024-02-08 12:29:23.758724,0.0,0,0,0.0,0.0,2024-02-08 12:29:24.744278,1995.1366424560547
2024-02-08 12:29:25.749320,9452.32,10.1,44.0,43.9,4.99,NOTREADY,4.951,0.030,172,7404,FULL,2024-02-08 12:29:24.768175,0.0,0,0,0.0,0.0,2024-02-08 12:29:25.746636,1991.6614532470703
2024-02-08 12:29:26.757866,9865.95,10.1,44.0,43.9,4.99,NOTREADY,4.956,0.031,173,7728,FULL,2024-02-08 12:29:25.755503,0.0,0,0,0.0,0.0,2024-02-08 12:29:26.749054,1972.579574584961
2024-02-08 12:29:27.749896,9513.60,10.1,44.0,43.9,5.01,NOTREADY,4.956,0.033,172,7452,FULL,2024-02-08 12:29:26.759404,0.0,0,0,0.0,0.0,2024-02-08 12:29:27.751596,1983.8264465332031
2024-02-08 12:29:28.757706,9768.93,10.1,44.1,43.9,4.99,NOTREADY,4.947,0.031,173,7652,FULL,2024-02-08 12:29:27.760147,0.0,0,0,0.0,0.0,2024-02-08 12:29:28.754063,1977.9661178588867
2024-02-08 12:29:29.750078,9542.96,10.1,44.1,43.9,5.01,NOTREADY,4.948,0.032,172,7475,FULL,2024-02-08 12:29:28.756183,0.0,0,0,0.0,0.0,2024-02-08 12:29:29.740841,1984.7900390625
2024-02-08 12:29:30.742655,9565.94,10.1,44.1,43.9,4.99,NOTREADY,4.943,0.033,173,7493,FULL,2024-02-08 12:29:29.754182,0.0,0,0,0.0,0.0,2024-02-08 12:29:30.743247,1984.8533630371094
2024-02-08 12:29:31.750957,9791.91,10.1,44.1,43.9,4.99,NOTREADY,4.941,0.034,172,7670,FULL,2024-02-08 12:29:30.754449,0.0,0,0,0.0,0.0,2024-02-08 12:29:31.745740,1992.024803161621
2024-02-08 12:29:32.758789,9702.54,10.1,44.1,43.9,5.03,NOTREADY,4.937,0.031,173,7600,FULL,2024-02-08 12:29:31.764151,0.0,0,0,0.0,0.0,2024-02-08 12:29:32.748473,1985.2323532104492
2024-02-08 12:29:33.751508,9735.73,10.1,44.1,44.0,4.99,NOTREADY,4.946,0.033,172,7626,FULL,2024-02-08 12:29:32.756269,0.0,0,0,0.0,0.0,2024-02-08 12:29:33.751508,1981.6940307617188
2024-02-08 12:29:34.743419,9687.22,10.1,44.1,44.0,5.02,NOTREADY,4.930,0.034,173,7588,FULL,2024-02-08 12:29:33.760573,0.0,0,0,0.0,0.0,2024-02-08 12:29:34.754194,1986.9226455688477
2024-02-08 12:29:35.752097,9694.88,10.1,44.1,44.0,5.03,NOTREADY,4.942,0.032,172,7594,FULL,2024-02-08 12:29:34.764198,0.0,0,0,0.0,0.0,2024-02-08 12:29:35.740303,1986.338233947754
2024-02-08 12:29:36.744199,9564.66,10.1,44.1,44.0,4.99,NOTREADY,4.944,0.033,173,7492,FULL,2024-02-08 12:29:35.753804,0.0,0,0,0.0,0.0,2024-02-08 12:29:36.742640,1967.9986953735352
2024-02-08 12:29:37.752138,10000.00,10.1,44.1,44.0,5.02,NOTREADY,4.944,0.032,172,7833,FULL,2024-02-08 12:29:36.768087,0.0,0,0,0.0,0.0,2024-02-08 12:29:37.744997,1967.1772003173828
2024-02-08 12:29:38.744441,10047.24,10.1,44.1,44.0,4.99,NOTREADY,4.935,0.037,173,7870,FULL,2024-02-08 12:29:37.760697,0.0,0,0,0.0,0.0,2024-02-08 12:29:38.747217,1868.592643737793
2024-02-08 12:29:39.752769,9816.16,10.1,44.1,44.0,5.02,NOTREADY,4.926,0.033,172,7689,FULL,2024-02-08 12:29:38.761230,0.0,0,0,0.0,0.0,2024-02-08 12:29:39.750174,1854.5970916748047
2024-02-08 12:29:40.760838,9403.80,10.1,44.1,44.0,4.96,NOTREADY,4.922,0.030,171,7366,FULL,2024-02-08 12:29:39.769023,4.0,0,0,5.026181378801803,5.026181378801803,2024-02-08 12:29:40.752674,1851.8011093139648
2024-02-08 12:29:41.753273,9276.14,10.1,44.1,44.0,4.99,NOTREADY,4.934,0.032,172,7266,FULL,2024-02-08 12:29:40.753817,0.0,0,0,0.0,0.0,2024-02-08 12:29:41.739074,1920.7834243774414
2024-02-08 12:29:42.745404,8895.70,10.1,44.1,44.0,5.03,NOTREADY,4.932,0.033,173,6968,FULL,2024-02-08 12:29:41.761344,0.0,0,0,0.0,0.0,2024-02-08 12:29:42.741653,1929.392433166504
2024-02-08 12:29:43.753799,9440.83,10.0,44.0,44.1,5.02,READY,4.934,0.030,172,7395,FULL,2024-02-08 12:29:42.758963,0.0,0,0,0.0,0.0,2024-02-08 12:29:43.744156,1929.0449142456055
2024-02-08 12:29:44.745863,9481.68,10.0,44.1,44.1,4.99,READY,4.947,0.032,173,7427,FULL,2024-02-08 12:29:43.757389,0.0,0,0,0.0,0.0,2024-02-08 12:29:44.746411,1928.8080215454102
2024-02-08 12:29:45.754435,9316.99,10.0,44.0,44.1,5.01,READY,4.949,0.032,172,7298,FULL,2024-02-08 12:29:44.759490,0.0,0,0,0.0,0.0,2024-02-08 12:29:45.748696,1933.704948425293
2024-02-08 12:29:46.762322,9181.67,10.0,44.0,44.1,4.99,READY,4.955,0.033,173,7192,FULL,2024-02-08 12:29:45.762979,0.0,0,0,0.0,0.0,2024-02-08 12:29:46.750681,1935.821533203125
2024-02-08 12:29:47.754958,9273.59,10.0,44.0,44.1,5.03,READY,4.959,0.032,172,7264,FULL,2024-02-08 12:29:46.759306,0.0,0,0,0.0,0.0,2024-02-08 12:29:47.753269,1935.3002548217773
2024-02-08 12:29:48.762642,9157.41,10.0,44.0,44.1,5.02,READY,4.957,0.029,173,7173,FULL,2024-02-08 12:29:47.755471,0.0,0,0,0.0,0.0,2024-02-08 12:29:48.739716,1943.7196731567383
2024-02-08 12:29:49.755272,9213.58,10.0,44.0,44.1,5.00,READY,4.945,0.030,172,7217,FULL,2024-02-08 12:29:48.763654,0.0,0,0,0.0,0.0,2024-02-08 12:29:49.742042,1944.509506225586
2024-02-08 12:29:50.747243,8824.21,10.0,44.0,44.1,4.99,READY,4.945,0.029,172,6912,FULL,2024-02-08 12:29:49.755272,0.0,0,0,0.0,0.0,2024-02-08 12:29:50.744103,1941.3503646850586
2024-02-08 12:29:51.755455,8672.28,10.0,44.0,44.1,5.01,READY,4.942,0.032,173,6793,FULL,2024-02-08 12:29:50.755351,0.0,0,0,0.0,0.0,2024-02-08 12:29:51.746312,1945.3941345214844
2024-02-08 12:29:52.747889,9002.94,10.0,44.0,44.1,5.03,READY,4.942,0.031,172,7052,FULL,2024-02-08 12:29:51.754451,0.0,0,0,0.0,0.0,2024-02-08 12:29:52.747889,1945.378303527832
2024-02-08 12:29:53.755842,8973.57,10.0,44.0,44.1,4.99,READY,4.939,0.031,173,7029,FULL,2024-02-08 12:29:52.763639,0.0,0,0,0.0,0.0,2024-02-08 12:29:53.750609,1941.2239074707031
2024-02-08 12:29:54.764225,9158.69,10.0,44.0,44.1,5.02,READY,4.947,0.031,172,7174,FULL,2024-02-08 12:29:53.755842,0.0,0,0,0.0,0.0,2024-02-08 12:29:54.753476,1945.7574844360352
2024-02-08 12:29:55.756591,9208.48,10.0,44.0,44.1,5.00,READY,4.952,0.031,172,7213,FULL,2024-02-08 12:29:54.767968,0.0,0,0,0.0,0.0,2024-02-08 12:29:55.739791,1947.4950790405273
2024-02-08 12:29:56.764766,9079.54,10.1,44.0,44.2,4.99,READY,4.952,0.030,173,7112,FULL,2024-02-08 12:29:55.756591,0.0,0,0,0.0,0.0,2024-02-08 12:29:56.742035,1949.0747451782227
2024-02-08 12:29:57.742359,9180.39,10.1,44.1,44.2,4.99,READY,4.938,0.032,172,7191,FULL,2024-02-08 12:29:56.759259,0.0,0,0,0.0,0.0,2024-02-08 12:29:57.744367,1942.724609375
2024-02-08 12:29:58.749421,9209.75,10.1,44.1,44.2,5.02,READY,4.939,0.032,173,7214,FULL,2024-02-08 12:29:57.763415,0.0,0,0,0.0,0.0,2024-02-08 12:29:58.746674,1937.432861328125
2024-02-08 12:29:59.741446,9226.35,10.1,44.1,44.2,4.99,READY,4.935,0.033,172,7227,FULL,2024-02-08 12:29:58.759671,0.0,0,0,0.0,0.0,2024-02-08 12:29:59.749173,1939.8969650268555
2024-02-08 12:30:00.749901,9097.41,10.1,44.1,44.2,5.01,READY,4.929,0.032,173,7126,FULL,2024-02-08 12:29:59.760358,0.0,0,0,0.0,0.0,2024-02-08 12:30:00.751668,1944.0357208251953
2024-02-08 12:30:01.757894,9611.90,10.1,44.0,44.2,5.02,READY,4.927,0.033,172,7529,FULL,2024-02-08 12:30:00.759872,0.0,0,0,0.0,0.0,2024-02-08 12:30:01.757384,1937.0378494262695
2024-02-08 12:30:02.750366,9277.42,10.1,44.0,44.2,4.99,READY,4.956,0.031,173,7267,FULL,2024-02-08 12:30:01.754352,0.0,0,0,0.0,0.0,2024-02-08 12:30:02.744078,1944.7465896606445
2024-02-08 12:30:03.758526,9121.66,10.1,44.1,44.2,5.02,READY,4.951,0.029,172,7145,FULL,2024-02-08 12:30:02.761950,0.0,0,0,0.0,0.0,2024-02-08 12:30:03.746242,1945.157241821289
2024-02-08 12:30:04.750657,9211.03,10.1,44.0,44.2,4.99,READY,4.946,0.031,173,7215,FULL,2024-02-08 12:30:03.754960,0.0,0,0,0.0,0.0,2024-02-08 12:30:04.748939,1955.6142807006836
2024-02-08 12:30:05.758808,9129.32,10.1,44.1,44.2,5.00,READY,4.943,0.030,172,7151,FULL,2024-02-08 12:30:04.769181,0.0,0,0,0.0,0.0,2024-02-08 12:30:05.751639,1962.7384185791016
2024-02-08 12:30:06.751123,9008.04,10.1,44.0,44.3,4.99,READY,4.943,0.032,172,7056,FULL,2024-02-08 12:30:05.758303,0.0,0,0,0.0,0.0,2024-02-08 12:30:06.753833,1934.6527099609375
2024-02-08 12:30:07.743367,9161.24,10.0,44.1,44.3,5.03,READY,4.942,0.032,173,7176,FULL,2024-02-08 12:30:06.759543,0.0,0,0,0.0,0.0,2024-02-08 12:30:07.739618,1963.9705657958984
2024-02-08 12:30:08.752059,9371.89,10.0,44.0,44.3,4.99,READY,4.948,0.033,172,7341,FULL,2024-02-08 12:30:07.758559,0.0,0,0,0.0,0.0,2024-02-08 12:30:08.741180,1961.2852096557617
2024-02-08 12:30:09.743654,9502.11,10.0,44.1,44.3,4.99,READY,4.963,0.034,173,7443,FULL,2024-02-08 12:30:08.757888,0.0,0,0,0.0,0.0,2024-02-08 12:30:09.743151,1967.5722122192383
2024-02-08 12:30:10.752072,9075.71,10.0,44.0,44.3,5.03,READY,4.971,0.032,172,7109,FULL,2024-02-08 12:30:09.761270,0.0,0,0,0.0,0.0,2024-02-08 12:30:10.744889,1966.1821365356445
2024-02-08 12:30:11.744636,9388.48,10.0,44.0,44.3,4.99,READY,4.967,0.032,173,7354,FULL,2024-02-08 12:30:10.760740,0.0,0,0,0.0,0.0,2024-02-08 12:30:11.747232,1961.3325119018555
2024-02-08 12:30:12.752331,9327.21,10.0,44.0,44.3,5.03,READY,4.957,0.031,172,7306,FULL,2024-02-08 12:30:11.758941,0.0,0,0,0.0,0.0,2024-02-08 12:30:12.749798,1969.5783615112305
2024-02-08 12:30:13.760413,9196.99,10.0,44.1,44.3,4.99,READY,4.948,0.029,173,7204,FULL,2024-02-08 12:30:12.759031,0.0,0,0,0.0,0.0,2024-02-08 12:30:13.752390,1969.4046020507812
2024-02-08 12:30:14.753272,9041.24,10.0,44.1,44.3,4.99,READY,4.942,0.033,172,7082,FULL,2024-02-08 12:30:13.759908,0.0,0,0,0.0,0.0,2024-02-08 12:30:14.754475,1963.5282516479492
2024-02-08 12:30:15.745502,8942.93,10.0,44.1,44.3,5.03,READY,4.949,0.031,173,7005,FULL,2024-02-08 12:30:14.764164,0.0,0,0,0.0,0.0,2024-02-08 12:30:15.740766,1969.989013671875
2024-02-08 12:30:16.753691,9111.45,10.0,44.0,44.3,4.99,READY,4.945,0.030,172,7137,FULL,2024-02-08 12:30:15.761159,0.0,0,0,0.0,0.0,2024-02-08 12:30:16.742889,1969.4835662841797
2024-02-08 12:30:17.761636,9246.78,10.0,44.0,44.4,5.02,READY,4.941,0.032,173,7243,FULL,2024-02-08 12:30:16.757829,0.0,0,0,0.0,0.0,2024-02-08 12:30:17.745972,1968.1407928466797
2024-02-08 12:30:18.754159,9084.64,10.0,44.0,44.4,5.01,READY,4.938,0.031,172,7116,FULL,2024-02-08 12:30:17.756075,0.0,0,0,0.0,0.0,2024-02-08 12:30:18.748386,1966.9561386108398
2024-02-08 12:30:19.746375,9193.16,10.0,44.0,44.4,5.00,READY,4.934,0.031,172,7201,FULL,2024-02-08 12:30:18.760872,0.0,0,0,0.0,0.0,2024-02-08 12:30:19.750387,1970.1152801513672
2024-02-08 12:30:20.754573,8951.87,10.0,44.1,44.4,4.99,READY,4.938,0.029,173,7012,FULL,2024-02-08 12:30:19.758393,0.0,0,0,0.0,0.0,2024-02-08 12:30:20.752536,1969.0095901489258
2024-02-08 12:30:21.746835,9082.09,10.0,44.0,44.4,5.03,READY,4.955,0.032,172,7114,FULL,2024-02-08 12:30:20.760806,0.0,0,0,0.0,0.0,2024-02-08 12:30:21.739107,1964.1759872436523
2024-02-08 12:30:22.754981,9203.37,10.1,44.0,44.4,4.99,READY,4.957,0.032,173,7209,FULL,2024-02-08 12:30:21.759349,0.0,0,0,0.0,0.0,2024-02-08 12:30:22.741861,1969.8942184448242
2024-02-08 12:30:23.747213,9107.62,10.1,44.0,44.4,4.99,READY,4.964,0.030,172,7134,FULL,2024-02-08 12:30:22.753916,0.0,0,0,0.0,0.0,2024-02-08 12:30:23.744507,1983.6685180664062
2024-02-08 12:30:24.755252,9163.79,10.1,44.0,44.4,5.02,READY,4.976,0.033,173,7178,FULL,2024-02-08 12:30:23.759444,0.0,0,0,0.0,0.0,2024-02-08 12:30:24.747222,1981.0306549072266
2024-02-08 12:30:25.748054,9139.54,10.1,44.0,44.4,4.99,READY,4.969,0.032,172,7159,FULL,2024-02-08 12:30:24.754246,0.0,0,0,0.0,0.0,2024-02-08 12:30:25.749763,1981.3148498535156
2024-02-08 12:30:26.756017,9018.26,10.1,44.0,44.4,5.00,READY,4.967,0.031,173,7064,FULL,2024-02-08 12:30:25.757581,0.0,0,0,0.0,0.0,2024-02-08 12:30:26.752408,1983.3051681518555
2024-02-08 12:30:27.748199,9134.43,10.1,44.0,44.4,5.02,READY,4.961,0.033,172,7155,FULL,2024-02-08 12:30:26.756530,0.0,0,0,0.0,0.0,2024-02-08 12:30:27.754784,1982.0257186889648
2024-02-08 12:30:28.756637,8967.19,10.1,44.0,44.5,4.99,READY,4.959,0.029,173,7024,FULL,2024-02-08 12:30:27.757999,0.0,0,0,0.0,0.0,2024-02-08 12:30:28.741084,1979.3087005615234
2024-02-08 12:30:29.748879,8950.59,10.1,44.0,44.5,5.02,READY,4.961,0.031,172,7011,FULL,2024-02-08 12:30:28.760370,0.0,0,0,0.0,0.0,2024-02-08 12:30:29.743690,1984.6952438354492
2024-02-08 12:30:30.757038,8945.49,10.1,44.0,44.5,4.99,READY,4.945,0.030,173,7007,FULL,2024-02-08 12:30:29.765239,0.0,0,0,0.0,0.0,2024-02-08 12:30:30.746437,1983.8264465332031
2024-02-08 12:30:31.749178,8843.36,10.1,44.0,44.5,5.00,READY,4.942,0.030,172,6927,FULL,2024-02-08 12:30:30.755013,0.0,0,0,0.0,0.0,2024-02-08 12:30:31.748569,1981.441307067871
2024-02-08 12:30:32.757591,9009.32,10.0,44.0,44.5,4.99,READY,4.947,0.032,172,7057,FULL,2024-02-08 12:30:31.757905,0.0,0,0,0.0,0.0,2024-02-08 12:30:32.751428,1981.9467544555664
2024-02-08 12:30:33.749511,8979.96,10.0,44.0,44.5,5.02,READY,4.952,0.031,173,7034,FULL,2024-02-08 12:30:32.756081,0.0,0,0,0.0,0.0,2024-02-08 12:30:33.754207,1983.0682754516602
2024-02-08 12:30:34.757773,9048.90,10.1,44.0,44.5,4.99,READY,4.951,0.030,172,7088,FULL,2024-02-08 12:30:33.764967,0.0,0,0,0.0,0.0,2024-02-08 12:30:34.740512,1983.4632873535156
2024-02-08 12:30:35.750023,9093.58,10.1,44.0,44.5,4.99,READY,4.956,0.031,173,7123,FULL,2024-02-08 12:30:34.769014,0.0,0,0,0.0,0.0,2024-02-08 12:30:35.742379,1979.1507720947266
2024-02-08 12:30:36.742472,9070.60,10.1,44.0,44.5,5.02,READY,4.953,0.031,172,7105,FULL,2024-02-08 12:30:35.756129,0.0,0,0,0.0,0.0,2024-02-08 12:30:36.744705,1985.1375579833984
2024-02-08 12:30:37.751057,9009.32,10.1,44.1,44.5,4.99,READY,4.952,0.032,173,7057,FULL,2024-02-08 12:30:36.757444,0.0,0,0,0.0,0.0,2024-02-08 12:30:37.747282,1984.521484375
2024-02-08 12:30:38.742906,9009.32,10.1,44.1,44.5,5.01,READY,4.946,0.032,172,7057,FULL,2024-02-08 12:30:37.759261,0.0,0,0,0.0,0.0,2024-02-08 12:30:38.750033,1980.8568954467773
2024-02-08 12:30:39.751281,8778.25,10.1,44.1,44.5,4.99,READY,4.940,0.029,173,6876,FULL,2024-02-08 12:30:38.764620,0.0,0,0,0.0,0.0,2024-02-08 12:30:39.752359,1984.3477249145508
2024-02-08 12:30:40.759473,8807.61,10.1,44.1,44.6,5.00,READY,4.932,0.030,172,6899,FULL,2024-02-08 12:30:39.763605,0.0,0,0,0.0,0.0,2024-02-08 12:30:40.754508,1984.5373153686523
2024-02-08 12:30:41.751717,8960.81,10.1,44.1,44.6,5.00,READY,4.934,0.030,172,7019,FULL,2024-02-08 12:30:40.757235,0.0,0,0,0.0,0.0,2024-02-08 12:30:41.740846,1970.7788467407227
2024-02-08 12:30:42.760218,9503.38,10.1,44.1,44.6,5.00,READY,4.926,0.032,172,7444,FULL,2024-02-08 12:30:41.764012,0.0,0,0,0.0,0.0,2024-02-08 12:30:42.742592,1965.7398223876953
2024-02-08 12:30:43.752167,9771.48,10.1,44.1,44.6,4.99,READY,4.927,0.037,172,7654,FULL,2024-02-08 12:30:42.767452,0.0,0,0,0.0,0.0,2024-02-08 12:30:43.745060,1972.1847534179688
2024-02-08 12:30:44.760180,10305.12,10.1,44.1,44.6,4.99,READY,4.930,0.034,173,8072,FULL,2024-02-08 12:30:43.766368,0.0,0,0,0.0,0.0,2024-02-08 12:30:44.747981,1970.541763305664
2024-02-08 12:30:45.752345,10288.52,10.1,44.1,44.6,5.02,READY,4.932,0.035,172,8059,FULL,2024-02-08 12:30:44.768738,0.0,0,0,0.0,0.0,2024-02-08 12:30:45.750298,1965.9135818481445
2024-02-08 12:30:46.760852,10017.87,10.1,44.0,44.6,4.99,READY,4.940,0.033,173,7847,FULL,2024-02-08 12:30:45.765862,0.0,0,0,0.0,0.0,2024-02-08 12:30:46.752594,1972.358512878418
2024-02-08 12:30:47.753273,9780.42,10.1,44.0,44.6,5.03,READY,4.943,0.032,172,7661,FULL,2024-02-08 12:30:46.764363,0.0,0,0,0.0,0.0,2024-02-08 12:30:47.738697,1972.2951889038086
2024-02-08 12:30:48.745303,10122.56,10.1,44.0,44.6,4.99,READY,4.945,0.035,173,7929,FULL,2024-02-08 12:30:47.761508,0.0,0,0,0.0,0.0,2024-02-08 12:30:48.740629,1970.6365585327148
2024-02-08 12:30:49.753594,9831.48,10.1,44.0,44.6,4.99,READY,4.945,0.034,172,7701,FULL,2024-02-08 12:30:48.763784,0.0,0,0,0.0,0.0,2024-02-08 12:30:49.743497,1969.672966003418
2024-02-08 12:30:50.746010,9816.16,10.1,44.0,44.6,5.02,READY,4.941,0.032,173,7689,FULL,2024-02-08 12:30:49.763812,0.0,0,0,0.0,0.0,2024-02-08 12:30:50.746010,1971.8687057495117
2024-02-08 12:30:51.754049,9592.75,10.1,44.0,44.6,5.00,READY,4.937,0.034,172,7514,FULL,2024-02-08 12:30:50.757240,0.0,0,0,0.0,0.0,2024-02-08 12:30:51.748996,1971.2526321411133
2024-02-08 12:30:52.746203,9597.86,10.1,44.0,44.7,4.99,READY,4.934,0.033,172,7518,FULL,2024-02-08 12:30:51.757231,0.0,0,0,0.0,0.0,2024-02-08 12:30:52.751214,1964.6183013916016
2024-02-08 12:30:53.754681,9365.50,10.1,44.0,44.7,5.00,READY,4.927,0.031,172,7336,FULL,2024-02-08 12:30:52.754721,0.0,0,0,0.0,0.0,2024-02-08 12:30:53.752971,1972.9270935058594
2024-02-08 12:30:54.747035,8871.44,10.1,44.0,44.7,4.99,READY,4.922,0.032,173,6949,FULL,2024-02-08 12:30:53.764899,0.0,0,0,0.0,0.0,2024-02-08 12:30:54.739313,1973.0060577392578
2024-02-08 12:30:55.754844,8798.67,10.1,44.0,44.7,5.01,READY,4.925,0.029,172,6892,FULL,2024-02-08 12:30:54.765100,0.0,0,0,0.0,0.0,2024-02-08 12:30:55.741712,1968.977928161621
2024-02-08 12:30:56.747550,8752.71,10.1,44.0,44.7,5.00,READY,4.921,0.031,172,6856,FULL,2024-02-08 12:30:55.768008,0.0,0,0,0.0,0.0,2024-02-08 12:30:56.744337,1971.7424392700195
2024-02-08 12:30:57.755867,8742.50,10.1,44.0,44.7,4.99,READY,4.921,0.032,172,6848,FULL,2024-02-08 12:30:56.767938,0.0,0,0,0.0,0.0,2024-02-08 12:30:57.747161,1972.105598449707
2024-02-08 12:30:58.747975,8753.99,10.1,44.0,44.7,5.02,READY,4.925,0.031,173,6857,FULL,2024-02-08 12:30:57.758032,0.0,0,0,0.0,0.0,2024-02-08 12:30:58.749694,1970.5734252929688
2024-02-08 12:30:59.739986,8856.12,10.0,44.0,44.7,4.99,READY,4.923,0.031,172,6937,FULL,2024-02-08 12:30:58.761474,0.0,0,0,0.0,0.0,2024-02-08 12:30:59.751538,1968.4410095214844
2024-02-08 12:31:00.748269,8918.68,10.0,44.0,44.7,5.02,READY,4.925,0.034,173,6986,FULL,2024-02-08 12:30:59.766644,0.0,0,0,0.0,0.0,2024-02-08 12:31:00.753979,1955.140495300293
2024-02-08 12:31:01.756410,8893.14,10.0,44.0,44.7,5.02,READY,4.930,0.032,172,6966,FULL,2024-02-08 12:31:00.759494,0.0,0,0,0.0,0.0,2024-02-08 12:31:01.743689,1971.6476440429688
2024-02-08 12:31:02.748523,8872.72,10.0,44.0,44.7,4.99,READY,4.933,0.031,173,6950,FULL,2024-02-08 12:31:01.761538,0.0,0,0,0.0,0.0,2024-02-08 12:31:02.745960,1970.2259063720703
2024-02-08 12:31:03.756821,8851.01,10.0,44.0,44.8,5.02,READY,4.929,0.032,172,6933,FULL,2024-02-08 12:31:02.764032,0.0,0,0,0.0,0.0,2024-02-08 12:31:03.748153,1966.1346435546875
2024-02-08 12:31:04.749228,8879.10,10.0,44.0,44.8,4.99,READY,4.926,0.031,173,6955,FULL,2024-02-08 12:31:03.763097,0.0,0,0,0.0,0.0,2024-02-08 12:31:04.749760,1972.421646118164
2024-02-08 12:31:05.757475,8879.10,10.0,44.0,44.8,5.02,READY,4.926,0.033,172,6955,FULL,2024-02-08 12:31:04.764328,0.0,0,0,0.0,0.0,2024-02-08 12:31:05.752210,1972.0109939575195
2024-02-08 12:31:06.749474,8879.10,10.0,44.0,44.8,5.01,READY,4.924,0.030,173,6955,FULL,2024-02-08 12:31:05.757995,0.0,0,0,0.0,0.0,2024-02-08 12:31:06.755262,1965.8502578735352
2024-02-08 12:31:07.758171,9028.47,10.0,44.0,44.8,4.99,READY,4.915,0.030,172,7072,FULL,2024-02-08 12:31:06.763022,0.0,0,0,0.0,0.0,2024-02-08 12:31:07.741742,1972.1689224243164
2024-02-08 12:31:08.750328,9029.75,10.0,44.0,44.8,5.02,READY,4.915,0.031,173,7073,FULL,2024-02-08 12:31:07.764404,0.0,0,0,0.0,0.0,2024-02-08 12:31:08.744306,1971.3315963745117
2024-02-08 12:31:09.742620,8976.13,10.0,44.0,44.8,5.01,READY,4.920,0.031,172,7031,FULL,2024-02-08 12:31:08.759084,0.0,0,0,0.0,0.0,2024-02-08 12:31:09.746630,1969.0570831298828
2024-02-08 12:31:10.751151,9102.52,10.0,44.0,44.8,5.00,READY,4.917,0.031,172,7130,FULL,2024-02-08 12:31:09.759350,0.0,0,0,0.0,0.0,2024-02-08 12:31:10.748964,1970.6840515136719
2024-02-08 12:31:11.742889,9016.98,10.0,44.0,44.8,4.99,READY,4.919,0.033,173,7063,FULL,2024-02-08 12:31:10.757347,0.0,0,0,0.0,0.0,2024-02-08 12:31:11.750943,1972.5479125976562
2024-02-08 12:31:12.750929,9536.58,10.0,44.0,44.8,5.01,READY,4.920,0.030,172,7470,FULL,2024-02-08 12:31:11.763501,0.0,0,0,0.0,0.0,2024-02-08 12:31:12.753636,1971.615982055664
2024-02-08 12:31:13.743173,9800.84,10.1,44.0,44.9,4.99,READY,4.922,0.033,173,7677,FULL,2024-02-08 12:31:12.754195,0.0,0,0,0.0,0.0,2024-02-08 12:31:13.740660,1967.8407669067383
2024-02-08 12:31:14.751336,10223.41,10.1,44.0,44.9,4.99,READY,4.925,0.037,172,8008,FULL,2024-02-08 12:31:13.761261,0.0,0,0,0.0,0.0,2024-02-08 12:31:14.743303,1971.1578369140625
2024-02-08 12:31:15.743950,11039.19,10.1,44.0,44.9,5.02,READY,4.927,0.035,173,8647,FULL,2024-02-08 12:31:14.760004,0.0,0,0,0.0,0.0,2024-02-08 12:31:15.746189,1971.2526321411133
2024-02-08 12:31:16.751877,11120.90,10.1,44.0,44.9,4.99,READY,4.924,0.037,172,8711,FULL,2024-02-08 12:31:15.765551,0.0,0,0,0.0,0.0,2024-02-08 12:31:16.748266,1970.0838088989258
2024-02-08 12:31:17.744504,11131.11,10.1,44.0,44.9,5.01,READY,4.922,0.037,173,8719,FULL,2024-02-08 12:31:16.765392,0.0,0,0,0.0,0.0,2024-02-08 12:31:17.751135,1970.2733993530273
2024-02-08 12:31:18.752621,10726.41,10.1,44.0,44.9,5.03,READY,4.920,0.037,172,8402,FULL,2024-02-08 12:31:17.768752,0.0,0,0,0.0,0.0,2024-02-08 12:31:18.753130,1972.4058151245117
2024-02-08 12:31:19.745221,10629.39,10.1,44.0,44.9,4.99,READY,4.917,0.038,173,8326,FULL,2024-02-08 12:31:18.759350,0.0,0,0,0.0,0.0,2024-02-08 12:31:19.739436,1972.089958190918
2024-02-08 12:31:20.753327,10579.60,10.1,44.1,44.9,5.01,READY,4.915,0.034,172,8287,FULL,2024-02-08 12:31:19.759981,0.0,0,0,0.0,0.0,2024-02-08 12:31:20.742205,1978.6928176879883
2024-02-08 12:31:21.761262,9881.27,10.0,44.1,44.9,4.99,READY,4.911,0.033,173,7740,FULL,2024-02-08 12:31:20.758080,0.0,0,0,0.0,0.0,2024-02-08 12:31:21.744825,1984.5373153686523
2024-02-08 12:31:22.753888,9549.34,10.0,44.0,44.9,5.02,READY,4.912,0.031,172,7480,FULL,2024-02-08 12:31:21.767326,0.0,0,0,0.0,0.0,2024-02-08 12:31:22.747647,1984.7900390625
2024-02-08 12:31:23.745609,9475.30,10.0,44.0,44.9,5.02,READY,4.915,0.033,173,7422,FULL,2024-02-08 12:31:22.759609,0.0,0,0,0.0,0.0,2024-02-08 12:31:23.750140,1983.0524444580078
2024-02-08 12:31:24.754351,9562.11,10.0,44.0,45.0,4.99,READY,4.913,0.032,172,7490,FULL,2024-02-08 12:31:23.759853,0.0,0,0,0.0,0.0,2024-02-08 12:31:24.753150,1982.088851928711
2024-02-08 12:31:25.762477,9651.47,10.0,44.0,45.0,5.03,READY,4.916,0.032,173,7560,FULL,2024-02-08 12:31:24.765419,0.0,0,0,0.0,0.0,2024-02-08 12:31:25.739841,1984.9006652832031
2024-02-08 12:31:26.754453,9514.87,10.0,44.0,45.0,5.00,READY,4.917,0.032,172,7453,FULL,2024-02-08 12:31:25.764478,0.0,0,0,0.0,0.0,2024-02-08 12:31:26.741409,1983.3368301391602
2024-02-08 12:31:27.763132,9451.04,10.0,44.0,45.0,4.99,READY,4.920,0.034,172,7403,FULL,2024-02-08 12:31:26.765460,0.0,0,0,0.0,0.0,2024-02-08 12:31:27.742994,1976.4495849609375
2024-02-08 12:31:28.755123,9334.87,10.0,44.0,45.0,4.99,READY,4.916,0.031,173,7312,FULL,2024-02-08 12:31:27.765637,0.0,0,0,0.0,0.0,2024-02-08 12:31:28.744607,1983.1947326660156
2024-02-08 12:31:29.763320,9532.75,10.0,44.0,45.0,5.02,READY,4.923,0.032,172,7467,FULL,2024-02-08 12:31:28.766630,0.0,0,0,0.0,0.0,2024-02-08 12:31:29.746180,1982.246971130371
2024-02-08 12:31:30.755309,9475.30,10.0,44.0,45.0,4.99,READY,4.922,0.034,173,7422,FULL,2024-02-08 12:31:29.767325,0.0,0,0,0.0,0.0,2024-02-08 12:31:30.747755,1977.9661178588867
2024-02-08 12:31:31.763792,9641.26,10.0,44.0,45.0,4.99,READY,4.923,0.030,172,7552,FULL,2024-02-08 12:31:30.768347,0.0,0,0,0.0,0.0,2024-02-08 12:31:31.749276,1983.6053848266602
2024-02-08 12:31:32.755757,9396.14,10.0,44.0,45.0,5.02,READY,4.919,0.032,173,7360,FULL,2024-02-08 12:31:31.767795,0.0,0,0,0.0,0.0,2024-02-08 12:31:32.751247,1982.4838638305664
2024-02-08 12:31:33.764324,9405.08,10.1,44.0,45.0,4.99,READY,4.919,0.033,172,7367,FULL,2024-02-08 12:31:32.768261,0.0,0,0,0.0,0.0,2024-02-08 12:31:33.752810,1969.7046279907227
2024-02-08 12:31:34.756384,9283.80,10.1,44.0,45.0,5.02,READY,4.920,0.030,173,7272,FULL,2024-02-08 12:31:33.768326,0.0,0,0,0.0,0.0,2024-02-08 12:31:34.738245,1971.347427368164
2024-02-08 12:31:35.764448,9472.74,10.1,44.0,45.0,5.02,READY,4.919,0.031,172,7420,FULL,2024-02-08 12:31:34.768386,0.0,0,0,0.0,0.0,2024-02-08 12:31:35.739811,1970.2890396118164
2024-02-08 12:31:36.741888,9398.70,10.1,44.0,45.1,4.99,READY,4.916,0.031,173,7362,FULL,2024-02-08 12:31:35.768451,0.0,0,0,0.0,0.0,2024-02-08 12:31:36.741378,1966.0715103149414
2024-02-08 12:31:37.749128,9301.67,10.1,44.0,45.1,5.02,READY,4.916,0.031,172,7286,FULL,2024-02-08 12:31:36.753396,0.0,0,0,0.0,0.0,2024-02-08 12:31:37.743095,1970.210075378418
2024-02-08 12:31:38.741231,9338.70,10.1,44.1,45.1,4.99,READY,4.920,0.031,173,7315,FULL,2024-02-08 12:31:37.754641,0.0,0,0,0.0,0.0,2024-02-08 12:31:38.744780,1967.9197311401367
2024-02-08 12:31:39.749450,9439.55,10.1,44.1,45.1,5.02,READY,4.923,0.033,172,7394,FULL,2024-02-08 12:31:38.755314,0.0,0,0,0.0,0.0,2024-02-08 12:31:39.746395,1968.914794921875
2024-02-08 12:31:40.742036,9316.99,10.1,44.1,45.1,5.00,READY,4.926,0.029,172,7298,FULL,2024-02-08 12:31:39.755487,0.0,0,0,0.0,0.0,2024-02-08 12:31:40.748045,1970.0838088989258
2024-02-08 12:31:41.749984,9232.73,10.1,44.1,45.1,5.00,READY,4.922,0.029,172,7232,FULL,2024-02-08 12:31:40.755050,0.0,0,0,0.0,0.0,2024-02-08 12:31:41.749441,1967.398452758789
2024-02-08 12:31:42.742141,9489.34,10.1,44.1,45.1,4.99,READY,4.917,0.033,172,7433,FULL,2024-02-08 12:31:41.756524,0.0,0,0,0.0,0.0,2024-02-08 12:31:42.751187,1970.810317993164
2024-02-08 12:31:43.750795,9071.88,10.1,44.1,45.1,5.01,READY,4.912,0.031,173,7106,FULL,2024-02-08 12:31:42.757222,0.0,0,0,0.0,0.0,2024-02-08 12:31:43.752824,1970.4627990722656
2024-02-08 12:31:44.742780,9457.42,10.0,44.0,45.1,5.02,READY,4.909,0.032,172,7408,FULL,2024-02-08 12:31:43.757831,0.0,0,0,0.0,0.0,2024-02-08 12:31:44.738768,1969.3098068237305
2024-02-08 12:31:45.751241,9359.12,10.0,44.0,45.1,4.99,READY,4.907,0.034,173,7331,FULL,2024-02-08 12:31:44.758287,0.0,0,0,0.0,0.0,2024-02-08 12:31:45.740215,1969.8152542114258
2024-02-08 12:31:46.743235,9351.46,10.0,44.0,45.2,5.02,READY,4.902,0.034,172,7325,FULL,2024-02-08 12:31:45.758748,0.0,0,0,0.0,0.0,2024-02-08 12:31:46.741723,1969.9573516845703
2024-02-08 12:31:47.751290,9296.57,10.0,44.0,45.2,4.99,READY,4.900,0.032,173,7282,FULL,2024-02-08 12:31:46.758740,0.0,0,0,0.0,0.0,2024-02-08 12:31:47.743280,1966.5769577026367
2024-02-08 12:31:48.743517,9294.01,10.1,44.0,45.2,5.02,READY,4.898,0.031,172,7280,FULL,2024-02-08 12:31:47.759293,0.0,0,0,0.0,0.0,2024-02-08 12:31:48.745024,1969.2150115966797
2024-02-08 12:31:49.751778,9789.35,10.1,44.0,45.2,4.99,READY,4.898,0.033,172,7668,FULL,2024-02-08 12:31:48.761655,0.0,0,0,0.0,0.0,2024-02-08 12:31:49.746766,1968.8041687011719
2024-02-08 12:31:50.760388,9811.06,10.1,44.0,45.2,5.02,READY,4.901,0.031,173,7685,FULL,2024-02-08 12:31:49.760783,0.0,0,0,0.0,0.0,2024-02-08 12:31:50.748339,1964.6814346313477
2024-02-08 12:31:51.752285,9408.91,10.1,44.0,45.2,4.99,READY,4.901,0.032,172,7370,FULL,2024-02-08 12:31:50.761894,0.0,0,0,0.0,0.0,2024-02-08 12:31:51.750244,1969.7362899780273
2024-02-08 12:31:52.760477,9514.87,10.1,44.0,45.2,5.01,READY,4.902,0.035,173,7453,FULL,2024-02-08 12:31:51.764822,0.0,0,0,0.0,0.0,2024-02-08 12:31:52.751966,1969.8942184448242
2024-02-08 12:31:53.753156,9777.86,10.1,44.0,45.2,5.03,READY,4.903,0.033,172,7659,FULL,2024-02-08 12:31:52.765482,0.0,0,0,0.0,0.0,2024-02-08 12:31:53.753704,1964.9499893188477
2024-02-08 12:31:54.761341,9722.97,10.1,44.0,45.2,4.99,READY,4.906,0.031,173,7616,FULL,2024-02-08 12:31:53.766710,0.0,0,0,0.0,0.0,2024-02-08 12:31:54.739168,1970.5575942993164
2024-02-08 12:31:55.753414,9924.68,10.1,44.0,45.2,5.02,READY,4.908,0.032,172,7774,FULL,2024-02-08 12:31:54.766851,0.0,0,0,0.0,0.0,2024-02-08 12:31:55.740896,1969.9573516845703
2024-02-08 12:31:56.761709,10306.40,10.1,44.1,45.2,4.99,READY,4.907,0.032,173,8073,FULL,2024-02-08 12:31:55.768422,0.0,0,0,0.0,0.0,2024-02-08 12:31:56.742564,1965.676498413086
2024-02-08 12:31:57.754163,9858.29,10.1,44.1,45.2,4.99,READY,4.910,0.031,172,7722,FULL,2024-02-08 12:31:56.768213,0.0,0,0,0.0,0.0,2024-02-08 12:31:57.744149,1969.1675186157227
2024-02-08 12:31:58.762251,9269.76,10.1,44.1,45.2,5.01,READY,4.910,0.032,173,7261,FULL,2024-02-08 12:31:57.768670,0.0,0,0,0.0,0.0,2024-02-08 12:31:58.746105,1968.7410354614258
2024-02-08 12:31:59.739294,9348.91,10.1,44.1,45.2,5.00,READY,4.905,0.030,172,7323,FULL,2024-02-08 12:31:58.768758,0.0,0,0,0.0,0.0,2024-02-08 12:31:59.747801,1963.7968063354492
2024-02-08 12:32:00.746880,9140.81,10.1,44.1,45.3,4.99,READY,4.905,0.031,172,7160,FULL,2024-02-08 12:31:59.768944,0.0,0,0,0.0,0.0,2024-02-08 12:32:00.749394,1969.5625305175781
2024-02-08 12:32:01.738696,9336.14,10.1,44.1,45.3,4.99,READY,4.896,0.032,173,7313,FULL,2024-02-08 12:32:00.754401,0.0,0,0,0.0,0.0,2024-02-08 12:32:01.753717,1968.5041427612305
2024-02-08 12:32:02.746883,9416.57,10.1,44.1,45.3,5.02,READY,4.895,0.031,172,7376,FULL,2024-02-08 12:32:01.756221,0.0,0,0,0.0,0.0,2024-02-08 12:32:02.739357,1969.5625305175781
2024-02-08 12:32:03.755481,9167.62,10.1,44.0,45.3,4.99,READY,4.894,0.031,173,7181,FULL,2024-02-08 12:32:02.756886,0.0,0,0,0.0,0.0,2024-02-08 12:32:03.740956,1967.240333557129
2024-02-08 12:32:04.747355,8861.23,10.1,44.0,45.3,5.03,READY,4.895,0.031,172,6941,FULL,2024-02-08 12:32:03.758537,0.0,0,0,0.0,0.0,2024-02-08 12:32:04.742835,1971.6949462890625
2024-02-08 12:32:05.755608,8805.06,10.1,44.0,45.3,4.99,READY,4.900,0.032,173,6897,FULL,2024-02-08 12:32:04.761360,0.0,0,0,0.0,0.0,2024-02-08 12:32:05.744542,1969.515037536621
2024-02-08 12:32:06.748112,8948.04,10.1,44.0,45.3,4.99,READY,4.903,0.032,172,7009,FULL,2024-02-08 12:32:05.764146,0.0,0,0,0.0,0.0,2024-02-08 12:32:06.746604,1968.4093475341797
2024-02-08 12:32:07.756392,8857.40,10.1,44.0,45.3,5.03,READY,4.905,0.032,173,6938,FULL,2024-02-08 12:32:06.765807,0.0,0,0,0.0,0.0,2024-02-08 12:32:07.748370,1971.6318130493164
2024-02-08 12:32:08.764723,8941.66,10.1,44.0,45.3,4.99,READY,4.903,0.031,172,7004,FULL,2024-02-08 12:32:07.766900,0.0,0,0,0.0,0.0,2024-02-08 12:32:08.750153,1970.4154968261719
2024-02-08 12:32:09.756489,8836.97,10.1,44.0,45.3,5.01,READY,4.903,0.033,173,6922,FULL,2024-02-08 12:32:08.768231,0.0,0,0,0.0,0.0,2024-02-08 12:32:09.751969,1971.505355834961
2024-02-08 12:32:10.748852,8856.12,10.1,44.0,45.3,5.02,READY,4.897,0.030,172,6937,FULL,2024-02-08 12:32:09.754983,0.0,0,0,0.0,0.0,2024-02-08 12:32:10.753863,1973.0850219726562
2024-02-08 12:32:11.740986,8881.65,10.1,44.0,45.4,4.99,READY,4.895,0.031,173,6957,FULL,2024-02-08 12:32:10.756368,0.0,0,0,0.0,0.0,2024-02-08 12:32:11.739478,1972.042465209961
2024-02-08 12:32:12.749279,8844.63,10.1,44.0,45.4,5.02,READY,4.889,0.030,172,6928,FULL,2024-02-08 12:32:11.758188,0.0,0,0,0.0,0.0,2024-02-08 12:32:12.741253,1966.261100769043
2024-02-08 12:32:13.757461,8665.90,10.0,44.1,45.4,5.00,READY,4.883,0.031,172,6788,FULL,2024-02-08 12:32:12.759284,0.0,0,0,0.0,0.0,2024-02-08 12:32:13.742939,1972.2003936767578
2024-02-08 12:32:14.750029,8868.89,10.0,44.1,45.4,5.02,READY,4.876,0.031,173,6947,FULL,2024-02-08 12:32:13.760969,0.0,0,0,0.0,0.0,2024-02-08 12:32:14.744507,1969.8310852050781
2024-02-08 12:32:15.757895,8769.31,10.0,44.1,45.4,4.99,READY,4.870,0.032,172,6869,FULL,2024-02-08 12:32:14.762032,0.0,0,0,0.0,0.0,2024-02-08 12:32:15.746341,1969.1360473632812
2024-02-08 12:32:16.750127,8769.31,10.0,44.1,45.4,5.02,READY,4.870,0.030,173,6869,FULL,2024-02-08 12:32:15.763934,0.0,0,0,0.0,0.0,2024-02-08 12:32:16.748117,1971.6001510620117
2024-02-08 12:32:17.758995,8858.67,10.0,44.1,45.4,5.00,READY,4.872,0.030,172,6939,FULL,2024-02-08 12:32:16.764642,0.0,0,0,0.0,0.0,2024-02-08 12:32:17.749967,1970.541763305664
2024-02-08 12:32:18.766679,8724.63,10.0,44.1,45.4,4.99,READY,4.873,0.031,172,6834,FULL,2024-02-08 12:32:17.768501,0.0,0,0,0.0,0.0,2024-02-08 12:32:18.751657,1971.7580795288086
2024-02-08 12:32:19.743930,8949.32,10.0,44.1,45.4,4.99,READY,4.875,0.030,173,7010,FULL,2024-02-08 12:32:18.754172,0.0,0,0,0.0,0.0,2024-02-08 12:32:19.753442,1972.6268768310547
2024-02-08 12:32:20.751510,8949.32,10.0,44.1,45.4,5.03,READY,4.879,0.031,172,7010,FULL,2024-02-08 12:32:19.755444,0.0,0,0,0.0,0.0,2024-02-08 12:32:20.738987,1970.9684371948242
2024-02-08 12:32:21.743470,8865.06,10.0,44.1,45.4,4.99,READY,4.884,0.030,173,6944,FULL,2024-02-08 12:32:20.757513,0.0,0,0,0.0,0.0,2024-02-08 12:32:21.740457,1967.824935913086
2024-02-08 12:32:22.751883,8743.78,10.0,44.1,45.4,5.02,READY,4.893,0.030,172,6849,FULL,2024-02-08 12:32:21.757509,0.0,0,0,0.0,0.0,2024-02-08 12:32:22.742367,1970.7155227661133
2024-02-08 12:32:23.744561,8752.71,10.0,44.0,45.5,5.03,READY,4.901,0.030,173,6856,FULL,2024-02-08 12:32:22.758889,0.0,0,0,0.0,0.0,2024-02-08 12:32:23.744052,1969.0254211425781
2024-02-08 12:32:24.751995,8724.63,10.0,44.0,45.5,4.99,READY,4.905,0.032,172,6834,FULL,2024-02-08 12:32:23.758564,0.0,0,0,0.0,0.0,2024-02-08 12:32:24.745939,1969.1991806030273
2024-02-08 12:32:25.744307,9009.32,10.0,44.0,45.5,5.02,READY,4.901,0.031,173,7057,FULL,2024-02-08 12:32:24.755541,0.0,0,0,0.0,0.0,2024-02-08 12:32:25.747818,1971.2684631347656
2024-02-08 12:32:26.752747,8654.41,10.0,44.0,45.5,4.99,READY,4.896,0.028,172,6779,FULL,2024-02-08 12:32:25.760825,0.0,0,0,0.0,0.0,2024-02-08 12:32:26.749693,1969.5625305175781
2024-02-08 12:32:27.761006,8568.88,10.0,44.0,45.5,4.99,READY,4.890,0.028,173,6712,FULL,2024-02-08 12:32:26.761252,0.0,0,0,0.0,0.0,2024-02-08 12:32:27.751492,1970.7155227661133
2024-02-08 12:32:28.752809,8593.13,10.0,44.0,45.5,5.01,READY,4.885,0.029,172,6731,FULL,2024-02-08 12:32:27.763510,0.0,0,0,0.0,0.0,2024-02-08 12:32:28.753365,1971.2526321411133
2024-02-08 12:32:29.761037,8895.70,10.0,44.0,45.5,4.99,READY,4.884,0.029,173,6968,FULL,2024-02-08 12:32:28.763405,0.0,0,0,0.0,0.0,2024-02-08 12:32:29.738899,1969.0095901489258
2024-02-08 12:32:30.753668,8802.50,10.1,44.0,45.5,5.03,READY,4.879,0.030,172,6895,FULL,2024-02-08 12:32:29.763578,0.0,0,0,0.0,0.0,2024-02-08 12:32:30.740656,1964.6814346313477
2024-02-08 12:32:31.761807,8825.48,10.1,44.0,45.5,4.99,READY,4.878,0.030,173,6913,FULL,2024-02-08 12:32:30.764674,0.0,0,0,0.0,0.0,2024-02-08 12:32:31.742131,1969.6098327636719
2024-02-08 12:32:32.754024,8674.84,10.1,44.0,45.5,5.00,READY,4.882,0.031,172,6795,FULL,2024-02-08 12:32:31.766848,0.0,0,0,0.0,0.0,2024-02-08 12:32:32.743978,1968.109130859375
2024-02-08 12:32:33.762160,8706.75,10.1,44.0,45.5,4.99,READY,4.888,0.031,172,6820,FULL,2024-02-08 12:32:32.768564,0.0,0,0,0.0,0.0,2024-02-08 12:32:33.745490,1968.0301666259766
2024-02-08 12:32:34.739945,8941.66,10.1,44.0,45.5,5.01,READY,4.891,0.033,173,7004,FULL,2024-02-08 12:32:33.768664,0.0,0,0,0.0,0.0,2024-02-08 12:32:34.747735,1971.078872680664
2024-02-08 12:32:35.747160,8857.40,10.1,44.0,45.6,5.00,READY,4.892,0.033,172,6938,FULL,2024-02-08 12:32:34.758798,0.0,0,0,0.0,0.0,2024-02-08 12:32:35.750447,1969.6098327636719
2024-02-08 12:32:36.754844,8851.01,10.1,44.0,45.6,4.99,READY,4.894,0.033,172,6933,FULL,2024-02-08 12:32:35.764194,0.0,0,0,0.0,0.0,2024-02-08 12:32:36.752782,1962.9280090332031
2024-02-08 12:32:37.763039,8981.23,10.1,44.0,45.6,4.99,READY,4.892,0.033,173,7035,FULL,2024-02-08 12:32:36.767616,0.0,0,0,0.0,0.0,2024-02-08 12:32:37.739568,1969.2781448364258
2024-02-08 12:32:38.755344,8732.29,10.1,44.0,45.6,5.02,READY,4.891,0.031,172,6840,FULL,2024-02-08 12:32:37.758030,0.0,0,0,0.0,0.0,2024-02-08 12:32:38.741776,1968.1407928466797
2024-02-08 12:32:39.747534,8728.46,10.1,44.0,45.6,4.99,READY,4.889,0.029,173,6837,FULL,2024-02-08 12:32:38.769386,0.0,0,0,0.0,0.0,2024-02-08 12:32:39.743522,1964.3180847167969
2024-02-08 12:32:40.755862,8773.14,10.1,44.0,45.6,4.99,READY,4.887,0.031,172,6872,FULL,2024-02-08 12:32:39.754538,0.0,0,0,0.0,0.0,2024-02-08 12:32:40.745343,1968.962287902832
2024-02-08 12:32:41.748189,8773.14,10.1,44.0,45.6,5.02,READY,4.879,0.031,173,6872,FULL,2024-02-08 12:32:40.765863,0.0,0,0,0.0,0.0,2024-02-08 12:32:41.747138,1968.425178527832
2024-02-08 12:32:42.756589,8679.94,10.1,44.0,45.6,4.99,READY,4.880,0.030,172,6799,FULL,2024-02-08 12:32:41.763226,0.0,0,0,0.0,0.0,2024-02-08 12:32:42.749022,1963.1807327270508
2024-02-08 12:32:43.764517,8806.33,10.1,44.0,45.6,5.01,READY,4.882,0.029,173,6898,FULL,2024-02-08 12:32:42.767178,0.0,0,0,0.0,0.0,2024-02-08 12:32:43.750967,1967.4774169921875
2024-02-08 12:32:44.756719,8927.61,10.1,44.0,45.6,5.00,READY,4.884,0.029,172,6993,FULL,2024-02-08 12:32:43.765558,0.0,0,0,0.0,0.0,2024-02-08 12:32:44.752713,1966.482162475586
2024-02-08 12:32:45.749372,9005.49,10.1,44.0,45.6,4.99,READY,4.888,0.031,173,7054,FULL,2024-02-08 12:32:44.766225,0.0,0,0,0.0,0.0,2024-02-08 12:32:45.738367,1964.381217956543
2024-02-08 12:32:46.757370,8861.23,10.0,44.0,45.6,5.02,READY,4.892,0.031,172,6941,FULL,2024-02-08 12:32:45.765501,0.0,0,0,0.0,0.0,2024-02-08 12:32:46.740179,1968.0145263671875
2024-02-08 12:32:47.765648,8863.78,10.0,44.0,45.6,4.99,READY,4.897,0.032,173,6943,FULL,2024-02-08 12:32:46.767417,0.0,0,0,0.0,0.0,2024-02-08 12:32:47.741943,1968.3935165405273
2024-02-08 12:32:48.742880,8830.59,10.0,44.0,45.7,5.02,READY,4.903,0.031,172,6917,FULL,2024-02-08 12:32:47.758630,0.0,0,0,0.0,0.0,2024-02-08 12:32:48.744649,1966.0715103149414
2024-02-08 12:32:49.750518,8780.80,10.0,44.0,45.7,5.01,READY,4.906,0.032,173,6878,FULL,2024-02-08 12:32:48.758219,0.0,0,0,0.0,0.0,2024-02-08 12:32:49.747822,1963.0386352539062
2024-02-08 12:32:50.758084,8802.50,10.0,44.0,45.7,4.99,READY,4.909,0.028,172,6895,FULL,2024-02-08 12:32:49.758573,0.0,0,0,0.0,0.0,2024-02-08 12:32:50.750543,1965.0447845458984
2024-02-08 12:32:51.750838,8746.33,10.0,44.0,45.7,5.03,READY,4.906,0.030,173,6851,FULL,2024-02-08 12:32:50.758084,0.0,0,0,0.0,0.0,2024-02-08 12:32:51.753071,1965.5027389526367
2024-02-08 12:32:52.758914,8858.67,10.0,44.0,45.7,4.99,READY,4.902,0.030,172,6939,FULL,2024-02-08 12:32:51.758651,0.0,0,0,0.0,0.0,2024-02-08 12:32:52.739372,1963.4492874145508
2024-02-08 12:32:53.751223,8820.38,10.0,44.0,45.7,4.99,READY,4.896,0.029,173,6909,FULL,2024-02-08 12:32:52.764641,0.0,0,0,0.0,0.0,2024-02-08 12:32:53.741485,1967.129898071289
2024-02-08 12:32:54.759253,8565.05,10.0,44.0,45.7,5.02,READY,4.894,0.030,172,6709,FULL,2024-02-08 12:32:53.768098,0.0,0,0,0.0,0.0,2024-02-08 12:32:54.744169,1966.1663055419922
2024-02-08 12:32:55.751667,8865.06,10.0,44.0,45.7,4.99,READY,4.892,0.029,173,6944,FULL,2024-02-08 12:32:54.755236,0.0,0,0,0.0,0.0,2024-02-08 12:32:55.746865,1962.864875793457
2024-02-08 12:32:56.743792,8819.10,10.1,44.0,45.7,5.02,READY,4.892,0.032,172,6908,FULL,2024-02-08 12:32:55.765495,0.0,0,0,0.0,0.0,2024-02-08 12:32:56.749013,1964.112663269043
2024-02-08 12:32:57.751800,8747.61,10.1,44.0,45.7,5.02,READY,4.890,0.029,173,6852,FULL,2024-02-08 12:32:56.759240,0.0,0,0,0.0,0.0,2024-02-08 12:32:57.751800,1963.686180114746
2024-02-08 12:32:58.760582,8747.61,10.1,44.0,45.7,4.99,READY,4.891,0.028,172,6852,FULL,2024-02-08 12:32:57.766577,0.0,0,0,0.0,0.0,2024-02-08 12:32:58.754265,1962.9438400268555
2024-02-08 12:32:59.752557,8931.44,10.1,44.0,45.8,5.02,READY,4.895,0.032,173,6996,FULL,2024-02-08 12:32:58.761604,0.0,0,0,0.0,0.0,2024-02-08 12:32:59.740857,1958.8525772094727
2024-02-08 12:33:00.744816,8986.34,10.1,44.0,45.8,4.99,READY,4.896,0.033,172,7039,FULL,2024-02-08 12:32:59.757629,0.0,0,0,0.0,0.0,2024-02-08 12:33:00.743260,1947.0211029052734
2024-02-08 12:33:01.753074,8774.42,10.1,44.0,45.8,5.00,READY,4.900,0.030,173,6873,FULL,2024-02-08 12:33:00.757753,0.0,0,0,0.0,0.0,2024-02-08 12:33:01.748317,1962.1223449707031
2024-02-08 12:33:02.761498,8746.33,10.1,44.0,45.8,5.02,READY,4.902,0.031,172,6851,FULL,2024-02-08 12:33:01.768948,0.0,0,0,0.0,0.0,2024-02-08 12:33:02.750202,1962.3750686645508
2024-02-08 12:33:03.753270,8849.74,10.1,44.0,45.8,4.99,READY,4.903,0.031,173,6932,FULL,2024-02-08 12:33:02.753930,0.0,0,0,0.0,0.0,2024-02-08 12:33:03.752747,1955.8670043945312
2024-02-08 12:33:04.761732,8907.19,10.1,44.0,45.8,5.03,READY,4.905,0.031,172,6977,FULL,2024-02-08 12:33:03.764942,0.0,0,0,0.0,0.0,2024-02-08 12:33:04.738982,1962.8963470458984
2024-02-08 12:33:05.754134,8969.74,10.1,44.0,45.8,4.99,READY,4.903,0.031,173,7026,FULL,2024-02-08 12:33:04.767296,0.0,0,0,0.0,0.0,2024-02-08 12:33:05.741069,1961.6485595703125
2024-02-08 12:33:06.762582,8676.11,10.1,44.0,45.8,4.99,READY,4.903,0.028,172,6796,FULL,2024-02-08 12:33:05.768873,0.0,0,0,0.0,0.0,2024-02-08 12:33:06.744017,1958.805274963379
2024-02-08 12:33:07.739352,8875.27,10.0,44.0,45.8,5.01,READY,4.894,0.031,173,6952,FULL,2024-02-08 12:33:06.768273,0.0,0,0,0.0,0.0,2024-02-08 12:33:07.746858,1960.7797622680664
2024-02-08 12:33:08.746810,8770.59,10.0,44.0,45.8,4.99,READY,4.891,0.029,172,6870,FULL,2024-02-08 12:33:07.768536,0.0,0,0,0.0,0.0,2024-02-08 12:33:08.748856,1962.485694885254
2024-02-08 12:33:09.738824,8545.90,10.0,44.0,45.8,5.01,READY,4.885,0.028,173,6694,FULL,2024-02-08 12:33:08.754372,0.0,0,0,0.0,0.0,2024-02-08 12:33:09.751663,1961.5537643432617
2024-02-08 12:33:10.746996,8668.45,10.0,44.0,45.8,5.01,READY,4.883,0.032,172,6790,FULL,2024-02-08 12:33:09.757724,0.0,0,0,0.0,0.0,2024-02-08 12:33:10.754049,1955.0773620605469
2024-02-08 12:33:11.739494,8836.97,10.0,44.0,45.8,4.99,READY,4.877,0.029,173,6922,FULL,2024-02-08 12:33:10.756563,0.0,0,0,0.0,0.0,2024-02-08 12:33:11.740505,1961.0956192016602
2024-02-08 12:33:12.747501,8617.39,10.1,44.0,45.8,5.01,READY,4.877,0.028,172,6750,FULL,2024-02-08 12:33:11.757852,0.0,0,0,0.0,0.0,2024-02-08 12:33:12.742825,1960.7166290283203
2024-02-08 12:33:13.755971,8895.70,10.1,44.0,45.8,4.99,READY,4.882,0.031,173,6968,FULL,2024-02-08 12:33:12.762592,0.0,0,0,0.0,0.0,2024-02-08 12:33:13.745376,1958.2839965820312
2024-02-08 12:33:14.748049,9424.23,10.0,44.0,45.9,5.02,READY,4.887,0.032,172,7382,FULL,2024-02-08 12:33:13.764217,0.0,0,0,0.0,0.0,2024-02-08 12:33:14.748049,1961.9329452514648
2024-02-08 12:33:15.756511,9780.42,10.0,44.0,45.9,5.02,READY,4.890,0.031,173,7661,FULL,2024-02-08 12:33:14.763859,0.0,0,0,0.0,0.0,2024-02-08 12:33:15.750815,1962.1856689453125
2024-02-08 12:33:16.748778,9600.41,10.0,44.0,45.9,4.99,READY,4.901,0.033,172,7520,FULL,2024-02-08 12:33:15.764743,0.0,0,0,0.0,0.0,2024-02-08 12:33:16.753389,1960.2584838867188
2024-02-08 12:33:17.756879,9992.34,10.0,44.0,45.9,5.02,READY,4.905,0.035,173,7827,FULL,2024-02-08 12:33:16.766137,0.0,0,0,0.0,0.0,2024-02-08 12:33:17.739935,1955.1088333129883
2024-02-08 12:33:18.765082,9937.44,10.0,44.0,45.9,5.00,READY,4.903,0.031,172,7784,FULL,2024-02-08 12:33:17.766617,0.0,0,0,0.0,0.0,2024-02-08 12:33:18.742833,1960.7797622680664
2024-02-08 12:33:19.757337,9747.22,10.0,44.0,45.9,4.99,READY,4.903,0.034,172,7635,FULL,2024-02-08 12:33:18.767239,0.0,0,0,0.0,0.0,2024-02-08 12:33:19.745227,1961.3958358764648
2024-02-08 12:33:20.749576,9751.05,10.0,44.0,45.9,4.99,READY,4.898,0.035,173,7638,FULL,2024-02-08 12:33:19.753821,0.0,0,0,0.0,0.0,2024-02-08 12:33:20.747832,1959.468650817871
2024-02-08 12:33:21.741526,9728.07,10.0,44.0,45.9,5.01,READY,4.898,0.032,172,7620,FULL,2024-02-08 12:33:20.755138,0.0,0,0,0.0,0.0,2024-02-08 12:33:21.750273,1960.7797622680664
2024-02-08 12:33:22.750043,10126.39,10.0,44.0,45.9,5.00,READY,4.896,0.035,172,7932,FULL,2024-02-08 12:33:21.762787,0.0,0,0,0.0,0.0,2024-02-08 12:33:22.752594,1960.8903884887695
2024-02-08 12:33:23.758239,10614.07,10.0,44.0,45.9,5.02,READY,4.893,0.035,173,8314,FULL,2024-02-08 12:33:22.763101,0.0,0,0,0.0,0.0,2024-02-08 12:33:23.738501,1959.136962890625
2024-02-08 12:33:24.751090,10603.86,10.0,44.0,45.9,4.99,READY,4.886,0.034,172,8306,FULL,2024-02-08 12:33:23.764282,0.0,0,0,0.0,0.0,2024-02-08 12:33:24.741253,1953.2133102416992
2024-02-08 12:33:25.758703,11177.07,10.0,44.0,45.9,5.01,READY,4.884,0.037,173,8755,FULL,2024-02-08 12:33:24.766608,0.0,0,0,0.0,0.0,2024-02-08 12:33:25.743958,1960.2584838867188
2024-02-08 12:33:26.751003,10808.12,10.0,44.0,45.9,4.99,READY,4.884,0.035,172,8466,FULL,2024-02-08 12:33:25.766405,0.0,0,0,0.0,0.0,2024-02-08 12:33:26.746779,1960.4005813598633
2024-02-08 12:33:27.759417,10674.07,10.0,44.0,45.9,5.01,READY,4.883,0.037,173,8361,FULL,2024-02-08 12:33:26.766861,0.0,0,0,0.0,0.0,2024-02-08 12:33:27.749678,1957.0518493652344
2024-02-08 12:33:28.751453,10988.13,10.0,44.0,46.0,5.02,READY,4.885,0.038,172,8607,FULL,2024-02-08 12:33:27.767127,0.0,0,0,0.0,0.0,2024-02-08 12:33:28.751453,1959.089469909668
2024-02-08 12:33:29.759747,10976.64,10.0,44.0,46.0,4.99,READY,4.886,0.039,173,8598,FULL,2024-02-08 12:33:28.768410,0.0,0,0,0.0,0.0,2024-02-08 12:33:29.754131,1957.7152252197266
2024-02-08 12:33:30.752065,10674.07,10.0,44.0,46.0,5.02,READY,4.886,0.035,172,8361,FULL,2024-02-08 12:33:29.766865,0.0,0,0,0.0,0.0,2024-02-08 12:33:30.740457,1957.4308395385742
2024-02-08 12:33:31.760303,10808.12,10.0,44.0,46.0,4.99,READY,4.886,0.039,173,8466,FULL,2024-02-08 12:33:30.767381,0.0,0,0,0.0,0.0,2024-02-08 12:33:31.743218,1952.3761749267578
2024-02-08 12:33:32.752427,10734.07,10.0,44.0,46.0,4.99,READY,4.885,0.035,172,8408,FULL,2024-02-08 12:33:31.768317,0.0,0,0,0.0,0.0,2024-02-08 12:33:32.745848,1959.1684341430664
2024-02-08 12:33:33.760387,10923.02,10.0,44.0,46.0,5.01,READY,4.884,0.038,173,8556,FULL,2024-02-08 12:33:32.754074,0.0,0,0,0.0,0.0,2024-02-08 12:33:33.748129,1958.4733963012695
2024-02-08 12:33:34.752958,10713.65,10.0,44.0,46.0,4.99,READY,4.927,0.034,172,8392,FULL,2024-02-08 12:33:33.768439,0.0,0,0,0.0,0.0,2024-02-08 12:33:34.750352,1953.7818908691406
2024-02-08 12:33:35.744913,10686.84,10.0,44.0,46.0,5.01,READY,4.901,0.034,173,8371,FULL,2024-02-08 12:33:34.754621,0.0,0,0,0.0,0.0,2024-02-08 12:33:35.752440,1957.4308395385742
2024-02-08 12:33:36.753178,10579.60,10.0,44.0,46.0,5.01,READY,4.898,0.033,172,8287,FULL,2024-02-08 12:33:35.756000,0.0,0,0,0.0,0.0,2024-02-08 12:33:36.754931,1957.1781158447266
2024-02-08 12:33:37.745416,10841.31,10.0,44.0,46.0,4.99,READY,4.882,0.035,173,8492,FULL,2024-02-08 12:33:36.756619,0.0,0,0,0.0,0.0,2024-02-08 12:33:37.741634,1956.4516067504883
2024-02-08 12:33:38.753854,10145.54,10.0,44.0,46.0,5.01,READY,4.878,0.033,172,7947,FULL,2024-02-08 12:33:37.756611,0.0,0,0,0.0,0.0,2024-02-08 12:33:38.744264,1950.2435684204102
2024-02-08 12:33:39.746042,10165.96,10.0,44.0,46.0,4.99,READY,4.875,0.034,173,7963,FULL,2024-02-08 12:33:38.757891,0.0,0,0,0.0,0.0,2024-02-08 12:33:39.747090,1958.062744140625
2024-02-08 12:33:40.754200,9968.08,10.0,44.0,46.0,4.99,READY,4.876,0.033,172,7808,FULL,2024-02-08 12:33:39.759323,0.0,0,0,0.0,0.0,2024-02-08 12:33:40.749674,1956.7358016967773
2024-02-08 12:33:41.746514,9954.04,10.0,44.0,46.0,5.02,READY,4.882,0.033,173,7797,FULL,2024-02-08 12:33:40.759343,0.0,0,0,0.0,0.0,2024-02-08 12:33:41.751619,1950.448989868164
2024-02-08 12:33:42.754546,10076.60,10.0,44.0,46.0,4.99,READY,4.882,0.034,172,7893,FULL,2024-02-08 12:33:41.759911,0.0,0,0,0.0,0.0,2024-02-08 12:33:42.753932,1954.982566833496
2024-02-08 12:33:43.747055,9915.74,10.0,44.0,46.0,5.01,READY,4.884,0.031,173,7767,FULL,2024-02-08 12:33:42.760263,0.0,0,0,0.0,0.0,2024-02-08 12:33:43.740768,1954.5402526855469
2024-02-08 12:33:44.755263,9728.07,10.0,44.0,46.0,4.99,READY,4.885,0.030,172,7620,FULL,2024-02-08 12:33:43.761299,0.0,0,0,0.0,0.0,2024-02-08 12:33:44.743535,1953.260612487793
2024-02-08 12:33:45.747625,9766.37,10.0,44.0,46.1,4.99,READY,4.886,0.031,173,7650,FULL,2024-02-08 12:33:44.761448,0.0,0,0,0.0,0.0,2024-02-08 12:33:45.745860,1947.1948623657227
2024-02-08 12:33:46.755382,9946.38,10.0,44.0,46.1,5.01,READY,4.892,0.033,172,7791,FULL,2024-02-08 12:33:45.762326,0.0,0,0,0.0,0.0,2024-02-08 12:33:46.748348,1954.9192428588867
2024-02-08 12:33:47.747998,10270.65,10.0,44.0,46.1,4.99,READY,4.894,0.034,173,8045,FULL,2024-02-08 12:33:46.764170,0.0,0,0,0.0,0.0,2024-02-08 12:33:47.750608,1953.5608291625977
2024-02-08 12:33:48.755984,10652.37,10.0,44.0,46.1,5.02,READY,4.895,0.033,172,8344,FULL,2024-02-08 12:33:47.764839,0.0,0,0,0.0,0.0,2024-02-08 12:33:48.753277,1946.2156295776367
2024-02-08 12:33:49.748275,11101.75,10.0,44.0,46.1,5.01,READY,4.896,0.037,173,8696,FULL,2024-02-08 12:33:48.765194,0.0,0,0,0.0,0.0,2024-02-08 12:33:49.739555,1951.4915466308594
2024-02-08 12:33:50.756887,10722.58,10.0,44.0,46.1,5.00,READY,4.887,0.034,172,8399,FULL,2024-02-08 12:33:49.766186,0.0,0,0,0.0,0.0,2024-02-08 12:33:50.742572,1951.8548965454102
2024-02-08 12:33:51.764844,10739.18,10.0,44.0,46.1,4.99,READY,4.883,0.032,172,8412,FULL,2024-02-08 12:33:50.766950,0.0,0,0,0.0,0.0,2024-02-08 12:33:51.745624,1950.117301940918
2024-02-08 12:33:52.757433,10592.37,10.0,44.0,46.1,5.02,READY,4.878,0.037,173,8297,FULL,2024-02-08 12:33:51.767382,0.0,0,0,0.0,0.0,2024-02-08 12:33:52.747670,1944.509506225586
2024-02-08 12:33:53.765578,10306.40,10.0,44.0,46.1,5.01,READY,4.874,0.033,172,8073,FULL,2024-02-08 12:33:52.766991,0.0,0,0,0.0,0.0,2024-02-08 12:33:53.749781,1951.4440536499023
2024-02-08 12:33:54.757457,9919.57,10.0,44.0,46.1,4.99,READY,4.870,0.032,173,7770,FULL,2024-02-08 12:33:53.768648,0.0,0,0,0.0,0.0,2024-02-08 12:33:54.752279,1949.4537353515625
2024-02-08 12:33:55.765753,10001.28,10.0,44.0,46.1,5.02,READY,4.869,0.033,172,7834,FULL,2024-02-08 12:33:54.754393,0.0,0,0,0.0,0.0,2024-02-08 12:33:55.739324,1945.4730987548828
2024-02-08 12:33:56.758240,10347.25,10.0,44.0,46.1,4.99,READY,4.868,0.034,173,8105,FULL,2024-02-08 12:33:55.768818,0.0,0,0,0.0,0.0,2024-02-08 12:33:56.741829,1946.8473434448242
2024-02-08 12:33:57.750302,9982.13,10.0,44.0,46.1,5.02,READY,4.866,0.037,172,7819,FULL,2024-02-08 12:33:56.768754,0.0,0,0,0.0,0.0,2024-02-08 12:33:57.744717,1947.4475860595703
2024-02-08 12:33:58.742432,10242.56,10.0,44.0,46.1,5.02,READY,4.867,0.032,173,8023,FULL,2024-02-08 12:33:57.754823,0.0,0,0,0.0,0.0,2024-02-08 12:33:58.746989,1945.9785461425781
2024-02-08 12:33:59.750847,10040.85,10.0,44.0,46.1,4.99,READY,4.875,0.034,172,7865,FULL,2024-02-08 12:33:58.757163,0.0,0,0,0.0,0.0,2024-02-08 12:33:59.749145,1940.5763626098633
2024-02-08 12:34:00.743606,10107.24,10.0,44.0,46.1,5.01,READY,4.879,0.032,173,7917,FULL,2024-02-08 12:33:59.758540,0.0,0,0,0.0,0.0,2024-02-08 12:34:00.751221,1938.2226943969727
2024-02-08 12:34:01.751291,10344.70,10.0,44.0,46.1,4.99,READY,4.884,0.033,172,8103,FULL,2024-02-08 12:34:00.758929,0.0,0,0,0.0,0.0,2024-02-08 12:34:01.743670,1943.1983947753906
2024-02-08 12:34:02.759510,9925.95,10.0,44.1,46.1,4.99,READY,4.888,0.034,173,7775,FULL,2024-02-08 12:34:01.760893,0.0,0,0,0.0,0.0,2024-02-08 12:34:02.745795,1942.5033569335938
2024-02-08 12:34:03.752292,10254.05,10.0,44.1,46.1,5.01,READY,4.928,0.037,172,8032,FULL,2024-02-08 12:34:02.761177,0.0,0,0,0.0,0.0,2024-02-08 12:34:03.748549,1938.6491775512695
2024-02-08 12:34:04.760244,9684.67,10.0,44.0,46.1,4.98,READY,4.924,0.032,173,7586,FULL,2024-02-08 12:34:03.761988,0.0,0,0,0.0,0.0,2024-02-08 12:34:04.750972,1941.3976669311523
2024-02-08 12:34:05.752374,9749.78,10.0,44.0,46.1,5.02,READY,4.921,0.031,172,7637,FULL,2024-02-08 12:34:04.763942,0.0,0,0,0.0,0.0,2024-02-08 12:34:05.753421,1938.8702392578125
2024-02-08 12:34:06.760795,9541.68,10.0,44.1,46.1,5.01,READY,4.915,0.031,173,7474,FULL,2024-02-08 12:34:05.765942,0.0,0,0,0.0,0.0,2024-02-08 12:34:06.740094,1936.5324020385742
2024-02-08 12:34:07.753106,9638.71,10.0,44.1,46.1,4.99,READY,4.905,0.031,172,7550,FULL,2024-02-08 12:34:06.765976,0.0,0,0,0.0,0.0,2024-02-08 12:34:07.742350,1927.1652221679688
2024-02-08 12:34:08.760908,9872.33,10.0,44.1,46.1,5.02,READY,4.901,0.033,173,7733,FULL,2024-02-08 12:34:07.765664,0.0,0,0,0.0,0.0,2024-02-08 12:34:08.744543,1933.7522506713867
2024-02-08 12:34:09.753643,9851.91,10.0,44.1,46.1,4.99,READY,4.898,0.033,172,7717,FULL,2024-02-08 12:34:08.767963,0.0,0,0,0.0,0.0,2024-02-08 12:34:09.746858,1933.388900756836
2024-02-08 12:34:10.761803,9902.97,10.0,44.1,46.1,5.00,READY,4.890,0.033,173,7757,FULL,2024-02-08 12:34:09.769366,0.0,0,0,0.0,0.0,2024-02-08 12:34:10.749015,1927.2600173950195
2024-02-08 12:34:11.754072,10275.76,10.0,44.0,46.1,5.01,READY,4.882,0.035,172,8049,FULL,2024-02-08 12:34:10.767143,0.0,0,0,0.0,0.0,2024-02-08 12:34:11.751508,1933.0888748168945
2024-02-08 12:34:12.762236,9996.17,10.0,44.0,46.1,4.99,READY,4.871,0.031,173,7830,FULL,2024-02-08 12:34:11.768216,0.0,0,0,0.0,0.0,2024-02-08 12:34:12.754225,1932.3305130004883
2024-02-08 12:34:13.739400,10017.87,10.0,44.0,46.1,5.02,READY,4.870,0.033,172,7847,FULL,2024-02-08 12:34:12.753174,0.0,0,0,0.0,0.0,2024-02-08 12:34:13.741152,1930.6877136230469
2024-02-08 12:34:14.746919,10038.30,10.0,44.0,46.1,4.99,READY,4.870,0.032,173,7863,FULL,2024-02-08 12:34:13.754375,0.0,0,0,0.0,0.0,2024-02-08 12:34:14.743712,1921.4469909667969
2024-02-08 12:34:15.754885,10030.64,10.0,44.0,46.1,4.99,READY,4.869,0.034,172,7857,FULL,2024-02-08 12:34:14.755478,0.0,0,0,0.0,0.0,2024-02-08 12:34:15.746634,1929.4240951538086
2024-02-08 12:34:16.746854,10067.66,10.0,44.0,46.1,5.01,READY,4.880,0.033,173,7886,FULL,2024-02-08 12:34:15.755905,0.0,0,0,0.0,0.0,2024-02-08 12:34:16.748962,1928.7290573120117
2024-02-08 12:34:17.755528,10219.58,10.0,44.0,46.1,4.99,READY,4.882,0.037,172,8005,FULL,2024-02-08 12:34:16.758200,0.0,0,0,0.0,0.0,2024-02-08 12:34:17.751752,1924.8905181884766
2024-02-08 12:34:18.747441,10546.41,10.0,44.0,46.1,5.02,READY,4.884,0.035,173,8261,FULL,2024-02-08 12:34:17.758752,0.0,0,0,0.0,0.0,2024-02-08 12:34:18.754174,1929.234504699707
2024-02-08 12:34:19.755755,10390.65,10.0,44.0,46.1,5.01,READY,4.888,0.039,172,8139,FULL,2024-02-08 12:34:18.758860,0.0,0,0,0.0,0.0,2024-02-08 12:34:19.740948,1928.3025741577148
2024-02-08 12:34:20.748060,10412.36,10.0,44.0,46.1,4.99,READY,4.930,0.033,173,8156,FULL,2024-02-08 12:34:19.761009,0.0,0,0,0.0,0.0,2024-02-08 12:34:20.743453,1925.301170349121
2024-02-08 12:34:21.756572,10596.20,10.0,44.0,46.1,5.01,READY,4.922,0.035,172,8300,FULL,2024-02-08 12:34:20.760581,0.0,0,0,0.0,0.0,2024-02-08 12:34:21.746277,1916.9609069824219
2024-02-08 12:34:22.748809,10718.75,10.0,44.0,46.1,4.99,READY,4.916,0.033,173,8396,FULL,2024-02-08 12:34:21.763087,0.0,0,0,0.0,0.0,2024-02-08 12:34:22.748809,1923.405647277832
2024-02-08 12:34:23.757200,9923.40,10.0,44.0,46.1,5.00,READY,4.912,0.032,173,7773,FULL,2024-02-08 12:34:22.762878,0.0,0,0,0.0,0.0,2024-02-08 12:34:23.751942,1923.9110946655273
2024-02-08 12:34:24.749024,9705.09,10.0,44.0,46.1,5.01,READY,4.898,0.032,173,7602,FULL,2024-02-08 12:34:23.763765,0.0,0,0,0.0,0.0,2024-02-08 12:34:24.754790,1921.0994720458984
2024-02-08 12:34:25.757266,8844.63,10.0,44.0,46.1,4.99,READY,4.905,0.028,172,6928,FULL,2024-02-08 12:34:24.765352,0.0,0,0,0.0,0.0,2024-02-08 12:34:25.741522,1914.9703979492188
2024-02-08 12:34:26.750075,9437.00,10.0,44.0,46.1,5.03,READY,4.904,0.032,173,7392,FULL,2024-02-08 12:34:25.765413,0.0,0,0,0.0,0.0,2024-02-08 12:34:26.743814,1923.2635498046875
2024-02-08 12:34:27.758218,8988.89,10.0,44.0,46.1,4.99,READY,4.888,0.031,172,7041,FULL,2024-02-08 12:34:26.765628,0.0,0,0,0.0,0.0,2024-02-08 12:34:27.746408,1937.7487182617188
2024-02-08 12:34:28.765964,9341.25,10.0,44.0,46.1,4.99,READY,4.903,0.033,173,7317,FULL,2024-02-08 12:34:27.767960,0.0,0,0,0.0,0.0,2024-02-08 12:34:28.748723,1932.472801208496
2024-02-08 12:34:29.758723,9059.11,10.0,44.0,46.1,5.01,READY,4.889,0.030,172,7096,FULL,2024-02-08 12:34:28.768653,0.0,0,0,0.0,0.0,2024-02-08 12:34:29.751455,1924.7167587280273
2024-02-08 12:34:30.766726,9142.09,10.0,44.0,46.1,5.00,READY,4.891,0.032,172,7161,FULL,2024-02-08 12:34:29.767910,0.0,0,0,0.0,0.0,2024-02-08 12:34:30.753992,1924.2902755737305
2024-02-08 12:34:31.758661,9200.82,10.1,44.0,46.1,4.98,READY,4.880,0.033,173,7207,FULL,2024-02-08 12:34:30.767755,0.0,0,0,0.0,0.0,2024-02-08 12:34:31.740414,1922.6316452026367
2024-02-08 12:34:32.751493,9165.07,10.1,44.0,46.1,4.99,READY,4.883,0.029,172,7179,FULL,2024-02-08 12:34:31.768716,0.0,0,0,0.0,0.0,2024-02-08 12:34:32.742690,1916.0446166992188
2024-02-08 12:34:33.743703,9601.69,10.1,44.0,46.1,5.02,READY,4.880,0.033,173,7521,FULL,2024-02-08 12:34:32.754726,0.0,0,0,0.0,0.0,2024-02-08 12:34:33.745257,1924.1640090942383
2024-02-08 12:34:34.751760,9470.19,10.1,44.0,46.1,4.99,READY,4.878,0.033,172,7418,FULL,2024-02-08 12:34:33.754950,0.0,0,0,0.0,0.0,2024-02-08 12:34:34.747476,1923.5004425048828
2024-02-08 12:34:35.743911,9304.23,10.1,44.0,46.1,5.01,READY,4.879,0.031,173,7288,FULL,2024-02-08 12:34:34.757480,0.0,0,0,0.0,0.0,2024-02-08 12:34:35.750128,1917.6401138305664
2024-02-08 12:34:36.752108,10220.86,10.1,44.0,46.1,5.01,READY,4.879,0.038,172,8006,FULL,2024-02-08 12:34:35.759361,0.0,0,0,0.0,0.0,2024-02-08 12:34:36.752620,1925.1274108886719
2024-02-08 12:34:37.744494,9341.25,10.1,44.0,46.0,4.99,READY,4.885,0.031,173,7317,FULL,2024-02-08 12:34:36.759312,0.0,0,0,0.0,0.0,2024-02-08 12:34:37.738682,1924.7167587280273
2024-02-08 12:34:38.752911,10107.24,10.1,44.0,46.0,5.02,READY,4.882,0.033,172,7917,FULL,2024-02-08 12:34:37.759179,0.0,0,0,0.0,0.0,2024-02-08 12:34:38.741613,1921.3363647460938
2024-02-08 12:34:39.744497,10118.73,10.1,44.0,46.0,4.99,READY,4.894,0.032,173,7926,FULL,2024-02-08 12:34:38.761142,0.0,0,0,0.0,0.0,2024-02-08 12:34:39.743940,1918.5562133789062
2024-02-08 12:34:40.753319,9624.66,10.1,44.0,46.0,5.01,READY,4.894,0.032,172,7539,FULL,2024-02-08 12:34:39.761363,0.0,0,0,0.0,0.0,2024-02-08 12:34:40.746514,1924.0217208862305
2024-02-08 12:34:41.745297,9948.93,10.1,44.0,46.0,5.01,READY,4.885,0.037,173,7793,FULL,2024-02-08 12:34:40.760549,0.0,0,0,0.0,0.0,2024-02-08 12:34:41.749411,1924.2586135864258
2024-02-08 12:34:42.753689,9513.60,10.1,44.0,46.0,4.99,READY,4.874,0.033,172,7452,FULL,2024-02-08 12:34:41.760958,0.0,0,0,0.0,0.0,2024-02-08 12:34:42.752424,1917.3398971557617
2024-02-08 12:34:43.745573,9654.03,10.1,44.0,46.0,5.00,READY,4.880,0.031,173,7562,FULL,2024-02-08 12:34:42.761727,0.0,0,0,0.0,0.0,2024-02-08 12:34:43.738505,1924.1796493530273
2024-02-08 12:34:44.753961,9645.09,10.1,44.0,46.0,5.01,READY,4.883,0.033,173,7555,FULL,2024-02-08 12:34:43.763285,0.0,0,0,0.0,0.0,2024-02-08 12:34:44.741209,1923.7531661987305
2024-02-08 12:34:45.762250,9402.53,10.1,44.0,46.0,5.02,READY,4.882,0.031,172,7365,FULL,2024-02-08 12:34:44.763972,0.0,0,0,0.0,0.0,2024-02-08 12:34:45.743785,1922.6158142089844
2024-02-08 12:34:46.754508,9103.79,10.1,44.0,46.0,4.99,READY,4.910,0.031,173,7131,FULL,2024-02-08 12:34:45.763883,0.0,0,0,0.0,0.0,2024-02-08 12:34:46.746217,1918.1455612182617
2024-02-08 12:34:47.762559,9803.40,10.1,44.0,46.0,5.02,READY,4.888,0.037,172,7679,FULL,2024-02-08 12:34:46.766237,0.0,0,0,0.0,0.0,2024-02-08 12:34:47.748999,1924.7642517089844
2024-02-08 12:34:48.754806,9925.95,10.1,44.0,46.0,4.99,READY,4.909,0.034,173,7775,FULL,2024-02-08 12:34:47.767797,0.0,0,0,0.0,0.0,2024-02-08 12:34:48.751071,1924.5904922485352
2024-02-08 12:34:49.763178,9678.28,10.1,44.0,46.0,4.99,READY,4.908,0.031,172,7581,FULL,2024-02-08 12:34:48.766999,0.0,0,0,0.0,0.0,2024-02-08 12:34:49.753492,1917.7032470703125
2024-02-08 12:34:50.740155,9171.45,10.1,44.0,46.0,5.02,READY,4.911,0.031,173,7184,FULL,2024-02-08 12:34:49.754108,0.0,0,0,0.0,0.0,2024-02-08 12:34:50.740155,1927.986717224121
2024-02-08 12:34:51.748031,9568.49,10.1,44.0,46.0,4.98,READY,4.910,0.031,172,7495,FULL,2024-02-08 12:34:50.755892,0.0,0,0,0.0,0.0,2024-02-08 12:34:51.742753,1942.1401977539062
2024-02-08 12:34:52.740220,9868.51,10.0,44.0,46.0,5.01,READY,4.911,0.034,173,7730,FULL,2024-02-08 12:34:51.756260,0.0,0,0,0.0,0.0,2024-02-08 12:34:52.745328,1947.968864440918
2024-02-08 12:34:53.747970,10680.45,10.0,44.0,46.0,5.00,READY,4.903,0.038,172,8366,FULL,2024-02-08 12:34:52.755563,0.0,0,0,0.0,0.0,2024-02-08 12:34:53.747970,1943.3406829833984
2024-02-08 12:34:54.756603,10017.87,10.0,44.0,46.0,4.99,READY,4.908,0.033,173,7847,FULL,2024-02-08 12:34:53.757693,0.0,0,0,0.0,0.0,2024-02-08 12:34:54.750372,1945.6153869628906
2024-02-08 12:34:55.748594,9558.28,10.0,44.0,46.0,5.01,READY,4.912,0.032,172,7487,FULL,2024-02-08 12:34:54.758810,0.0,0,0,0.0,0.0,2024-02-08 12:34:55.753141,1947.6213455200195
2024-02-08 12:34:56.757045,9819.99,10.0,44.0,46.0,4.99,READY,4.911,0.032,173,7692,FULL,2024-02-08 12:34:55.757867,0.0,0,0,0.0,0.0,2024-02-08 12:34:56.740005,1948.0321884155273
2024-02-08 12:34:57.749541,9665.52,10.0,44.0,46.0,5.02,READY,4.919,0.029,172,7571,FULL,2024-02-08 12:34:56.757561,0.0,0,0,0.0,0.0,2024-02-08 12:34:57.742769,1950.2277374267578
2024-02-08 12:34:58.757514,9913.19,10.0,44.0,46.0,5.02,READY,4.921,0.033,173,7765,FULL,2024-02-08 12:34:57.759605,0.0,0,0,0.0,0.0,2024-02-08 12:34:58.745430,1954.2400360107422
2024-02-08 12:34:59.749479,10008.94,10.0,44.0,46.0,4.99,READY,4.923,0.033,172,7840,FULL,2024-02-08 12:34:58.760580,0.0,0,0,0.0,0.0,2024-02-08 12:34:59.748428,1952.1076202392578
2024-02-08 12:35:00.757597,9971.91,10.0,44.0,46.0,5.02,READY,4.926,0.031,173,7811,FULL,2024-02-08 12:34:59.759543,0.0,0,0,0.0,0.0,2024-02-08 12:35:00.751001,1944.1936492919922
2024-02-08 12:35:01.750104,9551.90,10.0,44.0,46.0,4.99,READY,4.928,0.032,172,7482,FULL,2024-02-08 12:35:00.760162,0.0,0,0,0.0,0.0,2024-02-08 12:35:01.743853,1966.482162475586
2024-02-08 12:35:02.758336,10090.64,10.0,44.0,46.0,5.00,READY,4.893,0.034,173,7904,FULL,2024-02-08 12:35:01.761169,0.0,0,0,0.0,0.0,2024-02-08 12:35:02.746059,1970.7155227661133
2024-02-08 12:35:03.750422,10408.53,10.0,44.0,46.0,5.03,READY,4.889,0.038,172,8153,FULL,2024-02-08 12:35:02.762358,0.0,0,0,0.0,0.0,2024-02-08 12:35:03.748698,1968.851661682129
2024-02-08 12:35:04.758617,10260.44,10.0,44.0,46.0,4.99,READY,4.884,0.034,173,8037,FULL,2024-02-08 12:35:03.761937,0.0,0,0,0.0,0.0,2024-02-08 12:35:04.751049,1969.4046020507812
2024-02-08 12:35:05.751201,9617.00,10.0,44.0,46.0,5.02,READY,4.884,0.033,172,7533,FULL,2024-02-08 12:35:04.765168,0.0,0,0,0.0,0.0,2024-02-08 12:35:05.753421,1968.6304092407227
2024-02-08 12:35:06.759457,9170.18,10.0,44.0,46.0,5.02,READY,4.883,0.028,173,7183,FULL,2024-02-08 12:35:05.765625,0.0,0,0,0.0,0.0,2024-02-08 12:35:06.740012,1970.3365325927734
2024-02-08 12:35:07.751678,9339.97,10.0,44.0,46.0,4.99,READY,4.878,0.030,172,7316,FULL,2024-02-08 12:35:06.765658,0.0,0,0,0.0,0.0,2024-02-08 12:35:07.742389,1968.6147689819336
2024-02-08 12:35:08.759958,9918.29,10.1,44.0,46.0,5.02,READY,4.875,0.033,173,7769,FULL,2024-02-08 12:35:07.765910,0.0,0,0,0.0,0.0,2024-02-08 12:35:08.744814,1964.4601821899414
2024-02-08 12:35:09.751944,9837.87,10.1,44.0,46.0,4.99,READY,4.873,0.035,172,7706,FULL,2024-02-08 12:35:08.767686,0.0,0,0,0.0,0.0,2024-02-08 12:35:09.747727,1970.794677734375
2024-02-08 12:35:10.760158,10215.75,10.1,44.0,46.0,5.02,READY,4.875,0.037,173,8002,FULL,2024-02-08 12:35:09.768308,0.0,0,0,0.0,0.0,2024-02-08 12:35:10.750591,1972.042465209961
2024-02-08 12:35:11.752462,10195.33,10.1,44.0,46.0,5.01,READY,4.872,0.033,172,7986,FULL,2024-02-08 12:35:10.768717,0.0,0,0,0.0,0.0,2024-02-08 12:35:11.752462,1956.9412231445312
2024-02-08 12:35:12.760503,10045.96,10.1,44.0,46.0,4.99,READY,4.874,0.035,173,7869,FULL,2024-02-08 12:35:11.768200,0.0,0,0,0.0,0.0,2024-02-08 12:35:12.739667,1954.445457458496
2024-02-08 12:35:13.753161,9799.57,10.1,44.0,46.0,5.02,READY,4.873,0.030,172,7676,FULL,2024-02-08 12:35:12.754442,0.0,0,0,0.0,0.0,2024-02-08 12:35:13.741926,1960.653305053711
2024-02-08 12:35:14.745017,9770.20,10.1,44.0,46.0,4.99,READY,4.875,0.033,173,7653,FULL,2024-02-08 12:35:13.756385,0.0,0,0,0.0,0.0,2024-02-08 12:35:14.744410,1960.4480743408203
2024-02-08 12:35:15.753420,9572.32,10.1,44.0,46.0,4.99,READY,4.873,0.030,172,7498,FULL,2024-02-08 12:35:14.756722,0.0,0,0,0.0,0.0,2024-02-08 12:35:15.746645,1956.767463684082
2024-02-08 12:35:16.746132,11184.73,10.1,44.0,46.0,5.01,READY,4.874,0.037,173,8761,FULL,2024-02-08 12:35:15.757139,0.0,0,0,0.0,0.0,2024-02-08 12:35:16.748893,1961.4116668701172
2024-02-08 12:35:17.753965,10349.80,10.1,44.0,46.0,4.99,READY,4.875,0.033,172,8107,FULL,2024-02-08 12:35:16.757456,0.0,0,0,0.0,0.0,2024-02-08 12:35:17.751955,1959.5317840576172
2024-02-08 12:35:18.746027,10796.63,10.0,44.0,46.0,5.02,READY,4.878,0.034,173,8457,FULL,2024-02-08 12:35:17.759208,0.0,0,0,0.0,0.0,2024-02-08 12:35:18.754246,1958.805274963379
2024-02-08 12:35:19.754416,10612.79,10.1,44.0,46.0,5.01,READY,4.885,0.034,172,8313,FULL,2024-02-08 12:35:18.758289,0.0,0,0,0.0,0.0,2024-02-08 12:35:19.740640,1953.84521484375
2024-02-08 12:35:20.746657,9416.57,10.0,44.0,46.0,4.99,READY,4.875,0.031,173,7376,FULL,2024-02-08 12:35:19.761073,0.0,0,0,0.0,0.0,2024-02-08 12:35:20.742471,1961.7433547973633
2024-02-08 12:35:21.754672,9502.11,10.0,44.0,46.0,5.02,READY,4.876,0.031,172,7443,FULL,2024-02-08 12:35:20.762459,0.0,0,0,0.0,0.0,2024-02-08 12:35:21.744583,1960.5270385742188
2024-02-08 12:35:22.746955,9368.06,10.0,44.0,46.0,4.99,READY,4.875,0.031,173,7338,FULL,2024-02-08 12:35:21.762676,0.0,0,0,0.0,0.0,2024-02-08 12:35:22.746446,1955.1719665527344
2024-02-08 12:35:23.755316,9673.18,10.0,44.0,46.0,4.98,READY,4.876,0.031,172,7577,FULL,2024-02-08 12:35:22.763305,0.0,0,0,0.0,0.0,2024-02-08 12:35:23.749513,1962.3594284057617
2024-02-08 12:35:24.763394,9332.31,10.0,44.0,46.0,5.01,READY,4.875,0.031,173,7310,FULL,2024-02-08 12:35:23.766567,0.0,0,0,0.0,0.0,2024-02-08 12:35:24.752665,1960.6374740600586
2024-02-08 12:35:25.755778,9368.06,10.0,44.0,46.0,4.99,READY,4.875,0.033,172,7338,FULL,2024-02-08 12:35:24.767564,0.0,0,0,0.0,0.0,2024-02-08 12:35:25.739281,1958.5208892822266
2024-02-08 12:35:26.764073,9388.48,10.0,44.0,46.0,5.01,READY,4.875,0.032,173,7354,FULL,2024-02-08 12:35:25.767465,0.0,0,0,0.0,0.0,2024-02-08 12:35:26.741617,1954.0504455566406
2024-02-08 12:35:27.756142,9200.82,10.0,44.0,46.0,4.99,READY,4.875,0.031,172,7207,FULL,2024-02-08 12:35:26.767772,0.0,0,0,0.0,0.0,2024-02-08 12:35:27.743838,1959.1053009033203
2024-02-08 12:35:28.748545,9198.26,10.0,44.0,46.0,4.99,READY,4.876,0.030,173,7205,FULL,2024-02-08 12:35:27.753629,0.0,0,0,0.0,0.0,2024-02-08 12:35:28.746883,1959.2948913574219
2024-02-08 12:35:29.740718,9438.27,10.0,44.0,46.0,5.01,READY,4.874,0.032,172,7393,FULL,2024-02-08 12:35:28.755808,0.0,0,0,0.0,0.0,2024-02-08 12:35:29.748944,1952.4866104125977
2024-02-08 12:35:30.748963,9346.36,10.0,44.0,46.0,4.99,READY,4.879,0.034,173,7321,FULL,2024-02-08 12:35:29.756013,0.0,0,0,0.0,0.0,2024-02-08 12:35:30.751689,1960.7955932617188
2024-02-08 12:35:31.741473,9282.52,10.0,44.0,46.0,5.02,READY,4.880,0.033,172,7271,FULL,2024-02-08 12:35:30.756202,0.0,0,0,0.0,0.0,2024-02-08 12:35:31.754023,1960.6374740600586
2024-02-08 12:35:32.749420,9136.98,10.0,44.0,46.0,5.01,READY,4.893,0.032,173,7157,FULL,2024-02-08 12:35:31.757102,0.0,0,0,0.0,0.0,2024-02-08 12:35:32.740692,1960.163688659668
2024-02-08 12:35:33.741672,9438.27,10.0,44.0,46.1,4.99,READY,4.879,0.032,172,7393,FULL,2024-02-08 12:35:32.757929,0.0,0,0,0.0,0.0,2024-02-08 12:35:33.742769,1959.0421676635742
2024-02-08 12:35:34.750349,9429.34,10.0,44.0,46.1,5.02,READY,4.886,0.031,173,7386,FULL,2024-02-08 12:35:33.756844,0.0,0,0,0.0,0.0,2024-02-08 12:35:34.745560,1963.2438659667969
2024-02-08 12:35:35.758260,9641.26,10.0,44.0,46.1,4.99,READY,4.890,0.033,172,7552,FULL,2024-02-08 12:35:34.759551,0.0,0,0,0.0,0.0,2024-02-08 12:35:35.748179,1962.7700805664062
2024-02-08 12:35:36.750540,9911.91,10.0,44.0,46.1,5.01,READY,4.877,0.032,173,7764,FULL,2024-02-08 12:35:35.761487,0.0,0,0,0.0,0.0,2024-02-08 12:35:36.750540,1955.8038711547852
2024-02-08 12:35:37.758961,10100.86,10.0,44.0,46.1,5.02,READY,4.885,0.035,172,7912,FULL,2024-02-08 12:35:36.761267,0.0,0,0,0.0,0.0,2024-02-08 12:35:37.753238,1962.106704711914
2024-02-08 12:35:38.750898,9849.36,10.0,44.0,46.1,4.99,READY,4.883,0.032,173,7715,FULL,2024-02-08 12:35:37.761644,0.0,0,0,0.0,0.0,2024-02-08 12:35:38.739612,1961.2693786621094
2024-02-08 12:35:39.759309,9671.90,10.0,44.0,46.1,5.01,READY,4.903,0.033,172,7576,FULL,2024-02-08 12:35:38.763611,0.0,0,0,0.0,0.0,2024-02-08 12:35:39.741351,1958.7419509887695
2024-02-08 12:35:40.751619,9540.41,10.0,44.0,46.1,4.99,READY,4.888,0.032,173,7473,FULL,2024-02-08 12:35:39.764514,0.0,0,0,0.0,0.0,2024-02-08 12:35:40.744377,1960.7166290283203
2024-02-08 12:35:41.759525,8863.78,10.0,44.0,46.1,4.99,READY,4.877,0.029,172,6943,FULL,2024-02-08 12:35:40.765332,0.0,0,0,0.0,0.0,2024-02-08 12:35:41.747264,1964.4445419311523
2024-02-08 12:35:42.751946,8828.04,10.0,44.0,46.1,5.01,READY,4.878,0.029,173,6915,FULL,2024-02-08 12:35:41.765250,0.0,0,0,0.0,0.0,2024-02-08 12:35:42.749568,1962.0433807373047
2024-02-08 12:35:43.759883,8930.17,10.0,44.0,46.1,4.99,READY,4.876,0.031,172,6995,FULL,2024-02-08 12:35:42.766141,0.0,0,0,0.0,0.0,2024-02-08 12:35:43.752355,1954.6981811523438
2024-02-08 12:35:44.752539,8921.23,10.0,44.0,46.1,5.02,READY,4.876,0.031,173,6988,FULL,2024-02-08 12:35:43.767558,0.0,0,0,0.0,0.0,2024-02-08 12:35:44.754657,1961.3325119018555
2024-02-08 12:35:45.760574,9001.66,10.0,44.0,46.1,5.00,READY,4.877,0.035,172,7051,FULL,2024-02-08 12:35:44.767332,0.0,0,0,0.0,0.0,2024-02-08 12:35:45.741160,1961.7748260498047
2024-02-08 12:35:46.752990,9213.58,10.0,44.0,46.1,4.99,READY,4.876,0.032,173,7217,FULL,2024-02-08 12:35:45.766758,0.0,0,0,0.0,0.0,2024-02-08 12:35:46.743711,1958.868408203125
2024-02-08 12:35:47.745025,9027.19,10.0,44.0,46.1,5.01,READY,4.876,0.031,172,7071,FULL,2024-02-08 12:35:46.768772,0.0,0,0,0.0,0.0,2024-02-08 12:35:47.746074,1957.8100204467773
2024-02-08 12:35:48.753299,9246.78,10.0,44.0,46.1,4.99,READY,4.874,0.028,173,7243,FULL,2024-02-08 12:35:47.754636,0.0,0,0,0.0,0.0,2024-02-08 12:35:48.749098,1959.9109649658203
2024-02-08 12:35:49.745254,9170.18,10.0,44.0,46.1,4.98,READY,4.875,0.030,172,7183,FULL,2024-02-08 12:35:48.753807,0.0,0,0,0.0,0.0,2024-02-08 12:35:49.751896,1958.7104797363281
2024-02-08 12:35:50.753672,9071.88,10.0,44.0,46.1,5.02,READY,4.877,0.031,173,7106,FULL,2024-02-08 12:35:49.756450,0.0,0,0,0.0,0.0,2024-02-08 12:35:50.754232,1953.4976959228516
2024-02-08 12:35:51.746203,8572.71,10.0,44.0,46.1,4.99,READY,4.890,0.032,172,6715,FULL,2024-02-08 12:35:50.757749,0.0,0,0,0.0,0.0,2024-02-08 12:35:51.740416,1962.217140197754
2024-02-08 12:35:52.753894,8682.50,10.0,44.0,46.1,5.02,READY,4.885,0.029,173,6801,FULL,2024-02-08 12:35:51.758416,0.0,0,0,0.0,0.0,2024-02-08 12:35:52.742827,1961.9171142578125
2024-02-08 12:35:53.746211,8753.99,10.0,44.0,46.1,4.99,READY,4.875,0.030,172,6857,FULL,2024-02-08 12:35:52.758459,0.0,0,0,0.0,0.0,2024-02-08 12:35:53.745702,1958.0312728881836
2024-02-08 12:35:54.754703,8581.64,10.0,44.1,46.1,4.99,READY,4.874,0.030,173,6722,FULL,2024-02-08 12:35:53.759510,0.0,0,0,0.0,0.0,2024-02-08 12:35:54.748116,1959.626579284668
2024-02-08 12:35:55.746769,8480.79,10.0,44.1,46.1,5.02,READY,4.876,0.032,172,6643,FULL,2024-02-08 12:35:54.760377,0.0,0,0,0.0,0.0,2024-02-08 12:35:55.750494,1962.059211730957
2024-02-08 12:35:56.755195,8623.77,10.0,44.1,46.1,4.99,READY,4.876,0.032,173,6755,FULL,2024-02-08 12:35:55.761170,0.0,0,0,0.0,0.0,2024-02-08 12:35:56.753090,1962.6911163330078
2024-02-08 12:35:57.747450,8350.57,10.0,44.1,46.1,5.01,READY,4.876,0.030,172,6541,FULL,2024-02-08 12:35:56.761383,0.0,0,0,0.0,0.0,2024-02-08 12:35:57.739714,1959.8478317260742
2024-02-08 12:35:58.755310,8409.29,10.1,44.1,46.1,5.02,READY,4.877,0.030,173,6587,FULL,2024-02-08 12:35:57.763149,0.0,0,0,0.0,0.0,2024-02-08 12:35:58.742194,1964.9499893188477
2024-02-08 12:35:59.747524,8453.98,10.1,44.1,46.1,4.98,READY,4.876,0.030,172,6622,FULL,2024-02-08 12:35:58.765053,0.0,0,0,0.0,0.0,2024-02-08 12:35:59.745007,1963.5124206542969
2024-02-08 12:36:00.755747,8547.17,10.1,44.1,46.1,5.01,READY,4.879,0.031,173,6695,FULL,2024-02-08 12:35:59.764963,0.0,0,0,0.0,0.0,2024-02-08 12:36:00.747674,1963.559913635254
2024-02-08 12:36:01.763963,8580.37,10.1,44.0,46.1,4.99,READY,4.877,0.030,172,6721,FULL,2024-02-08 12:36:00.765954,0.0,0,0,0.0,0.0,2024-02-08 12:36:01.753427,1959.2948913574219
2024-02-08 12:36:02.756441,8588.03,10.1,44.0,46.1,4.99,READY,4.878,0.030,173,6727,FULL,2024-02-08 12:36:01.766693,0.0,0,0,0.0,0.0,2024-02-08 12:36:02.740107,1962.4383926391602
2024-02-08 12:36:03.764953,8452.70,10.1,44.0,46.1,5.02,READY,4.879,0.028,172,6621,FULL,2024-02-08 12:36:02.768139,0.0,0,0,0.0,0.0,2024-02-08 12:36:03.742376,1962.8807067871094
2024-02-08 12:36:04.757209,9029.75,10.1,44.0,46.1,4.99,READY,4.883,0.029,173,7073,FULL,2024-02-08 12:36:03.766618,0.0,0,0,0.0,0.0,2024-02-08 12:36:04.744963,1960.6374740600586
2024-02-08 12:36:05.765046,9015.70,10.1,44.0,46.1,5.02,READY,4.882,0.029,172,7062,FULL,2024-02-08 12:36:04.768970,0.0,0,0,0.0,0.0,2024-02-08 12:36:05.747904,1954.0979385375977
2024-02-08 12:36:06.742505,9028.47,10.1,44.0,46.1,4.99,READY,4.889,0.030,173,7072,FULL,2024-02-08 12:36:05.754005,0.0,0,0,0.0,0.0,2024-02-08 12:36:06.750568,1962.1540069580078
2024-02-08 12:36:07.750059,8842.08,10.1,44.0,46.1,4.99,READY,4.884,0.031,172,6926,FULL,2024-02-08 12:36:06.754622,0.0,0,0,0.0,0.0,2024-02-08 12:36:07.752666,1962.8490447998047
2024-02-08 12:36:08.741735,9093.58,10.1,44.0,46.1,5.01,READY,4.884,0.031,173,7123,FULL,2024-02-08 12:36:07.755682,0.0,0,0,0.0,0.0,2024-02-08 12:36:08.739192,1961.2062454223633
2024-02-08 12:36:09.750332,8720.80,10.1,44.0,46.1,4.99,READY,4.886,0.028,172,6831,FULL,2024-02-08 12:36:08.757461,0.0,0,0,0.0,0.0,2024-02-08 12:36:09.742020,1958.7577819824219
2024-02-08 12:36:10.742490,8960.81,10.1,44.0,46.1,5.01,READY,4.884,0.033,173,7019,FULL,2024-02-08 12:36:09.758570,0.0,0,0,0.0,0.0,2024-02-08 12:36:10.744702,1962.0275497436523
2024-02-08 12:36:11.750906,9052.73,10.1,44.0,46.1,5.01,READY,4.885,0.031,172,7091,FULL,2024-02-08 12:36:10.758910,0.0,0,0,0.0,0.0,2024-02-08 12:36:11.747213,1960.7797622680664
2024-02-08 12:36:12.742923,8757.82,10.1,44.0,46.1,4.98,READY,4.890,0.028,173,6860,FULL,2024-02-08 12:36:11.758454,0.0,0,0,0.0,0.0,2024-02-08 12:36:12.749713,1954.1452407836914
2024-02-08 12:36:13.751577,8482.06,10.1,44.0,46.1,5.01,READY,4.894,0.027,172,6644,FULL,2024-02-08 12:36:12.759949,0.0,0,0,0.0,0.0,2024-02-08 12:36:13.752173,1961.3483428955078
2024-02-08 12:36:14.759574,8731.01,10.1,44.0,46.1,4.99,READY,4.927,0.030,173,6839,FULL,2024-02-08 12:36:13.761410,0.0,0,0,0.0,0.0,2024-02-08 12:36:14.754385,1960.4795455932617
2024-02-08 12:36:15.751813,8618.66,10.1,44.0,46.0,4.99,READY,4.928,0.031,172,6751,FULL,2024-02-08 12:36:14.761205,0.0,0,0,0.0,0.0,2024-02-08 12:36:15.740703,1956.1988830566406
2024-02-08 12:36:16.759890,8651.86,10.1,44.0,46.0,5.01,READY,4.926,0.029,173,6777,FULL,2024-02-08 12:36:15.761554,0.0,0,0,0.0,0.0,2024-02-08 12:36:16.743003,1959.2159271240234
2024-02-08 12:36:17.752000,8626.32,10.1,44.0,46.0,4.99,READY,4.926,0.031,172,6757,FULL,2024-02-08 12:36:16.763133,0.0,0,0,0.0,0.0,2024-02-08 12:36:17.745436,1960.163688659668
2024-02-08 12:36:18.760527,8875.27,10.1,44.0,46.0,5.01,READY,4.926,0.030,173,6952,FULL,2024-02-08 12:36:17.765059,0.0,0,0,0.0,0.0,2024-02-08 12:36:18.747259,1958.9000701904297
2024-02-08 12:36:19.752714,8885.48,10.1,44.0,46.0,4.99,READY,4.926,0.031,172,6960,FULL,2024-02-08 12:36:18.765164,0.0,0,0,0.0,0.0,2024-02-08 12:36:19.750095,1959.2948913574219
2024-02-08 12:36:20.760959,8858.67,10.1,44.0,46.0,4.99,READY,4.926,0.030,173,6939,FULL,2024-02-08 12:36:19.766950,0.0,0,0,0.0,0.0,2024-02-08 12:36:20.752640,1963.6547088623047
2024-02-08 12:36:21.753227,8834.42,10.1,44.0,46.0,5.01,READY,4.926,0.031,172,6920,FULL,2024-02-08 12:36:20.768024,0.0,0,0,0.0,0.0,2024-02-08 12:36:21.739130,1963.2282257080078
2024-02-08 12:36:22.761641,8838.25,10.1,44.0,46.0,4.99,READY,4.891,0.029,173,6923,FULL,2024-02-08 12:36:21.768293,0.0,0,0,0.0,0.0,2024-02-08 12:36:22.741978,1961.2220764160156
2024-02-08 12:36:23.753467,8808.89,10.1,44.0,46.0,5.01,READY,4.894,0.027,172,6900,FULL,2024-02-08 12:36:22.767708,0.0,0,0,0.0,0.0,2024-02-08 12:36:23.744771,1965.234375
2024-02-08 12:36:24.746112,8824.21,10.1,44.0,46.0,5.01,READY,4.893,0.032,173,6912,FULL,2024-02-08 12:36:23.753467,0.0,0,0,0.0,0.0,2024-02-08 12:36:24.747160,1965.5502319335938
2024-02-08 12:36:25.754338,8905.91,10.1,44.0,46.0,4.99,READY,4.892,0.032,172,6976,FULL,2024-02-08 12:36:24.755380,0.0,0,0,0.0,0.0,2024-02-08 12:36:25.750067,1964.1918182373047
2024-02-08 12:36:26.746423,8902.08,10.1,44.0,46.0,5.01,READY,4.889,0.032,173,6973,FULL,2024-02-08 12:36:25.755349,0.0,0,0,0.0,0.0,2024-02-08 12:36:26.752510,1958.5840225219727
2024-02-08 12:36:27.754461,8877.82,10.1,44.0,46.0,4.99,READY,4.891,0.032,172,6954,FULL,2024-02-08 12:36:26.755715,0.0,0,0,0.0,0.0,2024-02-08 12:36:27.739216,1963.2755279541016
2024-02-08 12:36:28.746933,8830.59,10.1,44.0,46.0,5.00,READY,4.891,0.031,173,6917,FULL,2024-02-08 12:36:27.757177,0.0,0,0,0.0,0.0,2024-02-08 12:36:28.741833,1961.8854522705078
2024-02-08 12:36:29.755362,9050.17,10.1,44.0,46.0,5.01,READY,4.894,0.031,172,7089,FULL,2024-02-08 12:36:28.758497,0.0,0,0,0.0,0.0,2024-02-08 12:36:29.744125,1958.2050323486328
2024-02-08 12:36:30.747161,9166.35,10.1,44.0,46.0,4.99,READY,4.926,0.030,173,7180,FULL,2024-02-08 12:36:29.758109,0.0,0,0,0.0,0.0,2024-02-08 12:36:30.746631,1963.9863967895508
2024-02-08 12:36:31.755670,8886.76,10.1,44.0,46.0,5.02,READY,4.927,0.030,172,6961,FULL,2024-02-08 12:36:30.758848,0.0,0,0,0.0,0.0,2024-02-08 12:36:31.748926,1964.760398864746
2024-02-08 12:36:32.747807,8862.50,10.1,44.0,46.0,5.03,READY,4.925,0.030,173,6942,FULL,2024-02-08 12:36:31.759684,0.0,0,0,0.0,0.0,2024-02-08 12:36:32.751332,1962.1856689453125
2024-02-08 12:36:33.755974,9120.39,10.1,44.0,46.0,4.99,READY,4.925,0.032,172,7144,FULL,2024-02-08 12:36:32.762027,0.0,0,0,0.0,0.0,2024-02-08 12:36:33.753417,1961.3168716430664
2024-02-08 12:36:34.748410,8830.59,10.1,44.0,46.0,5.02,READY,4.926,0.029,173,6917,FULL,2024-02-08 12:36:33.760628,0.0,0,0,0.0,0.0,2024-02-08 12:36:34.740116,1963.2282257080078
2024-02-08 12:36:35.756864,8982.51,10.1,44.0,46.0,4.99,READY,4.926,0.030,172,7036,FULL,2024-02-08 12:36:34.761138,0.0,0,0,0.0,0.0,2024-02-08 12:36:35.743071,1962.8963470458984
2024-02-08 12:36:36.749072,9343.80,10.1,44.0,46.0,5.01,READY,4.925,0.032,173,7319,FULL,2024-02-08 12:36:35.762078,0.0,0,0,0.0,0.0,2024-02-08 12:36:36.745828,1960.6218338012695
2024-02-08 12:36:37.757104,9827.65,10.1,44.0,46.0,5.01,READY,4.927,0.032,172,7698,FULL,2024-02-08 12:36:36.762767,0.0,0,0,0.0,0.0,2024-02-08 12:36:37.748288,1964.7762298583984
2024-02-08 12:36:38.749257,9537.85,10.1,44.0,46.0,4.99,READY,4.927,0.031,173,7471,FULL,2024-02-08 12:36:37.762832,0.0,0,0,0.0,0.0,2024-02-08 12:36:38.750869,1964.0811920166016
2024-02-08 12:36:39.757225,9274.86,10.1,44.0,46.0,5.02,READY,4.925,0.032,172,7265,FULL,2024-02-08 12:36:38.764106,0.0,0,0,0.0,0.0,2024-02-08 12:36:39.753045,1961.7591857910156
2024-02-08 12:36:40.749658,9444.66,10.1,44.0,46.0,4.98,READY,4.924,0.030,173,7398,FULL,2024-02-08 12:36:39.765430,0.0,0,0,0.0,0.0,2024-02-08 12:36:40.739069,1957.4151992797852
2024-02-08 12:36:41.757981,9133.15,10.1,44.0,46.0,4.99,READY,4.893,0.033,172,7154,FULL,2024-02-08 12:36:40.764851,0.0,0,0,0.0,0.0,2024-02-08 12:36:41.741547,1965.8819198608398
2024-02-08 12:36:42.750045,9260.82,10.1,44.0,46.0,5.00,READY,4.892,0.031,173,7254,FULL,2024-02-08 12:36:41.765559,0.0,0,0,0.0,0.0,2024-02-08 12:36:42.744476,1966.055679321289
2024-02-08 12:36:43.758381,8912.29,10.1,44.0,46.0,5.00,READY,4.929,0.031,173,6981,FULL,2024-02-08 12:36:42.766263,0.0,0,0,0.0,0.0,2024-02-08 12:36:43.747075,1961.6485595703125
2024-02-08 12:36:44.750271,9119.11,10.1,44.0,46.0,5.01,READY,4.928,0.033,173,7143,FULL,2024-02-08 12:36:43.767948,0.0,0,0,0.0,0.0,2024-02-08 12:36:44.749714,1965.6291961669922
2024-02-08 12:36:45.767273,9013.15,10.1,44.0,46.0,4.99,READY,4.890,0.031,172,7060,FULL,2024-02-08 12:36:44.768024,0.0,0,0,0.0,0.0,2024-02-08 12:36:45.767273,1964.5235061645508
2024-02-08 12:36:46.767156,9156.13,10.1,44.0,46.0,4.99,READY,4.893,0.029,173,7172,FULL,2024-02-08 12:36:45.768372,0.0,0,0,0.0,0.0,2024-02-08 12:36:46.738358,1964.7287368774414
2024-02-08 12:36:47.744394,9294.01,10.1,44.0,46.0,5.02,READY,4.891,0.032,172,7280,FULL,2024-02-08 12:36:46.753635,0.0,0,0,0.0,0.0,2024-02-08 12:36:47.741125,1959.4213485717773
2024-02-08 12:36:48.751796,9271.03,10.1,44.0,46.0,4.99,READY,4.894,0.030,173,7262,FULL,2024-02-08 12:36:47.755645,0.0,0,0,0.0,0.0,2024-02-08 12:36:48.743584,1967.287826538086
2024-02-08 12:36:49.743698,9812.33,10.1,44.0,46.0,5.02,READY,4.887,0.031,172,7686,FULL,2024-02-08 12:36:48.754980,0.0,0,0,0.0,0.0,2024-02-08 12:36:49.746477,1966.7665481567383
2024-02-08 12:36:50.751685,10021.70,10.1,44.0,46.0,5.03,READY,4.882,0.032,173,7850,FULL,2024-02-08 12:36:49.756224,0.0,0,0,0.0,0.0,2024-02-08 12:36:50.748665,1960.653305053711
2024-02-08 12:36:51.744242,10367.68,10.1,44.0,46.0,4.98,READY,4.878,0.039,172,8121,FULL,2024-02-08 12:36:50.757388,0.0,0,0,0.0,0.0,2024-02-08 12:36:51.750413,1966.0240173339844
2024-02-08 12:36:52.752604,10603.86,10.1,44.0,46.0,5.02,READY,4.879,0.034,173,8306,FULL,2024-02-08 12:36:51.758107,0.0,0,0,0.0,0.0,2024-02-08 12:36:52.752604,1965.6450271606445
2024-02-08 12:36:53.745001,10174.90,10.1,44.0,46.0,4.99,READY,4.878,0.033,172,7970,FULL,2024-02-08 12:36:52.758340,0.0,0,0,0.0,0.0,2024-02-08 12:36:53.739286,1965.3923034667969
2024-02-08 12:36:54.752982,9871.06,10.1,44.0,46.0,5.00,READY,4.875,0.032,173,7732,FULL,2024-02-08 12:36:53.759701,0.0,0,0,0.0,0.0,2024-02-08 12:36:54.741703,1962.9121780395508
2024-02-08 12:36:55.745010,9301.67,10.1,44.0,46.0,5.02,READY,4.874,0.032,172,7286,FULL,2024-02-08 12:36:54.760218,0.0,0,0,0.0,0.0,2024-02-08 12:36:55.744454,1967.1613693237305
2024-02-08 12:36:56.753489,8987.62,10.1,44.0,46.0,4.99,READY,4.872,0.031,173,7040,FULL,2024-02-08 12:36:55.760232,0.0,0,0,0.0,0.0,2024-02-08 12:36:56.747274,1965.4396057128906
2024-02-08 12:36:57.745668,9297.84,10.1,44.0,46.0,5.02,READY,4.871,0.033,172,7283,FULL,2024-02-08 12:36:56.760240,0.0,0,0,0.0,0.0,2024-02-08 12:36:57.748960,1957.7783584594727
2024-02-08 12:36:58.753786,8969.74,10.1,44.0,46.0,5.00,READY,4.869,0.031,173,7026,FULL,2024-02-08 12:36:57.762704,0.0,0,0,0.0,0.0,2024-02-08 12:36:58.751774,1965.186882019043
2024-02-08 12:36:59.746367,9069.32,10.1,44.0,46.0,5.02,READY,4.869,0.030,173,7104,FULL,2024-02-08 12:36:58.763495,0.0,0,0,0.0,0.0,2024-02-08 12:36:59.754074,1964.9024963378906
2024-02-08 12:37:00.754764,9121.66,10.1,44.0,46.0,4.98,READY,4.870,0.029,172,7145,FULL,2024-02-08 12:36:59.762245,0.0,0,0,0.0,0.0,2024-02-08 12:37:00.740932,1955.5038452148438
2024-02-08 12:37:01.746748,8922.51,10.0,44.0,46.0,5.01,READY,4.872,0.033,173,6989,FULL,2024-02-08 12:37:00.762992,0.0,0,0,0.0,0.0,2024-02-08 12:37:01.749354,1962.2961044311523
2024-02-08 12:37:02.754931,9199.54,10.0,44.0,46.0,4.99,READY,4.871,0.033,172,7206,FULL,2024-02-08 12:37:01.763916,0.0,0,0,0.0,0.0,2024-02-08 12:37:02.752369,1956.7832946777344
2024-02-08 12:37:03.763233,9599.13,10.0,44.0,46.0,4.99,READY,4.872,0.033,173,7519,FULL,2024-02-08 12:37:02.764998,0.0,0,0,0.0,0.0,2024-02-08 12:37:03.755125,1964.0653610229492
2024-02-08 12:37:04.755819,10089.37,10.0,44.0,46.0,5.01,READY,4.872,0.034,172,7903,FULL,2024-02-08 12:37:03.764279,0.0,0,0,0.0,0.0,2024-02-08 12:37:04.741494,1963.559913635254
2024-02-08 12:37:05.763588,9318.27,10.0,44.0,46.0,4.99,READY,4.871,0.033,173,7299,FULL,2024-02-08 12:37:04.765515,0.0,0,0,0.0,0.0,2024-02-08 12:37:05.743640,1960.0530624389648
2024-02-08 12:37:06.756208,9398.70,10.0,44.0,46.0,5.02,READY,4.872,0.031,172,7362,FULL,2024-02-08 12:37:05.767269,0.0,0,0,0.0,0.0,2024-02-08 12:37:06.745973,1961.838150024414
2024-02-08 12:37:07.764125,9179.11,10.0,44.0,46.0,5.02,READY,4.873,0.033,173,7190,FULL,2024-02-08 12:37:06.767887,0.0,0,0,0.0,0.0,2024-02-08 12:37:07.747904,1958.9157104492188
2024-02-08 12:37:08.756454,9370.61,10.0,44.0,46.0,4.99,READY,4.873,0.033,172,7340,FULL,2024-02-08 12:37:07.768164,0.0,0,0,0.0,0.0,2024-02-08 12:37:08.750177,1955.8038711547852
2024-02-08 12:37:09.764586,9310.61,10.0,44.0,46.0,5.00,READY,4.874,0.030,173,7293,FULL,2024-02-08 12:37:08.769189,0.0,0,0,0.0,0.0,2024-02-08 12:37:09.752932,1954.4137954711914
2024-02-08 12:37:10.741956,9273.59,10.0,44.0,46.0,5.01,READY,4.875,0.033,173,7264,FULL,2024-02-08 12:37:09.754041,0.0,0,0,0.0,0.0,2024-02-08 12:37:10.739395,1958.4260940551758
2024-02-08 12:37:11.748810,9471.47,10.0,44.0,46.0,4.99,READY,4.873,0.030,172,7419,FULL,2024-02-08 12:37:10.755153,0.0,0,0,0.0,0.0,2024-02-08 12:37:11.742197,1957.573127746582
2024-02-08 12:37:12.741073,9611.90,10.0,44.0,46.0,4.99,READY,4.873,0.034,173,7529,FULL,2024-02-08 12:37:11.756040,0.0,0,0,0.0,0.0,2024-02-08 12:37:12.744797,1955.4248809814453
2024-02-08 12:37:13.749522,9333.59,10.0,44.0,46.0,5.02,READY,4.873,0.032,172,7311,FULL,2024-02-08 12:37:12.757051,0.0,0,0,0.0,0.0,2024-02-08 12:37:13.746956,1959.358024597168
2024-02-08 12:37:14.741637,9500.83,10.0,44.0,46.0,4.99,READY,4.873,0.033,173,7442,FULL,2024-02-08 12:37:13.757746,0.0,0,0,0.0,0.0,2024-02-08 12:37:14.748727,1960.4005813598633
2024-02-08 12:37:15.750015,9057.83,10.0,44.0,46.0,4.99,READY,4.875,0.031,172,7095,FULL,2024-02-08 12:37:14.757921,0.0,0,0,0.0,0.0,2024-02-08 12:37:15.751069,1958.6315155029297
2024-02-08 12:37:16.742056,9477.85,10.0,44.0,46.0,5.01,READY,4.876,0.032,173,7424,FULL,2024-02-08 12:37:15.756813,0.0,0,0,0.0,0.0,2024-02-08 12:37:16.753615,1963.1175994873047
2024-02-08 12:37:17.750858,9272.31,10.0,44.0,46.1,4.99,READY,4.874,0.034,172,7263,FULL,2024-02-08 12:37:16.757123,0.0,0,0,0.0,0.0,2024-02-08 12:37:17.739082,1964.8868560791016
2024-02-08 12:37:18.743212,9120.39,10.0,44.0,46.1,5.01,READY,4.873,0.030,173,7144,FULL,2024-02-08 12:37:17.760065,0.0,0,0,0.0,0.0,2024-02-08 12:37:18.742014,1964.2391204833984
2024-02-08 12:37:19.751270,9184.22,10.0,44.0,46.1,4.99,READY,4.876,0.030,172,7194,FULL,2024-02-08 12:37:18.759774,0.0,0,0,0.0,0.0,2024-02-08 12:37:19.743966,1958.5050582885742
2024-02-08 12:37:20.743275,9410.19,10.0,44.0,46.1,4.99,READY,4.876,0.033,173,7371,FULL,2024-02-08 12:37:19.759500,0.0,0,0,0.0,0.0,2024-02-08 12:37:20.746384,1965.4870986938477
2024-02-08 12:37:21.751484,9490.62,10.0,44.0,46.1,5.02,READY,4.873,0.032,172,7434,FULL,2024-02-08 12:37:20.761114,0.0,0,0,0.0,0.0,2024-02-08 12:37:21.748926,1966.1346435546875
2024-02-08 12:37:22.759901,9106.34,10.0,44.0,46.1,4.99,READY,4.874,0.030,173,7133,FULL,2024-02-08 12:37:21.761210,0.0,0,0,0.0,0.0,2024-02-08 12:37:22.751685,1962.0750427246094
2024-02-08 12:37:23.752399,9268.48,10.0,44.0,46.1,5.01,READY,4.876,0.030,172,7260,FULL,2024-02-08 12:37:22.760916,0.0,0,0,0.0,0.0,2024-02-08 12:37:23.754151,1968.6779022216797
2024-02-08 12:37:24.760808,9268.48,10.1,44.0,46.1,5.01,READY,4.875,0.031,173,7260,FULL,2024-02-08 12:37:23.762713,0.0,0,0,0.0,0.0,2024-02-08 12:37:24.741127,1967.9353713989258
2024-02-08 12:37:25.752646,9279.97,10.1,44.0,46.1,4.99,READY,4.876,0.030,172,7269,FULL,2024-02-08 12:37:24.764316,0.0,0,0,0.0,0.0,2024-02-08 12:37:25.743371,1966.1188125610352
2024-02-08 12:37:26.760862,9227.63,10.1,44.0,46.1,5.01,READY,4.875,0.031,173,7228,FULL,2024-02-08 12:37:25.763212,0.0,0,0,0.0,0.0,2024-02-08 12:37:26.745808,1961.0641479492188
2024-02-08 12:37:27.753220,9327.21,10.1,44.0,46.1,4.99,READY,4.874,0.033,172,7306,FULL,2024-02-08 12:37:26.763432,0.0,0,0,0.0,0.0,2024-02-08 12:37:27.748435,1968.5041427612305
2024-02-08 12:37:28.761121,9205.92,10.1,44.0,46.1,5.01,READY,4.874,0.033,173,7211,FULL,2024-02-08 12:37:27.765444,0.0,0,0,0.0,0.0,2024-02-08 12:37:28.751506,1968.583106994629
2024-02-08 12:37:29.753833,9125.49,10.1,44.0,46.1,5.00,READY,4.874,0.031,172,7148,FULL,2024-02-08 12:37:28.766289,0.0,0,0,0.0,0.0,2024-02-08 12:37:29.753833,1963.0859375
2024-02-08 12:37:30.761684,9542.96,10.1,44.0,46.1,4.99,READY,4.875,0.034,173,7475,FULL,2024-02-08 12:37:29.766522,0.0,0,0,0.0,0.0,2024-02-08 12:37:30.740430,1965.6923294067383
2024-02-08 12:37:31.754353,9291.46,10.1,44.0,46.1,5.01,READY,4.874,0.031,172,7278,FULL,2024-02-08 12:37:30.765242,0.0,0,0,0.0,0.0,2024-02-08 12:37:31.742546,1967.619514465332
2024-02-08 12:37:32.762194,9032.30,10.1,44.0,46.1,5.02,READY,4.876,0.034,173,7075,FULL,2024-02-08 12:37:31.767081,0.0,0,0,0.0,0.0,2024-02-08 12:37:32.744873,1966.055679321289
2024-02-08 12:37:33.754932,9359.12,10.1,44.0,46.1,4.98,READY,4.880,0.030,172,7331,FULL,2024-02-08 12:37:32.767401,0.0,0,0,0.0,0.0,2024-02-08 12:37:33.747182,1962.327766418457
2024-02-08 12:37:34.762765,9122.94,10.1,44.0,46.1,5.01,READY,4.882,0.033,173,7146,FULL,2024-02-08 12:37:33.766618,0.0,0,0,0.0,0.0,2024-02-08 12:37:34.750176,1968.2987213134766
2024-02-08 12:37:35.754899,9236.56,10.1,44.0,46.1,4.99,READY,4.879,0.030,172,7235,FULL,2024-02-08 12:37:34.767408,0.0,0,0,0.0,0.0,2024-02-08 12:37:35.752884,1966.6559219360352
2024-02-08 12:37:36.747401,8977.40,10.1,44.0,46.1,5.02,READY,4.880,0.031,173,7032,FULL,2024-02-08 12:37:35.769049,0.0,0,0,0.0,0.0,2024-02-08 12:37:36.739174,1962.8807067871094
2024-02-08 12:37:37.739539,9080.81,10.1,44.0,46.1,5.00,READY,4.880,0.031,172,7113,FULL,2024-02-08 12:37:36.753627,0.0,0,0,0.0,0.0,2024-02-08 12:37:37.741748,1965.3289794921875
2024-02-08 12:37:38.748106,8974.85,10.1,44.0,46.1,4.99,READY,4.886,0.032,173,7030,FULL,2024-02-08 12:37:37.754455,0.0,0,0,0.0,0.0,2024-02-08 12:37:38.743891,1965.3289794921875
2024-02-08 12:37:39.740151,9069.32,10.1,44.0,46.1,5.02,READY,4.884,0.031,172,7104,FULL,2024-02-08 12:37:38.755810,0.0,0,0,0.0,0.0,2024-02-08 12:37:39.746323,1963.5282516479492
2024-02-08 12:37:40.748132,9087.20,10.1,44.0,46.1,4.99,READY,4.879,0.032,173,7118,FULL,2024-02-08 12:37:39.756476,0.0,0,0,0.0,0.0,2024-02-08 12:37:40.748642,1962.754249572754
2024-02-08 12:37:41.740694,9265.93,10.1,44.0,46.1,4.99,READY,4.883,0.030,172,7258,FULL,2024-02-08 12:37:40.756149,0.0,0,0,0.0,0.0,2024-02-08 12:37:41.750488,1965.5818939208984
2024-02-08 12:37:42.748762,8981.23,10.1,44.0,46.1,5.01,READY,4.879,0.030,173,7035,FULL,2024-02-08 12:37:41.757781,0.0,0,0,0.0,0.0,2024-02-08 12:37:42.752884,1964.6339416503906
2024-02-08 12:37:43.757018,9144.64,10.0,44.0,46.1,4.99,READY,4.882,0.031,172,7163,FULL,2024-02-08 12:37:42.759437,0.0,0,0,0.0,0.0,2024-02-08 12:37:43.739477,1944.2253112792969
2024-02-08 12:37:44.749602,9254.44,10.0,44.0,46.1,5.01,READY,4.880,0.031,173,7249,FULL,2024-02-08 12:37:43.760587,0.0,0,0,0.0,0.0,2024-02-08 12:37:44.741363,1941.6189193725586
2024-02-08 12:37:45.757837,9504.66,10.0,44.0,46.1,4.99,READY,4.879,0.030,172,7445,FULL,2024-02-08 12:37:44.760667,0.0,0,0,0.0,0.0,2024-02-08 12:37:45.743600,1940.134048461914
2024-02-08 12:37:46.749834,9526.36,10.0,44.0,46.1,4.99,READY,4.879,0.031,173,7462,FULL,2024-02-08 12:37:45.759401,0.0,0,0,0.0,0.0,2024-02-08 12:37:46.745651,1950.117301940918
2024-02-08 12:37:47.758152,9211.03,10.0,44.0,46.1,5.01,READY,4.875,0.032,172,7215,FULL,2024-02-08 12:37:46.760894,0.0,0,0,0.0,0.0,2024-02-08 12:37:47.747866,1958.4419250488281
2024-02-08 12:37:48.750603,9000.38,10.0,44.1,46.1,4.99,READY,4.878,0.031,173,7050,FULL,2024-02-08 12:37:47.762225,0.0,0,0,0.0,0.0,2024-02-08 12:37:48.750603,1958.0312728881836
2024-02-08 12:37:49.758684,9078.26,10.0,44.1,46.1,5.01,READY,4.877,0.033,172,7111,FULL,2024-02-08 12:37:48.761167,0.0,0,0,0.0,0.0,2024-02-08 12:37:49.753585,1955.0457000732422
2024-02-08 12:37:50.750927,8867.61,10.0,44.1,46.1,5.01,READY,4.878,0.029,173,6946,FULL,2024-02-08 12:37:49.761701,0.0,0,0,0.0,0.0,2024-02-08 12:37:50.740165,1946.5156555175781
2024-02-08 12:37:51.758906,9079.54,10.0,44.1,46.1,4.98,READY,4.878,0.032,172,7112,FULL,2024-02-08 12:37:50.762631,0.0,0,0,0.0,0.0,2024-02-08 12:37:51.742656,1941.7610168457031
2024-02-08 12:37:52.751197,9075.71,10.0,44.1,46.1,5.01,READY,4.878,0.032,173,7109,FULL,2024-02-08 12:37:51.763559,0.0,0,0,0.0,0.0,2024-02-08 12:37:52.745100,1937.6224517822266
2024-02-08 12:37:53.759806,8831.87,10.0,44.1,46.1,4.99,READY,4.880,0.030,172,6918,FULL,2024-02-08 12:37:52.763251,0.0,0,0,0.0,0.0,2024-02-08 12:37:53.747199,1933.973503112793
2024-02-08 12:37:54.751652,8919.95,10.0,44.0,46.1,5.01,READY,4.880,0.031,173,6987,FULL,2024-02-08 12:37:53.764984,0.0,0,0,0.0,0.0,2024-02-08 12:37:54.749889,1942.8667068481445
2024-02-08 12:37:55.759936,8677.39,10.0,44.0,46.1,5.01,READY,4.879,0.030,172,6797,FULL,2024-02-08 12:37:54.765857,0.0,0,0,0.0,0.0,2024-02-08 12:37:55.752319,1942.5666809082031
2024-02-08 12:37:56.752170,8455.25,10.0,44.0,46.1,4.99,READY,4.882,0.029,173,6623,FULL,2024-02-08 12:37:55.765665,0.0,0,0,0.0,0.0,2024-02-08 12:37:56.754917,1941.3028717041016
2024-02-08 12:37:57.760501,8708.03,10.0,44.0,46.1,5.02,READY,4.886,0.030,172,6821,FULL,2024-02-08 12:37:56.766140,0.0,0,0,0.0,0.0,2024-02-08 12:37:57.741493,1938.0645751953125
2024-02-08 12:37:58.753015,8748.88,10.0,44.0,46.1,5.01,READY,4.892,0.029,173,6853,FULL,2024-02-08 12:37:57.767232,0.0,0,0,0.0,0.0,2024-02-08 12:37:58.744234,1947.4950790405273
2024-02-08 12:37:59.760707,8602.07,10.0,44.0,46.1,4.99,READY,4.892,0.029,172,6738,FULL,2024-02-08 12:37:58.768760,0.0,0,0,0.0,0.0,2024-02-08 12:37:59.747105,1946.610450744629
2024-02-08 12:38:00.753214,8727.18,10.0,44.0,46.1,5.02,READY,4.892,0.030,173,6836,FULL,2024-02-08 12:37:59.767389,0.0,0,0,0.0,0.0,2024-02-08 12:38:00.749605,1947.0211029052734
2024-02-08 12:38:01.761162,8513.98,10.0,44.0,46.1,4.99,READY,4.926,0.031,172,6669,FULL,2024-02-08 12:38:00.767959,0.0,0,0,0.0,0.0,2024-02-08 12:38:01.739438,1941.8716430664062
2024-02-08 12:38:02.738592,8748.88,10.0,44.0,46.1,5.01,READY,4.926,0.030,173,6853,FULL,2024-02-08 12:38:01.754155,0.0,0,0,0.0,0.0,2024-02-08 12:38:02.741189,1950.4962921142578
2024-02-08 12:38:03.745811,9045.07,10.0,44.0,46.1,5.01,READY,4.897,0.029,172,7085,FULL,2024-02-08 12:38:02.755938,0.0,0,0,0.0,0.0,2024-02-08 12:38:03.743278,1950.717544555664
2024-02-08 12:38:04.738461,9128.05,10.1,44.0,46.1,4.99,READY,4.927,0.030,173,7150,FULL,2024-02-08 12:38:03.755518,0.0,0,0,0.0,0.0,2024-02-08 12:38:04.745743,1946.6421127319336
2024-02-08 12:38:05.746815,9116.56,10.1,44.0,46.1,5.01,READY,4.925,0.030,172,7141,FULL,2024-02-08 12:38:04.757313,0.0,0,0,0.0,0.0,2024-02-08 12:38:05.748571,1950.8123397827148
2024-02-08 12:38:06.754598,9339.97,10.1,44.0,46.1,4.99,READY,4.920,0.029,173,7316,FULL,2024-02-08 12:38:05.758140,0.0,0,0,0.0,0.0,2024-02-08 12:38:06.751335,1934.6052169799805
2024-02-08 12:38:07.746919,9262.10,10.1,44.0,46.1,4.99,READY,4.919,0.031,172,7255,FULL,2024-02-08 12:38:06.758662,0.0,0,0,0.0,0.0,2024-02-08 12:38:07.754198,1942.9298400878906
2024-02-08 12:38:08.755524,9181.67,10.1,44.1,46.1,5.01,READY,4.913,0.031,173,7192,FULL,2024-02-08 12:38:07.759966,0.0,0,0,0.0,0.0,2024-02-08 12:38:08.740208,1941.1449432373047
2024-02-08 12:38:09.747301,9403.80,10.1,44.1,46.1,4.99,READY,4.914,0.030,172,7366,FULL,2024-02-08 12:38:08.759092,0.0,0,0,0.0,0.0,2024-02-08 12:38:09.742741,1947.7951049804688
2024-02-08 12:38:10.755802,9951.49,10.1,44.1,46.1,5.02,READY,4.912,0.032,173,7795,FULL,2024-02-08 12:38:09.761023,0.0,0,0,0.0,0.0,2024-02-08 12:38:10.744513,1953.1974792480469
2024-02-08 12:38:11.747882,9601.69,10.1,44.1,46.1,4.99,READY,4.912,0.030,172,7521,FULL,2024-02-08 12:38:10.759372,0.0,0,0,0.0,0.0,2024-02-08 12:38:11.747265,1949.1378784179688
2024-02-08 12:38:12.756205,9424.23,10.1,44.1,46.1,4.99,READY,4.913,0.031,173,7382,FULL,2024-02-08 12:38:11.759455,0.0,0,0,0.0,0.0,2024-02-08 12:38:12.749908,1957.4151992797852
2024-02-08 12:38:13.748528,9038.68,10.1,44.0,46.1,5.01,READY,4.913,0.033,172,7080,FULL,2024-02-08 12:38:12.760918,0.0,0,0,0.0,0.0,2024-02-08 12:38:13.752704,1958.662986755371
2024-02-08 12:38:14.756376,8715.69,10.1,44.0,46.1,4.99,READY,4.907,0.030,173,6827,FULL,2024-02-08 12:38:13.762442,0.0,0,0,0.0,0.0,2024-02-08 12:38:14.739466,1958.820915222168
2024-02-08 12:38:15.749076,8788.46,10.1,44.0,46.1,4.99,READY,4.908,0.030,172,6884,FULL,2024-02-08 12:38:14.762422,0.0,0,0,0.0,0.0,2024-02-08 12:38:15.741733,1953.102684020996
2024-02-08 12:38:16.756913,8756.54,10.1,44.0,46.1,5.02,READY,4.909,0.031,173,6859,FULL,2024-02-08 12:38:15.761329,0.0,0,0,0.0,0.0,2024-02-08 12:38:16.743856,1961.8064880371094
2024-02-08 12:38:17.749281,8973.57,10.1,44.0,46.1,5.00,READY,4.907,0.031,172,7029,FULL,2024-02-08 12:38:16.763618,0.0,0,0,0.0,0.0,2024-02-08 12:38:17.746118,1961.3641738891602
2024-02-08 12:38:18.757409,9060.39,10.1,44.0,46.0,4.99,READY,4.907,0.029,172,7097,FULL,2024-02-08 12:38:17.765606,0.0,0,0,0.0,0.0,2024-02-08 12:38:18.748792,1955.8355331420898
2024-02-08 12:38:19.749614,9581.26,10.1,44.0,46.0,5.01,READY,4.914,0.030,173,7505,FULL,2024-02-08 12:38:18.764594,0.0,0,0,0.0,0.0,2024-02-08 12:38:19.751835,1961.5537643432617
2024-02-08 12:38:20.757701,8926.34,10.1,44.0,46.0,5.00,READY,4.910,0.032,172,6992,FULL,2024-02-08 12:38:19.766071,0.0,0,0,0.0,0.0,2024-02-08 12:38:20.754664,1961.9171142578125
2024-02-08 12:38:21.749910,8757.82,10.1,44.0,46.0,4.99,READY,4.913,0.030,173,6860,FULL,2024-02-08 12:38:20.766464,0.0,0,0,0.0,0.0,2024-02-08 12:38:21.740393,1960.1953506469727
2024-02-08 12:38:22.758519,9153.58,10.0,44.0,46.0,5.02,READY,4.910,0.031,172,7170,FULL,2024-02-08 12:38:21.766845,0.0,0,0,0.0,0.0,2024-02-08 12:38:22.742295,1957.8575134277344
2024-02-08 12:38:23.766793,9211.03,10.0,44.0,46.0,4.99,READY,4.912,0.031,173,7215,FULL,2024-02-08 12:38:22.768078,0.0,0,0,0.0,0.0,2024-02-08 12:38:23.745154,1963.2755279541016
2024-02-08 12:38:24.744096,9024.64,10.0,44.0,46.0,4.99,READY,4.911,0.030,172,7069,FULL,2024-02-08 12:38:23.768971,0.0,0,0,0.0,0.0,2024-02-08 12:38:24.747855,1962.5646591186523
2024-02-08 12:38:25.751223,9232.73,10.0,44.0,46.0,5.02,READY,4.915,0.032,173,7232,FULL,2024-02-08 12:38:24.754596,0.0,0,0,0.0,0.0,2024-02-08 12:38:25.750665,1956.0724258422852
2024-02-08 12:38:26.743894,9023.36,10.0,44.0,46.0,4.99,READY,4.917,0.031,172,7068,FULL,2024-02-08 12:38:25.754270,0.0,0,0,0.0,0.0,2024-02-08 12:38:26.752636,1962.9596710205078
2024-02-08 12:38:27.751856,9548.07,10.0,44.1,46.0,5.01,READY,4.913,0.032,173,7479,FULL,2024-02-08 12:38:26.757200,0.0,0,0,0.0,0.0,2024-02-08 12:38:27.739537,1963.5124206542969
2024-02-08 12:38:28.744076,9147.20,10.0,44.1,46.0,4.99,READY,4.919,0.030,172,7165,FULL,2024-02-08 12:38:27.758516,0.0,0,0,0.0,0.0,2024-02-08 12:38:28.742019,1962.9755020141602
2024-02-08 12:38:29.752424,9249.33,10.0,44.1,46.0,4.99,READY,4.912,0.029,173,7245,FULL,2024-02-08 12:38:28.759923,0.0,0,0,0.0,0.0,2024-02-08 12:38:29.744651,1956.2145233154297
2024-02-08 12:38:30.744503,9066.77,10.0,44.1,46.0,5.02,READY,4.914,0.031,172,7102,FULL,2024-02-08 12:38:29.761128,0.0,0,0,0.0,0.0,2024-02-08 12:38:30.747781,1963.2282257080078
2024-02-08 12:38:31.753073,9051.45,10.0,44.1,46.0,4.99,READY,4.913,0.033,173,7090,FULL,2024-02-08 12:38:30.759496,0.0,0,0,0.0,0.0,2024-02-08 12:38:31.750385,1962.1856689453125
2024-02-08 12:38:32.745185,9383.38,10.0,44.1,46.0,5.02,READY,4.920,0.033,172,7350,FULL,2024-02-08 12:38:31.761129,0.0,0,0,0.0,0.0,2024-02-08 12:38:32.752958,1958.0944061279297
2024-02-08 12:38:33.753673,9305.50,10.0,44.1,46.0,5.02,READY,4.923,0.031,173,7289,FULL,2024-02-08 12:38:32.762705,0.0,0,0,0.0,0.0,2024-02-08 12:38:33.739402,1961.727523803711
2024-02-08 12:38:34.745778,9435.72,10.0,44.1,46.0,4.99,READY,4.927,0.030,172,7391,FULL,2024-02-08 12:38:33.761838,0.0,0,0,0.0,0.0,2024-02-08 12:38:34.742046,1964.6024703979492
2024-02-08 12:38:35.753925,9211.03,10.0,44.1,46.0,5.02,READY,4.930,0.028,173,7215,FULL,2024-02-08 12:38:34.763307,0.0,0,0,0.0,0.0,2024-02-08 12:38:35.744780,1963.8442993164062
2024-02-08 12:38:36.762161,9542.96,10.0,44.0,46.0,4.99,READY,4.892,0.032,172,7475,FULL,2024-02-08 12:38:35.763161,0.0,0,0,0.0,0.0,2024-02-08 12:38:36.747402,1956.9095611572266
2024-02-08 12:38:37.754267,9248.05,10.0,44.0,46.0,5.00,READY,4.888,0.030,173,7244,FULL,2024-02-08 12:38:36.763179,0.0,0,0,0.0,0.0,2024-02-08 12:38:37.750183,1963.2282257080078
2024-02-08 12:38:38.762394,9103.79,10.0,44.0,46.0,5.02,READY,4.886,0.031,173,7131,FULL,2024-02-08 12:38:37.764500,0.0,0,0,0.0,0.0,2024-02-08 12:38:38.753163,1962.548828125
2024-02-08 12:38:39.754564,9056.56,10.0,44.0,46.0,5.01,READY,4.878,0.030,172,7094,FULL,2024-02-08 12:38:38.765583,0.0,0,0,0.0,0.0,2024-02-08 12:38:39.739495,1961.5537643432617
2024-02-08 12:38:40.762952,9096.13,10.1,44.0,46.0,4.98,READY,4.874,0.032,173,7125,FULL,2024-02-08 12:38:39.765797,0.0,0,0,0.0,0.0,2024-02-08 12:38:40.741841,1959.7213745117188
2024-02-08 12:38:41.754994,8988.89,10.1,44.0,46.0,4.99,READY,4.874,0.030,172,7041,FULL,2024-02-08 12:38:40.765123,0.0,0,0,0.0,0.0,2024-02-08 12:38:41.744886,1964.4287109375
2024-02-08 12:38:42.763370,8999.11,10.1,44.0,46.0,5.01,READY,4.873,0.030,173,7049,FULL,2024-02-08 12:38:41.765206,0.0,0,0,0.0,0.0,2024-02-08 12:38:42.747643,1963.3230209350586
2024-02-08 12:38:43.755870,8731.01,10.1,44.0,46.0,4.99,READY,4.876,0.029,172,6839,FULL,2024-02-08 12:38:42.767063,0.0,0,0,0.0,0.0,2024-02-08 12:38:43.750105,1956.5937042236328
2024-02-08 12:38:44.764202,8798.67,10.1,44.0,46.0,5.01,READY,4.870,0.031,173,6892,FULL,2024-02-08 12:38:43.768655,0.0,0,0,0.0,0.0,2024-02-08 12:38:44.752435,1962.9280090332031
2024-02-08 12:38:45.756003,8725.90,10.1,44.0,46.0,4.99,READY,4.869,0.029,172,6835,FULL,2024-02-08 12:38:44.769037,0.0,0,0,0.0,0.0,2024-02-08 12:38:45.754947,1962.864875793457
2024-02-08 12:38:46.764167,8805.06,10.1,44.0,46.0,4.99,READY,4.870,0.028,173,6897,FULL,2024-02-08 12:38:45.767729,0.0,0,0,0.0,0.0,2024-02-08 12:38:46.741524,1962.8490447998047
2024-02-08 12:38:47.741661,8705.48,10.1,44.0,46.0,5.02,READY,4.869,0.030,172,6819,FULL,2024-02-08 12:38:46.754127,0.0,0,0,0.0,0.0,2024-02-08 12:38:47.744441,1958.062744140625
2024-02-08 12:38:48.749028,8585.47,10.1,44.0,46.0,4.99,READY,4.869,0.030,173,6725,FULL,2024-02-08 12:38:47.755008,0.0,0,0,0.0,0.0,2024-02-08 12:38:48.747312,1964.5866394042969
2024-02-08 12:38:49.741168,8637.81,10.1,44.0,46.0,5.01,READY,4.870,0.030,172,6766,FULL,2024-02-08 12:38:48.754073,0.0,0,0,0.0,0.0,2024-02-08 12:38:49.749434,1963.6547088623047
2024-02-08 12:38:50.749498,8755.27,10.1,44.0,46.0,5.02,READY,4.874,0.028,173,6858,FULL,2024-02-08 12:38:49.755496,0.0,0,0,0.0,0.0,2024-02-08 12:38:50.752104,1957.2729110717773
2024-02-08 12:38:51.741761,8691.43,10.1,44.0,46.0,4.99,READY,4.879,0.029,172,6808,FULL,2024-02-08 12:38:50.755672,0.0,0,0,0.0,0.0,2024-02-08 12:38:51.754371,1963.2438659667969
2024-02-08 12:38:52.750263,8341.63,10.1,44.0,46.0,5.02,READY,4.884,0.031,173,6534,FULL,2024-02-08 12:38:51.756033,0.0,0,0,0.0,0.0,2024-02-08 12:38:52.740998,1963.5913848876953
2024-02-08 12:38:53.742084,8408.02,10.1,44.0,46.0,4.99,READY,4.877,0.030,172,6586,FULL,2024-02-08 12:38:52.755971,0.0,0,0,0.0,0.0,2024-02-08 12:38:53.743133,1962.3908996582031
2024-02-08 12:38:54.750959,8469.30,10.0,44.0,46.0,5.02,READY,4.888,0.031,173,6634,FULL,2024-02-08 12:38:53.757703,0.0,0,0,0.0,0.0,2024-02-08 12:38:54.745683,1960.9535217285156
2024-02-08 12:38:55.742735,8400.36,10.1,44.1,46.0,4.99,READY,4.884,0.029,172,6580,FULL,2024-02-08 12:38:54.759741,0.0,0,0,0.0,0.0,2024-02-08 12:38:55.747987,1964.3497467041016
2024-02-08 12:38:56.750872,8409.29,10.1,44.0,46.0,4.99,READY,4.889,0.031,173,6587,FULL,2024-02-08 12:38:55.760746,0.0,0,0,0.0,0.0,2024-02-08 12:38:56.750872,1963.1175994873047
2024-02-08 12:38:57.759248,8222.90,10.1,44.0,46.0,5.00,READY,4.905,0.030,173,6441,FULL,2024-02-08 12:38:56.760562,0.0,0,0,0.0,0.0,2024-02-08 12:38:57.753494,1956.2461853027344
2024-02-08 12:38:58.751221,8307.16,10.1,44.0,46.0,5.01,READY,4.880,0.028,172,6507,FULL,2024-02-08 12:38:57.760950,0.0,0,0,0.0,0.0,2024-02-08 12:38:58.739902,1963.3230209350586
2024-02-08 12:38:59.759707,8434.83,10.1,44.0,46.0,5.01,READY,4.886,0.029,173,6607,FULL,2024-02-08 12:38:58.761953,0.0,0,0,0.0,0.0,2024-02-08 12:38:59.742460,1962.7700805664062
2024-02-08 12:39:00.751978,8742.50,10.0,44.0,46.0,4.98,READY,4.889,0.031,172,6848,FULL,2024-02-08 12:38:59.761361,0.0,0,0,0.0,0.0,2024-02-08 12:39:00.744865,1944.2726135253906
2024-02-08 12:39:01.759897,8542.07,10.0,44.0,46.0,5.01,READY,4.927,0.030,173,6691,FULL,2024-02-08 12:39:00.761201,0.0,0,0,0.0,0.0,2024-02-08 12:39:01.750839,1959.8793029785156
2024-02-08 12:39:02.752235,8685.05,10.0,44.0,46.0,4.98,READY,4.883,0.029,172,6803,FULL,2024-02-08 12:39:01.763990,0.0,0,0,0.0,0.0,2024-02-08 12:39:02.753289,1964.2549514770508
2024-02-08 12:39:03.760441,8526.75,10.0,44.0,46.0,5.01,READY,4.915,0.028,173,6679,FULL,2024-02-08 12:39:02.766034,0.0,0,0,0.0,0.0,2024-02-08 12:39:03.739919,1963.670539855957
2024-02-08 12:39:04.752667,8453.98,10.0,44.0,46.0,4.99,READY,4.902,0.030,172,6622,FULL,2024-02-08 12:39:03.766624,0.0,0,0,0.0,0.0,2024-02-08 12:39:04.742426,1963.1807327270508
2024-02-08 12:39:05.761060,8572.71,10.0,44.0,46.0,4.99,READY,4.908,0.029,173,6715,FULL,2024-02-08 12:39:04.767698,0.0,0,0,0.0,0.0,2024-02-08 12:39:05.744856,1956.925392150879
2024-02-08 12:39:06.753032,8573.98,10.0,44.0,46.0,5.01,READY,4.927,0.028,172,6716,FULL,2024-02-08 12:39:05.767571,0.0,0,0,0.0,0.0,2024-02-08 12:39:06.747427,1965.6608581542969
2024-02-08 12:39:07.761311,8396.53,10.0,44.0,46.0,4.99,READY,4.896,0.028,173,6577,FULL,2024-02-08 12:39:06.768601,0.0,0,0,0.0,0.0,2024-02-08 12:39:07.750165,1965.186882019043
2024-02-08 12:39:08.738693,8309.72,10.0,44.0,46.0,4.99,READY,4.927,0.031,172,6509,FULL,2024-02-08 12:39:07.768827,0.0,0,0,0.0,0.0,2024-02-08 12:39:08.752780,1960.653305053711
2024-02-08 12:39:09.746204,8382.48,10.0,44.0,46.0,5.02,READY,4.906,0.029,173,6566,FULL,2024-02-08 12:39:08.754851,0.0,0,0,0.0,0.0,2024-02-08 12:39:09.739900,1957.7783584594727
2024-02-08 12:39:10.754083,8233.12,10.0,44.0,46.0,4.98,READY,4.913,0.029,172,6449,FULL,2024-02-08 12:39:09.756953,0.0,0,0,0.0,0.0,2024-02-08 12:39:10.742511,1963.7495040893555
2024-02-08 12:39:11.746251,8432.27,10.1,44.0,46.0,5.01,READY,4.922,0.029,173,6605,FULL,2024-02-08 12:39:10.756128,0.0,0,0,0.0,0.0,2024-02-08 12:39:11.745198,1964.3180847167969
2024-02-08 12:39:12.754945,8604.62,10.1,44.0,46.0,4.99,READY,4.921,0.031,172,6740,FULL,2024-02-08 12:39:11.756954,0.0,0,0,0.0,0.0,2024-02-08 12:39:12.747656,1959.4528198242188
2024-02-08 12:39:13.746932,8858.67,10.1,44.0,46.0,4.99,READY,4.927,0.031,173,6939,FULL,2024-02-08 12:39:12.757667,0.0,0,0,0.0,0.0,2024-02-08 12:39:13.750514,1966.0715103149414
2024-02-08 12:39:14.754922,8903.36,10.1,44.0,46.0,5.01,READY,4.922,0.031,172,6974,FULL,2024-02-08 12:39:13.758767,0.0,0,0,0.0,0.0,2024-02-08 12:39:14.752804,1965.250015258789
2024-02-08 12:39:15.747162,8866.33,10.1,44.0,46.0,4.99,READY,4.913,0.030,173,6945,FULL,2024-02-08 12:39:14.759571,0.0,0,0,0.0,0.0,2024-02-08 12:39:15.739365,1963.9863967895508
2024-02-08 12:39:16.755594,8842.08,10.0,44.0,46.0,5.01,READY,4.915,0.029,172,6926,FULL,2024-02-08 12:39:15.758347,0.0,0,0,0.0,0.0,2024-02-08 12:39:16.741973,1958.5525512695312
2024-02-08 12:39:17.747875,8760.37,10.0,44.0,46.1,5.01,READY,4.902,0.029,173,6862,FULL,2024-02-08 12:39:16.760212,0.0,0,0,0.0,0.0,2024-02-08 12:39:17.744164,1965.0606155395508
2024-02-08 12:39:18.756024,8682.50,10.0,44.0,46.1,4.99,READY,4.903,0.030,172,6801,FULL,2024-02-08 12:39:17.762114,0.0,0,0,0.0,0.0,2024-02-08 12:39:18.746767,1964.2074584960938
2024-02-08 12:39:19.748323,8529.30,10.0,44.0,46.1,5.03,READY,4.888,0.031,173,6681,FULL,2024-02-08 12:39:18.761205,0.0,0,0,0.0,0.0,2024-02-08 12:39:19.748852,1958.662986755371
2024-02-08 12:39:20.756670,8628.88,10.0,44.0,46.1,4.98,READY,4.912,0.028,172,6759,FULL,2024-02-08 12:39:19.763049,0.0,0,0,0.0,0.0,2024-02-08 12:39:20.750933,1966.3715362548828
2024-02-08 12:39:21.748875,8390.14,10.0,44.0,46.1,5.02,READY,4.922,0.030,173,6572,FULL,2024-02-08 12:39:20.762897,0.0,0,0,0.0,0.0,2024-02-08 12:39:21.753396,1965.0131225585938
2024-02-08 12:39:22.757185,8519.09,10.0,44.0,46.1,5.03,READY,4.922,0.031,172,6673,FULL,2024-02-08 12:39:21.763154,0.0,0,0,0.0,0.0,2024-02-08 12:39:22.739551,1963.1807327270508
2024-02-08 12:39:23.748987,8436.10,10.0,44.0,46.1,4.99,READY,4.921,0.030,173,6608,FULL,2024-02-08 12:39:22.763410,0.0,0,0,0.0,0.0,2024-02-08 12:39:23.742306,1964.0653610229492
2024-02-08 12:39:24.757314,8438.66,10.0,44.0,46.1,5.02,READY,4.916,0.031,172,6610,FULL,2024-02-08 12:39:23.764852,0.0,0,0,0.0,0.0,2024-02-08 12:39:24.745064,1965.2185440063477
2024-02-08 12:39:25.749599,8282.91,10.0,44.0,46.1,5.01,READY,4.910,0.030,173,6488,FULL,2024-02-08 12:39:24.765869,0.0,0,0,0.0,0.0,2024-02-08 12:39:25.747521,1963.8916015625
2024-02-08 12:39:26.757718,8488.45,10.0,44.0,46.1,4.99,READY,4.912,0.030,172,6649,FULL,2024-02-08 12:39:25.764797,0.0,0,0,0.0,0.0,2024-02-08 12:39:26.750420,1958.378791809082
2024-02-08 12:39:27.750120,8450.15,10.0,44.0,46.1,5.02,READY,4.910,0.028,173,6619,FULL,2024-02-08 12:39:26.765378,0.0,0,0,0.0,0.0,2024-02-08 12:39:27.752682,1965.8977508544922
2024-02-08 12:39:28.758324,8686.33,10.0,44.0,46.1,4.98,READY,4.876,0.031,172,6804,FULL,2024-02-08 12:39:27.766226,0.0,0,0,0.0,0.0,2024-02-08 12:39:28.738788,1966.1504745483398
2024-02-08 12:39:29.766704,8677.39,10.0,44.0,46.1,5.01,READY,4.894,0.033,173,6797,FULL,2024-02-08 12:39:28.768453,0.0,0,0,0.0,0.0,2024-02-08 12:39:29.740947,1961.8696212768555
2024-02-08 12:39:30.758929,8811.44,10.0,44.0,46.1,4.99,READY,4.876,0.031,172,6902,FULL,2024-02-08 12:39:29.753646,0.0,0,0,0.0,0.0,2024-02-08 12:39:30.743641,1965.2816772460938
2024-02-08 12:39:31.751187,8438.66,10.0,44.0,46.1,4.99,READY,4.876,0.030,173,6610,FULL,2024-02-08 12:39:30.753917,0.0,0,0,0.0,0.0,2024-02-08 12:39:31.746609,1965.297508239746
2024-02-08 12:39:32.743425,8502.49,10.1,44.0,46.1,5.01,READY,4.875,0.031,172,6660,FULL,2024-02-08 12:39:31.755246,0.0,0,0,0.0,0.0,2024-02-08 12:39:32.749040,1964.3022537231445
2024-02-08 12:39:33.751240,8358.23,10.1,44.0,46.1,4.99,READY,4.880,0.029,173,6547,FULL,2024-02-08 12:39:32.756291,0.0,0,0,0.0,0.0,2024-02-08 12:39:33.751240,1960.1320266723633
2024-02-08 12:39:34.743715,8549.73,10.1,44.0,46.1,4.99,READY,4.875,0.028,172,6697,FULL,2024-02-08 12:39:33.755431,0.0,0,0,0.0,0.0,2024-02-08 12:39:34.753729,1966.8771743774414
2024-02-08 12:39:35.752059,8683.77,10.1,44.0,46.1,5.00,READY,4.873,0.029,173,6802,FULL,2024-02-08 12:39:34.756476,0.0,0,0,0.0,0.0,2024-02-08 12:39:35.739793,1966.3400650024414
2024-02-08 12:39:36.744495,8700.37,10.1,44.0,46.1,5.00,READY,4.876,0.030,173,6815,FULL,2024-02-08 12:39:35.756767,0.0,0,0,0.0,0.0,2024-02-08 12:39:36.742363,1961.6485595703125
2024-02-08 12:39:37.752429,8866.33,10.1,44.0,46.1,5.01,READY,4.879,0.030,173,6945,FULL,2024-02-08 12:39:36.757220,0.0,0,0,0.0,0.0,2024-02-08 12:39:37.745176,1965.4237747192383
2024-02-08 12:39:38.744634,9129.32,10.1,44.0,46.1,4.98,READY,4.878,0.032,172,7151,FULL,2024-02-08 12:39:37.757090,0.0,0,0,0.0,0.0,2024-02-08 12:39:38.747658,1965.297508239746
2024-02-08 12:39:39.753018,8908.46,10.1,44.0,46.1,4.99,READY,4.884,0.030,173,6978,FULL,2024-02-08 12:39:38.758855,0.0,0,0,0.0,0.0,2024-02-08 12:39:39.749789,1963.559913635254
2024-02-08 12:39:40.745222,8648.03,10.1,44.0,46.1,5.02,READY,4.884,0.031,172,6774,FULL,2024-02-08 12:39:39.760722,0.0,0,0,0.0,0.0,2024-02-08 12:39:40.752435,1964.2707824707031
2024-02-08 12:39:41.753584,8713.14,10.1,44.0,46.1,4.99,READY,4.882,0.032,173,6825,FULL,2024-02-08 12:39:40.759155,0.0,0,0,0.0,0.0,2024-02-08 12:39:41.755351,1966.813850402832
2024-02-08 12:39:42.745771,9194.43,10.1,44.0,46.1,5.01,READY,4.890,0.029,172,7202,FULL,2024-02-08 12:39:41.759021,0.0,0,0,0.0,0.0,2024-02-08 12:39:42.741977,1965.7712936401367
2024-02-08 12:39:43.753791,9039.96,10.1,44.0,46.1,5.00,READY,4.893,0.031,173,7081,FULL,2024-02-08 12:39:42.760474,0.0,0,0,0.0,0.0,2024-02-08 12:39:43.744559,1961.190414428711
2024-02-08 12:39:44.745921,9371.89,10.1,44.0,46.1,5.02,READY,4.925,0.032,173,7341,FULL,2024-02-08 12:39:43.761989,0.0,0,0,0.0,0.0,2024-02-08 12:39:44.746933,1964.918327331543
2024-02-08 12:39:45.754740,9678.28,10.1,44.0,46.1,4.99,READY,4.913,0.033,172,7581,FULL,2024-02-08 12:39:44.761546,0.0,0,0,0.0,0.0,2024-02-08 12:39:45.748972,1965.7398223876953
2024-02-08 12:39:46.746608,9799.57,10.1,44.0,46.1,5.01,READY,4.924,0.035,173,7676,FULL,2024-02-08 12:39:45.760466,0.0,0,0,0.0,0.0,2024-02-08 12:39:46.751820,1964.7445678710938
2024-02-08 12:39:47.754629,9392.31,10.1,44.0,46.1,4.99,READY,4.922,0.033,172,7357,FULL,2024-02-08 12:39:46.761562,0.0,0,0,0.0,0.0,2024-02-08 12:39:47.754629,1962.3750686645508
2024-02-08 12:39:48.747144,9459.98,10.1,44.0,46.1,4.99,READY,4.891,0.031,173,7410,FULL,2024-02-08 12:39:47.762830,0.0,0,0,0.0,0.0,2024-02-08 12:39:48.741552,1965.834617614746
2024-02-08 12:39:49.755579,10039.58,10.1,44.0,46.1,5.01,READY,4.885,0.033,172,7864,FULL,2024-02-08 12:39:48.761302,0.0,0,0,0.0,0.0,2024-02-08 12:39:49.744272,1965.0447845458984
2024-02-08 12:39:50.747892,9721.69,10.1,44.0,46.1,4.96,READY,4.890,0.032,173,7615,FULL,2024-02-08 12:39:49.761354,0.0,0,0,0.0,0.0,2024-02-08 12:39:50.746270,1961.8854522705078
2024-02-08 12:39:51.755855,9036.13,10.1,44.0,46.1,4.99,READY,4.894,0.031,172,7078,FULL,2024-02-08 12:39:50.762956,0.0,0,0,0.0,0.0,2024-02-08 12:39:51.748547,1966.4348602294922
2024-02-08 12:39:52.748115,9159.96,10.1,44.0,46.1,5.01,READY,4.925,0.032,173,7175,FULL,2024-02-08 12:39:51.763421,0.0,0,0,0.0,0.0,2024-02-08 12:39:52.751328,1966.9244766235352
2024-02-08 12:39:53.756463,8931.44,10.1,44.0,46.1,4.99,READY,4.923,0.030,172,6996,FULL,2024-02-08 12:39:52.763392,0.0,0,0,0.0,0.0,2024-02-08 12:39:53.754353,1965.234375
2024-02-08 12:39:54.748685,9269.76,10.1,44.0,46.1,5.01,READY,4.923,0.031,173,7261,FULL,2024-02-08 12:39:53.764528,0.0,0,0,0.0,0.0,2024-02-08 12:39:54.741123,1959.8793029785156
2024-02-08 12:39:55.756469,9471.47,10.1,44.0,46.1,4.99,READY,4.922,0.031,172,7419,FULL,2024-02-08 12:39:54.765404,0.0,0,0,0.0,0.0,2024-02-08 12:39:55.743454,1964.760398864746
2024-02-08 12:39:56.749235,9042.51,10.1,44.0,46.1,5.00,READY,4.921,0.031,173,7083,FULL,2024-02-08 12:39:55.754466,0.0,0,0,0.0,0.0,2024-02-08 12:39:56.745213,1964.7445678710938
2024-02-08 12:39:57.741330,9466.36,10.1,44.0,46.1,5.00,READY,4.919,0.031,173,7415,FULL,2024-02-08 12:39:56.767647,0.0,0,0,0.0,0.0,2024-02-08 12:39:57.747452,1960.5112075805664
2024-02-08 12:39:58.749797,10315.33,10.1,44.0,46.1,5.00,READY,4.920,0.031,173,8080,FULL,2024-02-08 12:39:57.756192,0.0,0,0,0.0,0.0,2024-02-08 12:39:58.749797,1966.4031982421875
2024-02-08 12:39:59.741934,9357.85,10.1,44.0,46.1,5.01,READY,4.916,0.031,172,7330,FULL,2024-02-08 12:39:58.757550,0.0,0,0,0.0,0.0,2024-02-08 12:39:59.752522,1965.6133651733398
2024-02-08 12:40:00.749891,10468.53,10.1,44.0,46.1,5.02,READY,4.911,0.030,173,8200,FULL,2024-02-08 12:39:59.757089,0.0,0,0,0.0,0.0,2024-02-08 12:40:00.738812,1965.9135818481445
2024-02-08 12:40:01.742075,9669.35,10.1,44.0,46.1,4.99,READY,4.909,0.035,172,7574,FULL,2024-02-08 12:40:00.757911,0.0,0,0,0.0,0.0,2024-02-08 12:40:01.746641,1964.2549514770508
2024-02-08 12:40:02.750373,8866.33,10.1,44.0,46.0,5.01,READY,4.907,0.031,173,6945,FULL,2024-02-08 12:40:01.758147,0.0,0,0,0.0,0.0,2024-02-08 12:40:02.748303,1963.3386611938477
2024-02-08 12:40:03.742777,10928.12,10.1,44.0,46.0,4.99,READY,4.907,0.035,172,8560,FULL,2024-02-08 12:40:02.758037,0.0,0,0,0.0,0.0,2024-02-08 12:40:03.750446,1965.945053100586
2024-02-08 12:40:04.751073,9505.94,10.1,44.0,46.0,5.02,READY,4.905,0.030,173,7446,FULL,2024-02-08 12:40:03.758109,0.0,0,0,0.0,0.0,2024-02-08 12:40:04.752768,1964.0811920166016
2024-02-08 12:40:05.743258,10583.43,10.1,44.0,46.0,5.01,READY,4.907,0.035,172,8290,FULL,2024-02-08 12:40:04.758454,0.0,0,0,0.0,0.0,2024-02-08 12:40:05.739555,1959.7530364990234
2024-02-08 12:40:06.751237,9576.15,10.1,44.0,46.0,4.99,READY,4.906,0.031,173,7501,FULL,2024-02-08 12:40:05.758422,0.0,0,0,0.0,0.0,2024-02-08 12:40:06.742221,1965.4712677001953
2024-02-08 12:40:07.743685,9751.05,10.1,44.0,46.0,5.00,READY,4.910,0.034,173,7638,FULL,2024-02-08 12:40:06.758919,0.0,0,0,0.0,0.0,2024-02-08 12:40:07.744197,1965.8029556274414
2024-02-08 12:40:08.752251,10006.38,10.1,44.0,46.0,5.01,READY,4.915,0.033,173,7838,FULL,2024-02-08 12:40:07.759395,0.0,0,0,0.0,0.0,2024-02-08 12:40:08.746046,1962.548828125
2024-02-08 12:40:09.744207,9816.16,10.0,44.0,46.0,4.99,READY,4.913,0.033,172,7689,FULL,2024-02-08 12:40:08.760949,0.0,0,0,0.0,0.0,2024-02-08 12:40:09.748291,1966.8296813964844
2024-02-08 12:40:10.752566,9785.52,10.0,44.0,46.0,5.01,READY,4.920,0.033,173,7665,FULL,2024-02-08 12:40:09.759949,0.0,0,0,0.0,0.0,2024-02-08 12:40:10.750876,1966.2294387817383
2024-02-08 12:40:11.744830,9338.70,10.0,44.0,46.0,4.98,READY,4.921,0.028,172,7315,FULL,2024-02-08 12:40:10.760269,0.0,0,0,0.0,0.0,2024-02-08 12:40:11.737264,1964.5708084106445
2024-02-08 12:40:12.753346,9334.87,10.0,44.0,46.0,5.02,READY,4.917,0.032,173,7312,FULL,2024-02-08 12:40:11.760643,0.0,0,0,0.0,0.0,2024-02-08 12:40:12.739593,1958.820915222168
2024-02-08 12:40:13.745033,9897.87,10.0,44.0,46.0,4.99,READY,4.915,0.034,172,7753,FULL,2024-02-08 12:40:12.760854,0.0,0,0,0.0,0.0,2024-02-08 12:40:13.741487,1967.4457550048828
2024-02-08 12:40:14.753449,9406.36,10.0,44.0,46.0,4.99,READY,4.917,0.032,173,7368,FULL,2024-02-08 12:40:13.760627,0.0,0,0,0.0,0.0,2024-02-08 12:40:14.743737,1967.5247192382812
2024-02-08 12:40:15.745600,8738.67,10.0,44.0,46.0,5.02,READY,4.922,0.030,172,6845,FULL,2024-02-08 12:40:14.760963,0.0,0,0,0.0,0.0,2024-02-08 12:40:15.746144,1974.3013381958008
2024-02-08 12:40:16.754243,8650.58,10.0,44.0,46.0,4.99,READY,4.923,0.028,173,6776,FULL,2024-02-08 12:40:15.761209,0.0,0,0,0.0,0.0,2024-02-08 12:40:16.748519,1967.777442932129
2024-02-08 12:40:17.746363,8959.53,10.0,44.0,46.0,4.99,READY,4.924,0.030,172,7018,FULL,2024-02-08 12:40:16.761804,0.0,0,0,0.0,0.0,2024-02-08 12:40:17.751052,1966.3715362548828
2024-02-08 12:40:18.754455,8857.40,10.0,44.0,46.0,5.01,READY,4.928,0.032,173,6938,FULL,2024-02-08 12:40:17.761557,0.0,0,0,0.0,0.0,2024-02-08 12:40:18.753309,1961.8064880371094
2024-02-08 12:40:19.746553,8614.83,10.0,44.1,46.0,4.99,READY,4.931,0.030,172,6748,FULL,2024-02-08 12:40:18.762581,0.0,0,0,0.0,0.0,2024-02-08 12:40:19.739898,1965.5818939208984
2024-02-08 12:40:20.755224,8599.51,10.0,44.1,46.0,5.02,READY,4.930,0.030,173,6736,FULL,2024-02-08 12:40:19.762697,0.0,0,0,0.0,0.0,2024-02-08 12:40:20.742463,1968.1249618530273
2024-02-08 12:40:21.746998,8558.66,10.0,44.1,46.0,4.99,READY,4.932,0.030,172,6704,FULL,2024-02-08 12:40:20.762738,0.0,0,0,0.0,0.0,2024-02-08 12:40:21.744918,1967.2561645507812
2024-02-08 12:40:22.755476,8469.30,10.0,44.0,46.0,4.99,READY,4.929,0.030,173,6634,FULL,2024-02-08 12:40:21.762560,0.0,0,0,0.0,0.0,2024-02-08 12:40:22.747269,1960.1795196533203
2024-02-08 12:40:23.747706,8424.61,10.0,44.0,46.0,5.02,READY,4.886,0.029,172,6599,FULL,2024-02-08 12:40:22.763619,0.0,0,0,0.0,0.0,2024-02-08 12:40:23.749904,1966.6400909423828
2024-02-08 12:40:24.756010,8782.08,10.0,44.0,46.0,4.99,READY,4.882,0.031,173,6879,FULL,2024-02-08 12:40:23.763411,0.0,0,0,0.0,0.0,2024-02-08 12:40:24.752306,1966.4506912231445
2024-02-08 12:40:25.747899,9165.07,10.0,44.0,46.0,5.02,READY,4.882,0.029,172,7179,FULL,2024-02-08 12:40:24.763680,0.0,0,0,0.0,0.0,2024-02-08 12:40:25.754995,1961.5854263305664
2024-02-08 12:40:26.756714,9126.77,10.0,44.0,46.0,5.01,READY,4.883,0.031,173,7149,FULL,2024-02-08 12:40:25.764155,0.0,0,0,0.0,0.0,2024-02-08 12:40:26.741452,1967.1140670776367
2024-02-08 12:40:27.748837,8879.10,10.0,44.0,46.0,4.99,READY,4.882,0.032,172,6955,FULL,2024-02-08 12:40:26.764377,0.0,0,0,0.0,0.0,2024-02-08 12:40:27.743570,1968.2672500610352
2024-02-08 12:40:28.756890,9025.92,10.0,44.0,46.0,5.02,READY,4.878,0.031,173,7070,FULL,2024-02-08 12:40:27.764548,0.0,0,0,0.0,0.0,2024-02-08 12:40:28.745639,1966.261100769043
2024-02-08 12:40:29.748801,9731.90,10.0,44.0,46.0,4.99,READY,4.874,0.031,172,7623,FULL,2024-02-08 12:40:28.765473,0.0,0,0,0.0,0.0,2024-02-08 12:40:29.747790,1963.6547088623047
2024-02-08 12:40:30.757422,9525.09,10.0,44.0,46.0,5.00,READY,4.872,0.032,173,7461,FULL,2024-02-08 12:40:29.765095,0.0,0,0,0.0,0.0,2024-02-08 12:40:30.750720,1966.7665481567383
2024-02-08 12:40:31.749260,9548.07,10.0,44.0,46.0,5.01,READY,4.871,0.031,173,7479,FULL,2024-02-08 12:40:30.765588,0.0,0,0,0.0,0.0,2024-02-08 12:40:31.753326,1965.9294128417969
2024-02-08 12:40:32.757834,9511.04,10.0,44.0,46.0,5.01,READY,4.874,0.033,172,7450,FULL,2024-02-08 12:40:31.766115,0.0,0,0,0.0,0.0,2024-02-08 12:40:32.739414,1963.7495040893555
2024-02-08 12:40:33.750054,9156.13,10.0,44.0,46.0,4.99,READY,4.875,0.032,173,7172,FULL,2024-02-08 12:40:32.765356,0.0,0,0,0.0,0.0,2024-02-08 12:40:33.741994,1968.362045288086
2024-02-08 12:40:34.758392,9384.65,10.0,44.0,46.0,4.99,READY,4.872,0.032,172,7351,FULL,2024-02-08 12:40:33.766389,0.0,0,0,0.0,0.0,2024-02-08 12:40:34.744054,1967.9039001464844
2024-02-08 12:40:35.750572,9143.37,10.0,44.0,46.0,5.02,READY,4.868,0.031,173,7162,FULL,2024-02-08 12:40:34.768119,0.0,0,0,0.0,0.0,2024-02-08 12:40:35.746365,1965.0762557983398
2024-02-08 12:40:36.758509,9188.05,10.0,44.0,46.0,5.00,READY,4.868,0.030,172,7197,FULL,2024-02-08 12:40:35.765740,0.0,0,0,0.0,0.0,2024-02-08 12:40:36.748958,1967.2246932983398
2024-02-08 12:40:37.751436,8861.23,10.0,44.0,46.0,4.99,READY,4.869,0.031,172,6941,FULL,2024-02-08 12:40:36.766677,0.0,0,0,0.0,0.0,2024-02-08 12:40:37.751436,1966.813850402832
2024-02-08 12:40:38.759454,8633.98,10.0,44.1,46.0,5.02,READY,4.868,0.028,173,6763,FULL,2024-02-08 12:40:37.767131,0.0,0,0,0.0,0.0,2024-02-08 12:40:38.753871,1965.518569946289
2024-02-08 12:40:39.751618,9310.61,10.1,44.1,46.0,5.00,READY,4.867,0.033,172,7293,FULL,2024-02-08 12:40:38.767646,0.0,0,0,0.0,0.0,2024-02-08 12:40:39.739934,1960.653305053711
2024-02-08 12:40:40.759435,9416.57,10.1,44.1,46.0,4.99,READY,4.868,0.030,173,7376,FULL,2024-02-08 12:40:39.767911,0.0,0,0,0.0,0.0,2024-02-08 12:40:40.741559,1981.8519592285156
2024-02-08 12:40:41.752191,10033.19,10.1,44.1,46.0,5.00,READY,4.867,0.035,173,7859,FULL,2024-02-08 12:40:40.767595,0.0,0,0,0.0,0.0,2024-02-08 12:40:41.743469,1981.393814086914
2024-02-08 12:40:42.760284,9392.31,10.1,44.1,46.0,5.02,READY,4.869,0.034,172,7357,FULL,2024-02-08 12:40:41.767871,0.0,0,0,0.0,0.0,2024-02-08 12:40:42.745635,1974.7753143310547
2024-02-08 12:40:43.752275,9862.12,10.1,44.0,46.0,5.02,READY,4.869,0.029,173,7725,FULL,2024-02-08 12:40:42.767304,0.0,0,0,0.0,0.0,2024-02-08 12:40:43.748069,1981.930923461914
2024-02-08 12:40:44.760714,8893.14,10.1,44.0,46.0,4.99,READY,4.868,0.030,172,6966,FULL,2024-02-08 12:40:43.767878,0.0,0,0,0.0,0.0,2024-02-08 12:40:44.750683,1980.4935455322266
2024-02-08 12:40:45.752960,10190.22,10.1,44.0,46.0,5.01,READY,4.871,0.038,173,7982,FULL,2024-02-08 12:40:44.767898,0.0,0,0,0.0,0.0,2024-02-08 12:40:45.753478,1975.770378112793
2024-02-08 12:40:46.760955,9439.55,10.1,44.0,46.0,4.99,READY,4.869,0.033,172,7394,FULL,2024-02-08 12:40:45.768185,0.0,0,0,0.0,0.0,2024-02-08 12:40:46.739198,1979.5141220092773
2024-02-08 12:40:47.753296,9459.98,10.1,44.0,46.0,5.02,READY,4.869,0.033,173,7410,FULL,2024-02-08 12:40:46.768512,0.0,0,0,0.0,0.0,2024-02-08 12:40:47.741076,1981.0779571533203
2024-02-08 12:40:48.762118,9932.34,10.1,44.0,46.0,5.01,READY,4.869,0.034,172,7780,FULL,2024-02-08 12:40:47.767955,0.0,0,0,0.0,0.0,2024-02-08 12:40:48.743178,1979.766845703125
2024-02-08 12:40:49.754133,10040.85,10.1,44.0,46.0,4.99,READY,4.868,0.033,173,7865,FULL,2024-02-08 12:40:48.769204,0.0,0,0,0.0,0.0,2024-02-08 12:40:49.745386,1979.6089172363281
2024-02-08 12:40:50.746121,9274.86,10.1,44.0,46.0,5.03,READY,4.870,0.029,172,7265,FULL,2024-02-08 12:40:49.768855,0.0,0,0,0.0,0.0,2024-02-08 12:40:50.748272,1982.088851928711
2024-02-08 12:40:51.738425,9795.74,10.1,44.0,46.0,5.01,READY,4.870,0.033,173,7673,FULL,2024-02-08 12:40:50.769281,0.0,0,0,0.0,0.0,2024-02-08 12:40:51.750651,1980.5408477783203
2024-02-08 12:40:52.746710,9993.62,10.1,44.0,46.0,4.99,READY,4.869,0.033,172,7828,FULL,2024-02-08 12:40:51.753829,0.0,0,0,0.0,0.0,2024-02-08 12:40:52.752809,1973.8275527954102
2024-02-08 12:40:53.738525,9900.42,10.1,44.0,46.0,5.02,READY,4.872,0.034,173,7755,FULL,2024-02-08 12:40:52.754815,0.0,0,0,0.0,0.0,2024-02-08 12:40:53.739605,1980.777931213379
2024-02-08 12:40:54.746819,9997.45,10.1,44.0,46.1,4.98,READY,4.870,0.033,172,7831,FULL,2024-02-08 12:40:53.754764,0.0,0,0,0.0,0.0,2024-02-08 12:40:54.742132,1981.0306549072266
2024-02-08 12:40:55.739173,9809.78,10.1,44.0,46.1,5.01,READY,4.871,0.034,173,7684,FULL,2024-02-08 12:40:54.755495,0.0,0,0,0.0,0.0,2024-02-08 12:40:55.744577,1979.3561935424805
2024-02-08 12:40:56.747353,9752.33,10.1,44.0,46.1,4.99,READY,4.874,0.032,172,7639,FULL,2024-02-08 12:40:55.756239,0.0,0,0,0.0,0.0,2024-02-08 12:40:56.747353,1967.3194885253906
2024-02-08 12:40:57.739940,9531.47,10.1,44.1,46.1,4.98,READY,4.871,0.032,173,7466,FULL,2024-02-08 12:40:56.756359,0.0,0,0,0.0,0.0,2024-02-08 12:40:57.749712,1968.8199996948242
2024-02-08 12:40:58.748054,9170.18,10.1,44.1,46.1,5.03,READY,4.871,0.030,172,7183,FULL,2024-02-08 12:40:57.756228,0.0,0,0,0.0,0.0,2024-02-08 12:40:58.752082,1967.1613693237305
2024-02-08 12:40:59.740222,9468.91,10.1,44.1,46.1,4.99,READY,4.871,0.032,173,7417,FULL,2024-02-08 12:40:58.756094,0.0,0,0,0.0,0.0,2024-02-08 12:40:59.754900,1960.0530624389648
2024-02-08 12:41:00.748503,9461.25,10.1,44.1,46.1,4.99,READY,4.869,0.034,172,7411,FULL,2024-02-08 12:40:59.756420,0.0,0,0,0.0,0.0,2024-02-08 12:41:00.741228,1955.4405212402344
2024-02-08 12:41:01.740327,9157.41,10.1,44.1,46.1,5.03,READY,4.871,0.031,173,7173,FULL,2024-02-08 12:41:00.757746,0.0,0,0,0.0,0.0,2024-02-08 12:41:01.746035,1968.4724807739258
2024-02-08 12:41:02.749085,8714.41,10.1,44.1,46.1,4.98,READY,4.870,0.031,172,6826,FULL,2024-02-08 12:41:01.757086,0.0,0,0,0.0,0.0,2024-02-08 12:41:02.748392,1967.6511764526367
2024-02-08 12:41:03.741248,9023.36,10.1,44.1,46.1,5.02,READY,4.870,0.032,173,7068,FULL,2024-02-08 12:41:02.757123,0.0,0,0,0.0,0.0,2024-02-08 12:41:03.750510,1961.301040649414
2024-02-08 12:41:04.749593,9056.56,10.1,44.1,46.1,4.99,READY,4.871,0.032,172,7094,FULL,2024-02-08 12:41:03.757069,0.0,0,0,0.0,0.0,2024-02-08 12:41:04.753329,1968.5989379882812
2024-02-08 12:41:05.741801,9147.20,10.1,44.0,46.1,4.99,READY,4.870,0.031,173,7165,FULL,2024-02-08 12:41:04.756992,0.0,0,0,0.0,0.0,2024-02-08 12:41:05.739126,1967.5247192382812
2024-02-08 12:41:06.750016,8922.51,10.1,44.0,46.1,5.02,READY,4.871,0.030,172,6989,FULL,2024-02-08 12:41:05.756855,0.0,0,0,0.0,0.0,2024-02-08 12:41:06.741220,1963.2123947143555
2024-02-08 12:41:07.742230,9102.52,10.1,44.0,46.1,4.99,READY,4.872,0.033,173,7130,FULL,2024-02-08 12:41:06.757740,0.0,0,0,0.0,0.0,2024-02-08 12:41:07.743449,1967.7459716796875
2024-02-08 12:41:08.750239,9181.67,10.1,44.0,46.1,5.01,READY,4.872,0.032,173,7192,FULL,2024-02-08 12:41:07.758160,0.0,0,0,0.0,0.0,2024-02-08 12:41:08.745559,1967.824935913086
2024-02-08 12:41:09.742598,8866.33,10.1,44.0,46.1,4.99,READY,4.871,0.029,172,6945,FULL,2024-02-08 12:41:08.758380,0.0,0,0,0.0,0.0,2024-02-08 12:41:09.747727,1965.4396057128906
2024-02-08 12:41:10.750915,8700.37,10.1,44.0,46.1,5.01,READY,4.874,0.031,173,6815,FULL,2024-02-08 12:41:09.758390,0.0,0,0,0.0,0.0,2024-02-08 12:41:10.749770,1969.388771057129
2024-02-08 12:41:11.743260,9011.87,10.1,44.0,46.1,4.98,READY,4.875,0.032,172,7059,FULL,2024-02-08 12:41:10.758550,0.0,0,0,0.0,0.0,2024-02-08 12:41:11.751930,1969.1043853759766
2024-02-08 12:41:12.751466,8835.70,10.1,44.0,46.1,5.00,READY,4.877,0.031,173,6921,FULL,2024-02-08 12:41:11.759078,0.0,0,0,0.0,0.0,2024-02-08 12:41:12.754581,1966.9561386108398
2024-02-08 12:41:13.743885,8548.45,10.1,44.0,46.1,5.01,READY,4.880,0.032,173,6696,FULL,2024-02-08 12:41:12.759089,0.0,0,0,0.0,0.0,2024-02-08 12:41:13.740639,1960.2899551391602
2024-02-08 12:41:14.752148,8268.86,10.1,44.0,46.1,5.01,READY,4.879,0.028,172,6477,FULL,2024-02-08 12:41:13.759004,0.0,0,0,0.0,0.0,2024-02-08 12:41:14.742870,1967.8091049194336
2024-02-08 12:41:15.744164,8400.36,10.1,44.0,46.1,4.99,READY,4.888,0.029,173,6580,FULL,2024-02-08 12:41:14.759951,0.0,0,0,0.0,0.0,2024-02-08 12:41:15.744680,1966.9244766235352
2024-02-08 12:41:16.752435,8524.19,10.1,44.0,46.1,5.02,READY,4.888,0.031,172,6677,FULL,2024-02-08 12:41:15.759850,0.0,0,0,0.0,0.0,2024-02-08 12:41:16.747238,1961.1587524414062
2024-02-08 12:41:17.744445,8644.20,10.1,44.0,46.1,5.02,READY,4.888,0.031,173,6771,FULL,2024-02-08 12:41:16.760127,0.0,0,0,0.0,0.0,2024-02-08 12:41:17.750115,1967.6826477050781
2024-02-08 12:41:18.752603,8799.95,10.1,44.0,46.1,4.99,READY,4.892,0.029,172,6893,FULL,2024-02-08 12:41:17.761817,0.0,0,0,0.0,0.0,2024-02-08 12:41:18.752603,1967.9197311401367
2024-02-08 12:41:19.760859,8828.04,10.1,44.0,46.1,5.01,READY,4.888,0.030,173,6915,FULL,2024-02-08 12:41:18.762269,0.0,0,0,0.0,0.0,2024-02-08 12:41:19.738695,1965.9294128417969
2024-02-08 12:41:20.753224,8525.47,10.1,44.0,46.1,4.99,READY,4.891,0.032,172,6678,FULL,2024-02-08 12:41:19.763975,0.0,0,0,0.0,0.0,2024-02-08 12:41:20.740921,1966.1977767944336
2024-02-08 12:41:21.761186,8922.51,10.1,44.0,46.1,5.01,READY,4.887,0.031,173,6989,FULL,2024-02-08 12:41:20.763435,0.0,0,0,0.0,0.0,2024-02-08 12:41:21.742887,1967.2719955444336
2024-02-08 12:41:22.753572,9198.26,10.1,44.0,46.1,4.99,READY,4.892,0.033,172,7205,FULL,2024-02-08 12:41:21.763191,0.0,0,0,0.0,0.0,2024-02-08 12:41:22.744797,1965.3923034667969
2024-02-08 12:41:23.762057,8828.04,10.1,44.0,46.1,4.99,READY,4.926,0.030,173,6915,FULL,2024-02-08 12:41:22.763266,0.0,0,0,0.0,0.0,2024-02-08 12:41:23.747334,1963.3544921875
