time,concentration,instrument errors,saturator temp,condensor temp,optics temp,cabinet temp,ambient pressure,orifice pressure,nozzle pressure,laser current,liquid level,aersol flow,inlet flow,serial number,corrected counts,uncorrected counts,ready status
2024-02-08 12:19:03.614417,5.00E+04,0080,39.0,22.0,39.7,27.0,98.5,77.2,1.889,37,FULL (2876),1000.0,1.0,70847377,126297,121837,NOTREADY
2024-02-08 12:19:04.600741,5.00E+04,0080,39.0,22.0,39.7,27.0,98.5,77.8,1.889,37,FULL (2876),1000.0,1.0,70847377,125074,120969,NOTREADY
2024-02-08 12:19:05.602986,5.13E+04,0080,39.0,22.0,39.7,27.0,98.6,78.3,1.891,37,FULL (2876),1000.0,1.0,70847377,128963,124916,NOTREADY
2024-02-08 12:19:06.603810,5.22E+04,0080,39.0,22.0,39.8,27.0,98.5,78.7,1.889,37,FULL (2874),1000.0,1.0,70847377,129814,125326,NOTREADY
2024-02-08 12:19:07.605123,4.95E+04,0080,39.0,22.0,39.8,27.0,98.6,79.1,1.886,37,FULL (2874),1000.0,1.0,70847377,124864,120676,NOTREADY
2024-02-08 12:19:08.606900,4.73E+04,0080,39.0,22.0,39.8,27.0,98.6,79.8,1.889,37,FULL (2873),1000.0,1.0,70847377,119228,115368,NOTREADY
2024-02-08 12:19:09.610466,4.69E+04,0080,39.0,22.0,39.8,27.0,98.6,80.1,1.889,37,FULL (2872),1000.0,1.0,70847377,115720,112060,NOTREADY
2024-02-08 12:19:10.610179,4.71E+04,0080,39.0,22.0,39.9,27.0,98.6,80.4,1.889,37,FULL (2871),1000.0,1.0,70847377,117411,113992,NOTREADY
2024-02-08 12:19:11.610116,4.76E+04,0080,39.0,22.0,39.9,27.0,98.6,80.6,1.889,37,FULL (2870),1000.0,1.0,70847377,119029,115032,NOTREADY
2024-02-08 12:19:12.611098,4.73E+04,0080,39.0,22.0,39.9,27.0,98.6,80.8,1.886,37,FULL (2870),1000.0,1.0,70847377,117704,113635,NOTREADY
2024-02-08 12:19:13.611368,4.69E+04,0080,39.0,22.0,39.9,27.0,98.6,81.0,1.889,37,FULL (2869),1000.0,1.0,70847377,116443,112656,NOTREADY
2024-02-08 12:19:14.611950,4.60E+04,0080,39.0,22.0,39.9,27.0,98.6,81.1,1.889,37,FULL (2869),1000.0,1.0,70847377,116501,112894,NOTREADY
2024-02-08 12:19:15.599738,4.61E+04,0080,39.0,22.0,39.9,27.0,98.6,81.3,1.889,37,FULL (2869),1000.0,1.0,70847377,114727,111037,NOTREADY
2024-02-08 12:19:16.602180,4.59E+04,0080,39.0,22.0,40.0,27.0,98.6,81.4,1.889,37,FULL (2868),1000.0,1.0,70847377,115239,111570,NOTREADY
2024-02-08 12:19:17.603176,4.74E+04,0080,39.0,22.0,40.0,27.0,98.6,81.6,1.886,37,FULL (2868),1000.0,1.0,70847377,115389,111807,NOTREADY
2024-02-08 12:19:18.603368,4.51E+04,0080,39.0,22.0,40.0,27.0,98.6,81.6,1.886,37,FULL (2867),1000.0,1.0,70847377,113736,110187,NOTREADY
2024-02-08 12:19:19.605306,4.63E+04,0080,39.0,22.0,40.0,27.0,98.6,81.7,1.886,37,FULL (2865),1000.0,1.0,70847377,114807,111130,NOTREADY
2024-02-08 12:19:20.602449,4.55E+04,0080,39.0,22.0,40.0,27.0,98.6,81.8,1.886,37,FULL (2865),1000.0,1.0,70847377,114257,110678,NOTREADY
2024-02-08 12:19:21.604352,4.59E+04,0080,39.0,22.0,40.0,27.0,98.6,81.8,1.889,37,FULL (2864),1000.0,1.0,70847377,114057,110490,NOTREADY
2024-02-08 12:19:22.604794,4.51E+04,0080,39.0,22.0,40.0,27.0,98.6,81.9,1.889,37,FULL (2863),1000.0,1.0,70847377,113801,110248,NOTREADY
2024-02-08 12:19:23.605844,4.61E+04,0080,39.0,22.0,40.1,27.0,98.5,81.9,1.886,37,FULL (2861),1000.0,1.0,70847377,115076,111344,NOTREADY
2024-02-08 12:19:24.607028,4.69E+04,0080,39.0,22.0,40.1,27.0,98.6,82.0,1.886,37,FULL (2862),1000.0,1.0,70847377,115467,111849,NOTREADY
2024-02-08 12:19:25.608753,4.52E+04,0080,39.0,22.0,40.1,27.0,98.6,82.0,1.886,37,FULL (2861),1000.0,1.0,70847377,113774,110406,NOTREADY
2024-02-08 12:19:26.609062,4.71E+04,0080,39.0,22.0,40.2,27.0,98.6,82.1,1.886,37,FULL (2861),1000.0,1.0,70847377,116768,113041,NOTREADY
2024-02-08 12:19:27.610283,4.80E+04,0080,39.0,22.0,40.2,27.0,98.6,82.1,1.889,37,FULL (2859),1000.0,1.0,70847377,119503,115858,NOTREADY
2024-02-08 12:19:28.610152,4.82E+04,0080,39.0,22.0,40.2,27.0,98.6,82.2,1.886,37,FULL (2859),1000.0,1.0,70847377,120169,116116,NOTREADY
2024-02-08 12:19:29.599796,4.74E+04,0080,39.0,22.0,40.3,27.0,98.6,82.2,1.886,37,FULL (2859),1000.0,1.0,70847377,118015,114226,NOTREADY
2024-02-08 12:19:30.607314,4.71E+04,0080,39.0,22.0,40.3,27.0,98.6,82.2,1.886,37,FULL (2858),1000.0,1.0,70847377,116713,112928,NOTREADY
2024-02-08 12:19:31.610441,4.53E+04,0080,39.0,22.0,40.3,27.0,98.6,82.3,1.886,37,FULL (2856),1000.0,1.0,70847377,114606,111009,NOTREADY
2024-02-08 12:19:32.610622,4.47E+04,0080,39.0,22.0,40.3,27.0,98.5,82.3,1.886,37,FULL (2854),1000.0,1.0,70847377,112778,109280,NOTREADY
2024-02-08 12:19:33.610431,4.57E+04,0080,39.0,22.0,40.3,27.0,98.6,82.3,1.886,37,FULL (2856),1000.0,1.0,70847377,114281,110887,NOTREADY
2024-02-08 12:19:34.610578,4.51E+04,0080,39.0,22.0,40.4,27.0,98.5,82.3,1.889,37,FULL (2855),1000.0,1.0,70847377,114782,111179,NOTREADY
2024-02-08 12:19:35.611601,4.46E+04,0080,39.0,22.0,40.4,27.0,98.5,82.4,1.889,37,FULL (2853),1000.0,1.0,70847377,112657,109157,NOTREADY
2024-02-08 12:19:36.612032,4.59E+04,0080,39.0,22.0,40.4,27.0,98.5,82.4,1.886,37,FULL (2852),1000.0,1.0,70847377,113686,110488,NOTREADY
2024-02-08 12:19:37.596735,4.57E+04,0080,39.0,22.0,40.4,27.0,98.6,82.4,1.886,37,FULL (2852),1000.0,1.0,70847377,115575,112118,NOTREADY
2024-02-08 12:19:38.598078,4.66E+04,0080,39.0,22.0,40.4,27.0,98.6,82.4,1.886,37,FULL (2851),1000.0,1.0,70847377,116706,112891,NOTREADY
2024-02-08 12:19:39.597987,4.71E+04,0080,39.0,22.0,40.4,27.0,98.6,82.4,1.886,37,FULL (2851),1000.0,1.0,70847377,116730,113064,NOTREADY
2024-02-08 12:19:40.600345,4.57E+04,0080,39.0,22.0,40.4,27.0,98.6,82.4,1.889,37,FULL (2850),1000.0,1.0,70847377,115443,111804,NOTREADY
2024-02-08 12:19:41.600395,4.55E+04,0080,39.0,22.0,40.4,27.0,98.5,82.4,1.889,37,FULL (2849),1000.0,1.0,70847377,112699,109208,NOTREADY
2024-02-08 12:19:42.601753,4.43E+04,0080,39.0,22.0,40.3,27.0,98.6,82.4,1.886,37,FULL (2848),1000.0,1.0,70847377,110382,107027,NOTREADY
2024-02-08 12:19:43.601852,4.48E+04,0080,39.0,22.0,40.3,27.0,98.6,82.4,1.889,37,FULL (2846),1000.0,1.0,70847377,111491,107610,NOTREADY
2024-02-08 12:19:44.601568,4.57E+04,0080,39.0,22.0,40.3,27.0,98.6,82.4,1.886,37,FULL (2846),1000.0,1.0,70847377,113118,109610,NOTREADY
2024-02-08 12:19:45.604385,4.58E+04,0080,39.0,22.0,40.3,27.0,98.6,82.3,1.889,37,FULL (2846),1000.0,1.0,70847377,114783,111341,NOTREADY
2024-02-08 12:19:46.605806,4.52E+04,0080,39.0,22.0,40.3,27.0,98.6,82.3,1.889,37,FULL (2844),1000.0,1.0,70847377,114883,111259,NOTREADY
2024-02-08 12:19:47.606077,4.72E+04,0080,39.0,22.0,40.2,27.0,98.6,82.3,1.889,37,FULL (2843),1000.0,1.0,70847377,116072,112396,NOTREADY
2024-02-08 12:19:48.606057,4.73E+04,0080,39.0,22.0,40.2,27.0,98.6,82.3,1.889,37,FULL (2842),1000.0,1.0,70847377,116836,113118,NOTREADY
2024-02-08 12:19:49.607428,4.56E+04,0080,39.0,22.0,40.2,27.0,98.6,82.4,1.889,37,FULL (2841),1000.0,1.0,70847377,114979,111194,NOTREADY
2024-02-08 12:19:50.608773,4.60E+04,0080,39.0,22.0,40.1,27.0,98.6,82.4,1.889,37,FULL (2840),1000.0,1.0,70847377,114523,110903,NOTREADY
2024-02-08 12:19:51.608633,4.56E+04,0080,39.0,22.0,40.1,27.0,98.6,82.4,1.889,37,FULL (2839),1000.0,1.0,70847377,114587,111000,NOTREADY
2024-02-08 12:19:52.608681,4.61E+04,0080,39.0,22.0,40.1,27.0,98.6,82.4,1.891,37,FULL (2839),1000.0,1.0,70847377,115059,111442,NOTREADY
2024-02-08 12:19:53.610292,4.56E+04,0080,39.0,22.0,40.0,27.0,98.6,82.4,1.891,37,FULL (2837),1000.0,1.0,70847377,114682,111119,NOTREADY
2024-02-08 12:19:54.610575,4.62E+04,0080,39.0,22.0,40.0,27.0,98.6,82.4,1.891,37,FULL (2836),1000.0,1.0,70847377,114881,111272,NOTREADY
2024-02-08 12:19:55.596819,4.56E+04,0080,39.0,22.0,40.0,27.0,98.6,82.4,1.891,37,FULL (2834),1000.0,1.0,70847377,114281,110704,NOTREADY
2024-02-08 12:19:56.596667,4.50E+04,0080,39.0,22.0,40.0,27.0,98.6,82.4,1.891,37,FULL (2835),1000.0,1.0,70847377,112311,108971,NOTREADY
2024-02-08 12:19:57.598899,4.51E+04,0080,39.0,22.0,39.9,27.0,98.5,82.4,1.891,37,FULL (2833),1000.0,1.0,70847377,112733,109317,NOTREADY
2024-02-08 12:19:58.599589,4.58E+04,0080,39.0,22.0,39.9,27.0,98.6,82.4,1.891,37,FULL (2832),1000.0,1.0,70847377,112907,109551,NOTREADY
2024-02-08 12:19:59.599669,4.59E+04,0080,39.0,22.0,39.8,27.0,98.6,82.4,1.891,37,FULL (2831),1000.0,1.0,70847377,113746,110201,NOTREADY
2024-02-08 12:20:00.603427,4.61E+04,0080,39.0,22.0,39.8,27.0,98.6,82.4,1.893,37,FULL (2829),1000.0,1.0,70847377,115192,111756,NOTREADY
2024-02-08 12:20:01.605201,4.55E+04,0080,39.0,22.0,39.8,27.0,98.5,82.4,1.893,37,FULL (2828),1000.0,1.0,70847377,115543,111643,NOTREADY
2024-02-08 12:20:02.606317,4.64E+04,0080,39.0,22.0,39.8,27.0,98.6,82.3,1.893,37,FULL (2826),1000.0,1.0,70847377,114534,110885,NOTREADY
2024-02-08 12:20:03.606169,4.49E+04,0080,39.0,22.0,39.7,27.0,98.6,82.3,1.893,37,FULL (2826),1000.0,1.0,70847377,114233,110661,NOTREADY
2024-02-08 12:20:04.607462,4.55E+04,0080,39.0,22.0,39.7,27.0,98.6,82.3,1.893,37,FULL (2824),1000.0,1.0,70847377,114004,110668,NOTREADY
2024-02-08 12:20:05.609078,4.48E+04,0080,39.0,22.0,39.7,27.0,98.6,82.3,1.891,37,FULL (2824),1000.0,1.0,70847377,113171,109363,NOTREADY
2024-02-08 12:20:06.609869,4.59E+04,0080,39.0,22.0,39.7,27.0,98.5,82.3,1.893,37,FULL (2823),1000.0,1.0,70847377,113790,110391,NOTREADY
2024-02-08 12:20:07.609722,4.55E+04,0080,39.0,22.0,39.7,27.0,98.6,82.3,1.891,37,FULL (2821),1000.0,1.0,70847377,113782,110232,NOTREADY
2024-02-08 12:20:08.611403,4.47E+04,0080,39.0,22.0,39.7,27.0,98.6,82.3,1.889,37,FULL (2821),1000.0,1.0,70847377,113074,110026,NOTREADY
2024-02-08 12:20:09.611706,4.65E+04,0080,39.0,22.0,39.6,27.0,98.6,82.3,1.893,37,FULL (2820),1000.0,1.0,70847377,114549,110280,NOTREADY
2024-02-08 12:20:10.598460,4.44E+04,0080,39.0,22.0,39.6,27.0,98.6,82.3,1.891,37,FULL (2818),1000.0,1.0,70847377,113268,109739,NOTREADY
2024-02-08 12:20:11.598945,4.52E+04,0080,39.0,22.0,39.6,27.0,98.6,82.3,1.891,37,FULL (2818),1000.0,1.0,70847377,113883,110670,NOTREADY
2024-02-08 12:20:12.607256,4.65E+04,0080,39.0,22.0,39.6,27.0,98.6,82.3,1.889,37,FULL (2816),1000.0,1.0,70847377,116862,113269,NOTREADY
2024-02-08 12:20:13.607387,4.79E+04,0080,39.0,22.0,39.6,27.0,98.5,82.3,1.889,37,FULL (2817),1000.0,1.0,70847377,117922,114277,NOTREADY
2024-02-08 12:20:14.607774,4.63E+04,0080,39.0,22.0,39.6,27.0,98.6,82.3,1.889,37,FULL (2813),1000.0,1.0,70847377,116520,112299,NOTREADY
2024-02-08 12:20:15.601092,4.68E+04,0080,39.0,22.0,39.7,27.0,98.6,82.3,1.891,37,FULL (2813),1000.0,1.0,70847377,116518,112804,NOTREADY
2024-02-08 12:20:16.602712,4.82E+04,0080,39.0,22.0,39.7,27.0,98.6,82.3,1.889,37,FULL (2811),1000.0,1.0,70847377,118354,114507,NOTREADY
2024-02-08 12:20:17.603048,4.68E+04,0080,39.0,22.0,39.7,27.0,98.5,82.3,1.889,37,FULL (2810),1000.0,1.0,70847377,117546,113724,NOTREADY
2024-02-08 12:20:18.603138,4.64E+04,0080,39.0,22.0,39.7,27.0,98.6,82.3,1.891,37,FULL (2808),1000.0,1.0,70847377,116711,112993,NOTREADY
2024-02-08 12:20:19.604625,4.55E+04,0080,39.0,22.0,39.7,27.0,98.6,82.3,1.889,37,FULL (2807),1000.0,1.0,70847377,114584,110676,NOTREADY
2024-02-08 12:20:20.605541,4.39E+04,0080,39.0,22.0,39.7,27.0,98.6,82.3,1.889,37,FULL (2806),1000.0,1.0,70847377,113093,109469,NOTREADY
2024-02-08 12:20:21.605577,4.45E+04,0080,39.0,22.0,39.7,27.0,98.6,82.3,1.886,37,FULL (2804),1000.0,1.0,70847377,112239,108782,NOTREADY
2024-02-08 12:20:22.605610,4.54E+04,0080,39.0,22.0,39.7,27.0,98.6,82.3,1.889,37,FULL (2802),1000.0,1.0,70847377,111711,108265,NOTREADY
2024-02-08 12:20:23.606925,4.28E+04,0080,39.0,22.0,39.8,27.0,98.6,82.3,1.886,37,FULL (2802),1000.0,1.0,70847377,108449,105188,NOTREADY
2024-02-08 12:20:24.596748,4.61E+04,0080,39.0,22.0,39.8,27.0,98.6,82.3,1.889,37,FULL (2800),1000.0,1.0,70847377,113945,110376,NOTREADY
2024-02-08 12:20:25.598381,4.53E+04,0080,39.0,22.0,39.8,27.0,98.5,82.3,1.886,37,FULL (2799),1000.0,1.0,70847377,113997,110424,NOTREADY
2024-02-08 12:20:26.598568,4.56E+04,0080,39.0,22.0,39.8,27.0,98.5,82.3,1.886,37,FULL (2797),1000.0,1.0,70847377,114109,110528,NOTREADY
2024-02-08 12:20:50.925952,4.54E+04,0080,39.0,22.0,40.3,27.0,98.6,82.3,1.886,37,FULL (2765),1000.0,1.0,70847377,115118,111572,NOTREADY
2024-02-08 12:20:51.912488,4.59E+04,0080,39.0,22.0,40.3,27.0,98.5,82.3,1.884,37,FULL (2763),1000.0,1.0,70847377,115518,111864,NOTREADY
2024-02-08 12:20:52.917631,4.56E+04,0080,39.0,22.0,40.3,27.0,98.6,82.3,1.884,37,FULL (2761),1000.0,1.0,70847377,114778,111170,NOTREADY
2024-02-08 12:20:53.917957,4.66E+04,0080,39.0,22.0,40.4,27.0,98.6,82.3,1.884,37,FULL (2760),1000.0,1.0,70847377,116921,113442,NOTREADY
2024-02-08 12:20:54.919857,4.82E+04,0080,39.0,22.0,40.4,27.0,98.6,82.3,1.886,37,FULL (2760),1000.0,1.0,70847377,119092,115197,NOTREADY
2024-02-08 12:20:55.920873,4.79E+04,0080,39.0,22.0,40.4,27.0,98.6,82.3,1.884,37,FULL (2758),1000.0,1.0,70847377,119376,115507,NOTREADY
2024-02-08 12:20:56.913131,4.79E+04,0080,39.0,22.0,40.4,27.0,98.6,82.3,1.886,37,FULL (2756),1000.0,1.0,70847377,118981,115053,NOTREADY
2024-02-08 12:20:57.914344,4.70E+04,0080,39.0,22.0,40.4,27.0,98.6,82.3,1.886,37,FULL (2755),1000.0,1.0,70847377,119168,115361,NOTREADY
2024-02-08 12:20:58.915976,4.77E+04,0080,39.0,22.0,40.4,27.0,98.6,82.3,1.884,37,FULL (2755),1000.0,1.0,70847377,119728,115654,NOTREADY
2024-02-08 12:20:59.916794,4.85E+04,0080,39.0,22.0,40.4,27.0,98.6,82.4,1.886,37,FULL (2752),1000.0,1.0,70847377,119875,116356,NOTREADY
2024-02-08 12:21:00.917923,4.69E+04,0080,39.0,22.0,40.3,27.0,98.6,82.4,1.886,37,FULL (2752),1000.0,1.0,70847377,118558,114094,NOTREADY
2024-02-08 12:21:01.921284,4.66E+04,0080,39.0,22.0,40.3,27.0,98.6,82.4,1.886,37,FULL (2750),1000.0,1.0,70847377,115930,112265,NOTREADY
2024-02-08 12:21:02.910184,4.69E+04,0080,39.0,22.0,40.3,27.0,98.5,82.4,1.884,37,FULL (2749),1000.0,1.0,70847377,116714,113002,NOTREADY
2024-02-08 12:21:03.911245,4.75E+04,0080,39.0,22.0,40.3,27.0,98.6,82.4,1.886,37,FULL (2748),1000.0,1.0,70847377,117509,113752,NOTREADY
2024-02-08 12:21:04.916242,4.79E+04,0080,39.0,22.0,40.3,27.0,98.6,82.4,1.886,37,FULL (2747),1000.0,1.0,70847377,118670,114846,NOTREADY
2024-02-08 12:21:05.919418,4.69E+04,0080,39.0,22.0,40.3,27.0,98.6,82.4,1.886,37,FULL (2745),1000.0,1.0,70847377,118293,114180,NOTREADY
2024-02-08 12:21:06.920580,4.72E+04,0080,39.0,22.0,40.2,27.0,98.6,82.4,1.889,37,FULL (2743),1000.0,1.0,70847377,116150,112442,NOTREADY
2024-02-08 12:21:07.922499,4.69E+04,0080,39.0,22.0,40.2,27.0,98.6,82.4,1.886,37,FULL (2743),1000.0,1.0,70847377,115906,112645,NOTREADY
2024-02-08 12:21:08.923225,4.80E+04,0080,39.0,22.0,40.1,27.0,98.6,82.4,1.886,37,FULL (2741),1000.0,1.0,70847377,119034,114960,NOTREADY
2024-02-08 12:21:09.909337,4.78E+04,0080,39.0,22.0,40.1,27.0,98.6,82.4,1.889,37,FULL (2740),1000.0,1.0,70847377,119314,115694,NOTREADY
2024-02-08 12:21:10.910469,4.80E+04,0080,39.0,22.0,40.1,27.0,98.6,82.3,1.889,37,FULL (2739),1000.0,1.0,70847377,119712,115820,NOTREADY
2024-02-08 12:21:11.911431,4.89E+04,0080,39.0,22.0,40.0,27.0,98.5,82.3,1.889,37,FULL (2738),1000.0,1.0,70847377,121915,118131,NOTREADY
2024-02-08 12:21:12.912664,4.84E+04,0080,39.0,22.0,40.0,27.0,98.6,82.3,1.889,37,FULL (2737),1000.0,1.0,70847377,121170,117202,NOTREADY
2024-02-08 12:21:13.915878,4.94E+04,0080,39.0,22.0,40.0,27.0,98.6,82.3,1.889,37,FULL (2735),1000.0,1.0,70847377,122413,118370,NOTREADY
2024-02-08 12:21:14.916938,4.94E+04,0080,39.0,22.0,39.9,27.0,98.6,82.3,1.889,37,FULL (2734),1000.0,1.0,70847377,123004,118878,NOTREADY
2024-02-08 12:21:15.918092,4.92E+04,0080,39.0,22.0,39.9,27.0,98.6,82.3,1.891,37,FULL (2732),1000.0,1.0,70847377,121924,117820,NOTREADY
2024-02-08 12:21:16.920000,5.13E+04,0080,39.0,22.0,39.8,27.0,98.6,82.3,1.891,37,FULL (2731),1000.0,1.0,70847377,126390,122669,NOTREADY
2024-02-08 12:21:17.922038,5.27E+04,0080,39.0,22.0,39.8,27.0,98.6,82.3,1.891,37,FULL (2730),1000.0,1.0,70847377,131059,127004,NOTREADY
2024-02-08 12:21:18.923108,5.21E+04,0080,39.0,22.0,39.8,27.0,98.5,82.4,1.891,37,FULL (2728),1000.0,1.0,70847377,131886,127482,NOTREADY
2024-02-08 12:21:19.924252,5.21E+04,0080,39.0,22.0,39.7,27.0,98.6,82.4,1.889,37,FULL (2727),1000.0,1.0,70847377,132423,127544,NOTREADY
2024-02-08 12:21:20.910358,5.26E+04,0080,39.0,22.0,39.7,27.0,98.6,82.4,1.891,37,FULL (2725),1000.0,1.0,70847377,132316,127675,NOTREADY
2024-02-08 12:21:21.920898,5.20E+04,0080,39.0,22.0,39.7,27.0,98.6,82.4,1.889,37,FULL (2724),1000.0,1.0,70847377,128756,124338,NOTREADY
2024-02-08 12:21:22.921958,5.30E+04,0080,39.0,22.0,39.7,27.0,98.6,82.4,1.889,37,FULL (2723),1000.0,1.0,70847377,130615,126377,NOTREADY
2024-02-08 12:21:23.923637,5.23E+04,0080,39.0,22.0,39.7,27.0,98.6,82.4,1.889,37,FULL (2721),1000.0,1.0,70847377,131087,126659,NOTREADY
2024-02-08 12:21:24.910473,5.33E+04,0080,39.0,22.0,39.6,27.0,98.5,82.4,1.889,37,FULL (2720),1000.0,1.0,70847377,132272,127422,NOTREADY
2024-02-08 12:21:25.917340,5.17E+04,0080,39.0,22.0,39.6,27.0,98.5,82.4,1.889,37,FULL (2719),1000.0,1.0,70847377,129524,124563,NOTREADY
2024-02-08 12:21:26.918452,4.93E+04,0080,39.0,22.0,39.6,27.0,98.6,82.4,1.889,37,FULL (2716),1000.0,1.0,70847377,124034,119977,NOTREADY
2024-02-08 12:21:27.921543,5.08E+04,0080,39.0,22.0,39.6,27.0,98.6,82.4,1.889,37,FULL (2714),1000.0,1.0,70847377,125874,121635,NOTREADY
2024-02-08 12:21:28.914196,5.01E+04,0080,39.0,22.0,39.5,27.0,98.6,82.4,1.891,37,FULL (2712),1000.0,1.0,70847377,126259,121975,NOTREADY
2024-02-08 12:21:29.922804,5.00E+04,0080,39.0,22.0,39.5,27.0,98.5,82.4,1.886,37,FULL (2708),1000.0,1.0,70847377,125433,121171,NOTREADY
2024-02-08 12:21:30.924254,4.91E+04,0080,39.0,22.0,39.5,27.0,98.6,82.4,1.889,37,FULL (2707),1000.0,1.0,70847377,122263,117915,NOTREADY
2024-02-08 12:21:31.910767,4.92E+04,0080,39.0,22.0,39.5,27.0,98.6,82.4,1.886,37,FULL (2704),1000.0,1.0,70847377,122039,118488,NOTREADY
2024-02-08 12:21:32.911853,5.04E+04,0080,39.0,22.0,39.5,27.0,98.5,82.4,1.889,37,FULL (2702),1000.0,1.0,70847377,127219,122876,NOTREADY
2024-02-08 12:21:33.914641,5.12E+04,0080,39.0,22.0,39.6,27.0,98.6,82.4,1.886,37,FULL (2696),1000.0,1.0,70847377,129347,124964,NOTREADY
2024-02-08 12:21:34.915913,5.12E+04,0080,39.0,22.0,39.6,27.0,98.6,82.4,1.886,37,FULL (2694),1000.0,1.0,70847377,130384,125845,NOTREADY
2024-02-08 12:21:35.918262,5.01E+04,0080,39.0,22.0,39.6,27.0,98.6,82.4,1.884,37,FULL (2689),1000.0,1.0,70847377,127575,123208,NOTREADY
2024-02-08 12:21:36.921528,5.03E+04,0080,39.0,22.0,39.6,27.0,98.5,82.4,1.886,37,FULL (2681),1000.0,1.0,70847377,125129,120811,NOTREADY
2024-02-08 12:21:37.922748,4.86E+04,0080,39.0,22.0,39.6,27.0,98.6,82.4,1.886,37,FULL (2669),1000.0,1.0,70847377,121641,117321,NOTREADY
2024-02-08 12:21:38.923955,4.84E+04,0080,39.0,22.0,39.6,27.0,98.5,82.3,1.886,37,FULL (2657),1000.0,1.0,70847377,120394,116641,NOTREADY
2024-02-08 12:21:39.915511,4.94E+04,0080,39.0,22.0,39.7,27.0,98.5,82.4,1.884,37,FULL (2651),1000.0,1.0,70847377,123049,118954,NOTREADY
2024-02-08 12:21:40.922143,5.40E+04,0080,39.0,22.0,39.7,27.0,98.6,82.4,1.884,37,FULL (2648),1000.0,1.0,70847377,132008,127625,NOTREADY
2024-02-08 12:21:41.923408,5.21E+04,0080,39.0,22.0,39.7,27.0,98.5,82.4,1.886,37,FULL (2644),1000.0,1.0,70847377,131093,126345,NOTREADY
2024-02-08 12:21:42.910154,5.15E+04,0080,39.0,22.0,39.7,27.0,98.6,82.4,1.884,37,FULL (2642),1000.0,1.0,70847377,130254,125707,NOTREADY
2024-02-08 12:21:43.912833,5.11E+04,0080,39.0,22.0,39.8,27.0,98.6,82.4,1.886,37,FULL (2637),1000.0,1.0,70847377,127863,123035,NOTREADY
2024-02-08 12:21:44.914041,4.90E+04,0080,39.0,22.0,39.8,27.0,98.6,82.4,1.886,37,FULL (2632),1000.0,1.0,70847377,124485,120295,NOTREADY
2024-02-08 12:21:45.915231,5.19E+04,0080,39.0,22.0,39.9,27.0,98.6,82.4,1.884,37,FULL (2587),1000.0,1.0,70847377,126798,122482,NOTREADY
2024-02-08 12:21:46.917539,5.12E+04,0080,39.0,22.0,39.9,27.0,98.5,82.4,1.884,37,FULL (2542),1000.0,1.0,70847377,127829,123666,NOTREADY
2024-02-08 12:21:47.918317,5.27E+04,0080,39.0,22.0,39.9,27.0,98.5,82.4,1.884,37,FULL (2476),1000.0,1.0,70847377,129656,125168,NOTREADY
2024-02-08 12:21:48.920951,5.35E+04,0080,39.0,22.0,40.0,27.0,98.6,82.4,1.886,37,FULL (2341),1000.0,1.0,70847377,132483,127818,NOTREADY
2024-02-08 12:21:49.910072,5.41E+04,0080,39.0,22.0,40.0,27.0,98.5,82.4,1.884,37,FULL (2221),1000.0,1.0,70847377,134217,129243,NOTREADY
2024-02-08 12:21:50.918633,5.28E+04,0080,39.0,22.0,40.0,27.0,98.6,82.4,1.958,37,NOTFULL (2153),1000.0,1.0,70847377,133241,128536,NOTREADY
2024-02-08 12:21:51.917108,5.31E+04,0080,39.0,22.0,40.1,27.0,98.6,82.4,1.891,37,FULL (3032),1000.0,1.0,70847377,133293,128594,NOTREADY
2024-02-08 12:21:52.918122,5.46E+04,0080,39.0,22.0,40.1,27.0,98.6,82.4,1.884,37,FULL (3148),1000.0,1.0,70847377,136683,131763,NOTREADY
2024-02-08 12:21:53.916392,5.27E+04,0080,39.0,22.0,40.1,27.0,98.6,82.4,1.884,37,FULL (3166),1000.0,1.0,70847377,134040,129285,NOTREADY
2024-02-08 12:21:54.911021,5.00E+04,0080,39.0,22.0,40.2,27.0,98.6,82.4,1.884,37,FULL (3167),1000.0,1.0,70847377,126542,122242,NOTREADY
2024-02-08 12:21:55.912961,5.02E+04,0080,39.0,22.0,40.2,27.0,98.6,82.4,1.884,37,FULL (3166),1000.0,1.0,70847377,125096,120884,NOTREADY
2024-02-08 12:21:56.911406,4.99E+04,0080,39.0,22.0,40.2,27.0,98.6,82.4,1.884,37,FULL (3163),1000.0,1.0,70847377,124378,120187,NOTREADY
2024-02-08 12:21:57.912745,5.06E+04,0080,39.0,22.0,40.3,27.0,98.6,82.4,1.884,37,FULL (3158),1000.0,1.0,70847377,126580,122278,NOTREADY
2024-02-08 12:21:58.919974,5.13E+04,0080,39.0,22.0,40.3,27.0,98.6,82.4,1.882,37,FULL (3153),1000.0,1.0,70847377,126404,122110,NOTREADY
2024-02-08 12:21:59.909179,5.05E+04,0080,39.0,22.0,40.3,27.0,98.6,82.4,1.882,37,FULL (3146),1000.0,1.0,70847377,124986,120779,NOTREADY
2024-02-08 12:22:00.912631,4.91E+04,0080,39.0,22.0,40.4,27.0,98.6,82.4,1.884,37,FULL (3141),1000.0,1.0,70847377,124607,120799,NOTREADY
2024-02-08 12:22:01.910613,5.02E+04,0080,39.0,22.0,40.4,27.0,98.5,82.4,1.882,37,FULL (3135),1000.0,1.0,70847377,126244,121961,NOTREADY
2024-02-08 12:22:02.913104,5.04E+04,0080,39.0,22.0,40.4,27.0,98.5,82.4,1.884,37,FULL (3125),1000.0,1.0,70847377,125811,121260,NOTREADY
2024-02-08 12:22:03.918582,4.83E+04,0080,39.0,22.0,40.4,27.0,98.6,82.4,1.884,37,FULL (3117),1000.0,1.0,70847377,121151,117175,NOTREADY
2024-02-08 12:22:04.918321,4.57E+04,0080,39.0,22.0,40.4,27.0,98.6,82.4,1.882,37,FULL (3113),1000.0,1.0,70847377,115110,111642,NOTREADY
2024-02-08 12:22:05.909369,4.65E+04,0080,39.0,22.0,40.4,27.0,98.6,82.4,1.884,37,FULL (3108),1000.0,1.0,70847377,116796,113150,NOTREADY
2024-02-08 12:22:06.917976,4.70E+04,0080,39.0,22.0,40.4,27.0,98.6,82.4,1.884,37,FULL (3104),1000.0,1.0,70847377,117892,114100,NOTREADY
2024-02-08 12:22:07.914954,4.75E+04,0080,39.0,22.0,40.4,27.0,98.5,82.4,1.882,37,FULL (3099),1000.0,1.0,70847377,118227,114424,NOTREADY
2024-02-08 12:22:08.920347,4.66E+04,0080,39.0,22.0,40.4,27.0,98.6,82.4,1.884,37,FULL (3093),1000.0,1.0,70847377,117741,113958,NOTREADY
2024-02-08 12:22:09.916087,4.65E+04,0080,39.0,22.0,40.4,27.0,98.6,82.4,1.886,37,FULL (3090),1000.0,1.0,70847377,117709,113751,NOTREADY
2024-02-08 12:22:10.916400,4.72E+04,0080,39.0,22.0,40.4,27.0,98.6,82.4,1.882,37,FULL (3083),1000.0,1.0,70847377,118035,114241,NOTREADY
2024-02-08 12:22:11.911070,4.70E+04,0080,39.0,22.0,40.4,27.0,98.6,82.4,1.884,37,FULL (3080),1000.0,1.0,70847377,119257,115396,NOTREADY
2024-02-08 12:22:12.923370,4.87E+04,0080,39.0,22.0,40.4,27.0,98.5,82.4,1.886,37,FULL (3076),1000.0,1.0,70847377,121507,117519,NOTREADY
2024-02-08 12:22:13.925141,4.94E+04,0080,39.0,22.0,40.4,27.0,98.6,82.5,1.884,37,FULL (3074),1000.0,1.0,70847377,123814,119687,NOTREADY
2024-02-08 12:22:14.919387,4.70E+04,0080,39.0,22.0,40.4,27.0,98.6,82.4,1.884,37,FULL (3069),1000.0,1.0,70847377,119189,115328,NOTREADY
2024-02-08 12:22:15.912311,4.75E+04,0080,39.0,22.0,40.4,27.0,98.6,82.4,1.884,37,FULL (3067),1000.0,1.0,70847377,116833,113496,NOTREADY
2024-02-08 12:22:16.922103,4.91E+04,0080,39.0,22.0,40.3,27.0,98.6,82.4,1.886,37,FULL (3064),1000.0,1.0,70847377,121299,117321,NOTREADY
2024-02-08 12:22:17.920902,4.79E+04,0080,39.0,22.0,40.3,27.0,98.6,82.4,1.884,37,FULL (3062),1000.0,1.0,70847377,122519,118316,NOTREADY
2024-02-08 12:22:18.921524,4.84E+04,0080,39.0,22.0,40.3,27.0,98.5,82.4,1.886,37,FULL (3058),1000.0,1.0,70847377,121976,118221,NOTREADY
2024-02-08 12:22:19.922830,4.96E+04,0080,39.0,22.0,40.3,27.0,98.6,82.4,1.886,37,FULL (3056),1000.0,1.0,70847377,123765,119528,NOTREADY
2024-02-08 12:22:20.924779,5.01E+04,0080,39.0,22.0,40.2,27.0,98.6,82.4,1.884,37,FULL (3053),1000.0,1.0,70847377,124651,120933,NOTREADY
2024-02-08 12:22:21.915267,5.25E+04,0080,39.0,22.0,40.2,27.0,98.6,82.4,1.884,37,FULL (3052),1000.0,1.0,70847377,129870,125384,NOTREADY
2024-02-08 12:22:22.912854,5.16E+04,0080,39.0,22.0,40.2,27.0,98.6,82.4,1.886,37,FULL (3050),1000.0,1.0,70847377,129373,124915,NOTREADY
2024-02-08 12:22:23.909963,5.24E+04,0080,39.0,22.0,40.1,27.0,98.6,82.4,1.886,37,FULL (3047),1000.0,1.0,70847377,130799,126254,NOTREADY
2024-02-08 12:22:24.921271,5.20E+04,0080,39.0,22.0,40.1,27.0,98.5,82.4,1.886,37,FULL (3045),1000.0,1.0,70847377,131383,126552,NOTREADY
2024-02-08 12:22:25.917024,5.29E+04,0080,39.0,22.0,40.1,27.0,98.6,82.4,1.886,37,FULL (3043),1000.0,1.0,70847377,129669,125188,NOTREADY
2024-02-08 12:22:26.922600,5.39E+04,0080,39.0,22.0,40.0,27.0,98.6,82.4,1.886,37,FULL (3042),1000.0,1.0,70847377,132083,127456,NOTREADY
2024-02-08 12:22:27.914239,5.27E+04,0080,39.0,22.0,40.0,27.0,98.6,82.4,1.886,37,FULL (3040),1000.0,1.0,70847377,133552,128832,NOTREADY
2024-02-08 12:22:28.925716,5.29E+04,0080,39.0,22.0,40.0,27.0,98.5,82.4,1.886,37,FULL (3037),1000.0,1.0,70847377,131485,126892,NOTREADY
2024-02-08 12:22:29.911170,5.15E+04,0080,39.0,22.0,39.9,27.0,98.6,82.4,1.886,37,FULL (3037),1000.0,1.0,70847377,128863,124063,NOTREADY
2024-02-08 12:22:30.912209,5.14E+04,0080,39.0,22.0,39.9,27.0,98.6,82.4,1.886,37,FULL (3036),1000.0,1.0,70847377,128596,124177,NOTREADY
2024-02-08 12:22:31.918888,5.13E+04,0080,39.0,22.0,39.9,27.0,98.6,82.4,1.886,37,FULL (3034),1000.0,1.0,70847377,129478,124657,NOTREADY
2024-02-08 12:22:32.924493,5.15E+04,0080,39.0,22.0,39.8,27.0,98.6,82.4,1.886,37,FULL (3032),1000.0,1.0,70847377,127909,123440,NOTREADY
2024-02-08 12:22:33.909480,5.11E+04,0080,39.0,22.0,39.8,27.0,98.6,82.5,1.891,37,FULL (3031),1000.0,1.0,70847377,127453,123103,NOTREADY
2024-02-08 12:22:34.909519,5.22E+04,0080,39.0,22.0,39.8,27.0,98.6,82.5,1.889,37,FULL (3029),1000.0,1.0,70847377,128483,124237,NOTREADY
2024-02-08 12:22:35.911416,5.14E+04,0080,39.0,22.0,39.8,27.0,98.6,82.5,1.889,37,FULL (3028),1000.0,1.0,70847377,126525,121705,NOTREADY
2024-02-08 12:22:36.912733,4.85E+04,0080,39.0,22.0,39.7,27.0,98.6,82.5,1.889,37,FULL (3027),1000.0,1.0,70847377,122868,118717,NOTREADY
2024-02-08 12:22:37.923699,4.90E+04,0080,39.0,22.0,39.7,27.0,98.6,82.5,1.889,37,FULL (3026),1000.0,1.0,70847377,122646,118579,NOTREADY
2024-02-08 12:22:38.911877,5.03E+04,0080,39.0,22.0,39.7,27.0,98.6,82.4,1.886,37,FULL (3025),1000.0,1.0,70847377,124251,120092,NOTREADY
2024-02-08 12:22:39.922593,5.14E+04,0080,39.0,22.0,39.7,27.0,98.6,82.4,1.886,37,FULL (3025),1000.0,1.0,70847377,127483,123126,NOTREADY
2024-02-08 12:22:40.924703,5.16E+04,0080,39.0,22.0,39.7,27.0,98.6,82.4,1.889,37,FULL (3022),1000.0,1.0,70847377,127861,123548,NOTREADY
2024-02-08 12:22:41.923084,5.16E+04,0080,39.0,22.0,39.6,27.0,98.6,82.4,1.889,37,FULL (3019),1000.0,1.0,70847377,128151,123752,NOTREADY
2024-02-08 12:22:42.909907,5.02E+04,0080,39.0,22.0,39.6,27.0,98.6,82.4,1.886,37,FULL (3019),1000.0,1.0,70847377,125893,121241,NOTREADY
2024-02-08 12:22:43.922734,5.02E+04,0080,39.0,22.0,39.6,27.0,98.5,82.4,1.886,37,FULL (3018),1000.0,1.0,70847377,124399,120340,NOTREADY
2024-02-08 12:22:44.923925,5.11E+04,0080,39.0,22.0,39.6,27.0,98.6,82.4,1.886,37,FULL (3017),1000.0,1.0,70847377,125716,121460,NOTREADY
2024-02-08 12:22:45.923852,5.14E+04,0080,39.0,22.0,39.6,27.1,98.6,82.4,1.889,37,FULL (3017),1000.0,1.0,70847377,127155,122524,NOTREADY
2024-02-08 12:22:46.910568,5.08E+04,0080,39.0,22.0,39.6,27.0,98.6,82.4,1.889,37,FULL (3016),1000.0,1.0,70847377,126239,121951,NOTREADY
2024-02-08 12:22:47.911980,5.03E+04,0080,39.0,22.0,39.6,27.0,98.5,82.4,1.886,37,FULL (3014),1000.0,1.0,70847377,125866,121848,NOTREADY
2024-02-08 12:22:48.913528,5.02E+04,0080,39.0,22.0,39.7,27.1,98.6,82.4,1.889,37,FULL (3013),1000.0,1.0,70847377,126461,122208,NOTREADY
2024-02-08 12:22:49.914839,5.25E+04,0080,39.0,22.0,39.7,27.0,98.5,82.4,1.889,37,FULL (3012),1000.0,1.0,70847377,127714,123210,NOTREADY
2024-02-08 12:22:50.916929,5.11E+04,0080,39.0,22.0,39.7,27.1,98.6,82.4,1.886,37,FULL (3012),1000.0,1.0,70847377,125950,120929,NOTREADY
2024-02-08 12:22:51.918167,4.90E+04,0080,39.0,22.0,39.7,27.0,98.6,82.4,1.886,37,FULL (3010),1000.0,1.0,70847377,121887,117856,NOTREADY
2024-02-08 12:22:52.917576,4.97E+04,0080,39.0,22.0,39.7,27.0,98.6,82.4,1.884,37,FULL (3009),1000.0,1.0,70847377,123770,119572,NOTREADY
2024-02-08 12:22:53.918910,4.83E+04,0080,39.0,22.0,39.7,27.0,98.6,82.4,1.884,37,FULL (3009),1000.0,1.0,70847377,122183,117971,NOTREADY
2024-02-08 12:22:54.917373,4.93E+04,0080,39.0,22.0,39.7,27.1,98.6,82.5,1.884,37,FULL (3008),1000.0,1.0,70847377,121803,117952,NOTREADY
2024-02-08 12:22:55.918269,4.96E+04,0080,39.0,22.0,39.7,27.0,98.5,82.5,1.884,37,FULL (3007),1000.0,1.0,70847377,124028,119867,NOTREADY
2024-02-08 12:22:56.918368,5.10E+04,0080,39.0,22.0,39.7,27.0,98.5,82.5,1.884,37,FULL (3006),1000.0,1.0,70847377,125671,121604,NOTREADY
2024-02-08 12:22:57.919079,5.02E+04,0080,39.0,22.0,39.8,27.0,98.6,82.5,1.884,37,FULL (3006),1000.0,1.0,70847377,126945,122616,NOTREADY
2024-02-08 12:22:58.911625,5.05E+04,0080,39.0,22.0,39.8,27.0,98.6,82.5,1.886,37,FULL (3005),1000.0,1.0,70847377,126197,121909,NOTREADY
2024-02-08 12:22:59.909225,5.04E+04,0080,39.0,22.0,39.8,27.0,98.5,82.4,1.886,37,FULL (3004),1000.0,1.0,70847377,125969,121697,NOTREADY
2024-02-08 12:23:00.909887,4.90E+04,0080,39.0,22.0,39.9,27.0,98.6,82.4,1.884,37,FULL (3003),1000.0,1.0,70847377,125172,120941,NOTREADY
2024-02-08 12:23:01.910406,4.79E+04,0080,39.0,22.0,39.9,27.1,98.6,82.4,1.886,37,FULL (3002),1000.0,1.0,70847377,121471,117466,NOTREADY
2024-02-08 12:23:02.911450,4.86E+04,0080,39.0,22.0,39.9,27.1,98.6,82.4,1.884,37,FULL (3000),1000.0,1.0,70847377,122045,118237,NOTREADY
2024-02-08 12:23:03.912433,4.83E+04,0080,39.0,22.0,39.9,27.1,98.5,82.4,1.884,37,FULL (3000),1000.0,1.0,70847377,122028,117989,NOTREADY
2024-02-08 12:23:04.915327,4.88E+04,0080,39.0,22.0,40.0,27.0,98.6,82.4,1.884,37,FULL (2998),1000.0,1.0,70847377,122101,117655,NOTREADY
2024-02-08 12:23:05.911649,4.62E+04,0080,39.0,22.0,40.0,27.1,98.6,82.4,1.884,37,FULL (2998),1000.0,1.0,70847377,115837,112156,NOTREADY
2024-02-08 12:23:06.912384,4.77E+04,0080,39.0,22.0,40.0,27.1,98.6,82.4,1.884,37,FULL (2997),1000.0,1.0,70847377,118756,114910,NOTREADY
2024-02-08 12:23:07.924155,4.92E+04,0080,39.0,22.0,40.0,27.1,98.5,82.4,1.884,37,FULL (2997),1000.0,1.0,70847377,122756,118676,NOTREADY
2024-02-08 12:23:08.921051,4.84E+04,0080,39.0,22.0,40.1,27.0,98.6,82.4,1.882,37,FULL (2996),1000.0,1.0,70847377,119237,114829,NOTREADY
2024-02-08 12:23:09.913539,4.75E+04,0080,39.0,22.0,40.1,27.1,98.6,82.4,1.884,37,FULL (2997),1000.0,1.0,70847377,116039,112208,NOTREADY
2024-02-08 12:23:10.914867,4.83E+04,0080,39.0,22.0,40.1,27.0,98.6,82.4,1.882,37,FULL (2994),1000.0,1.0,70847377,118822,115604,NOTREADY
2024-02-08 12:23:11.914129,4.70E+04,0080,39.0,22.0,40.1,27.1,98.6,82.4,1.884,37,FULL (2996),1000.0,1.0,70847377,118023,114223,NOTREADY
2024-02-08 12:23:12.916480,4.75E+04,0080,39.0,22.0,40.2,27.1,98.6,82.4,1.884,37,FULL (2991),1000.0,1.0,70847377,118981,115121,NOTREADY
2024-02-08 12:23:13.921939,4.78E+04,0080,39.0,22.0,40.2,27.0,98.6,82.4,1.884,37,FULL (2991),1000.0,1.0,70847377,119875,116017,NOTREADY
2024-02-08 12:23:14.923054,4.76E+04,0080,39.0,22.0,40.2,27.1,98.6,82.4,1.882,37,FULL (2989),1000.0,1.0,70847377,119237,115366,NOTREADY
2024-02-08 12:23:15.913835,4.75E+04,0080,39.0,22.0,40.2,27.0,98.6,82.4,1.884,37,FULL (2989),1000.0,1.0,70847377,119585,115692,NOTREADY
2024-02-08 12:23:16.922826,4.72E+04,0080,39.0,22.0,40.2,27.0,98.5,82.4,1.882,37,FULL (2989),1000.0,1.0,70847377,118138,114330,NOTREADY
2024-02-08 12:23:17.918642,4.66E+04,0080,39.0,22.0,40.3,27.0,98.5,82.4,1.884,37,FULL (2989),1000.0,1.0,70847377,117357,113537,NOTREADY
2024-02-08 12:23:18.916553,4.81E+04,0080,39.0,22.0,40.3,27.0,98.5,82.4,1.884,37,FULL (2987),1000.0,1.0,70847377,119144,115537,NOTREADY
2024-02-08 12:23:19.924018,4.69E+04,0080,39.0,22.0,40.3,27.0,98.5,82.4,1.882,37,FULL (2987),1000.0,1.0,70847377,118757,114586,NOTREADY
2024-02-08 12:23:20.913431,4.69E+04,0080,39.0,22.0,40.3,27.0,98.5,82.4,1.882,37,FULL (2987),1000.0,1.0,70847377,117921,114323,NOTREADY
2024-02-08 12:23:21.911672,4.87E+04,0080,39.0,22.0,40.4,27.0,98.5,82.4,1.882,37,FULL (2986),1000.0,1.0,70847377,120274,116342,NOTREADY
2024-02-08 12:23:22.910363,4.73E+04,0080,39.0,22.0,40.4,27.0,98.6,82.4,1.882,37,FULL (2985),1000.0,1.0,70847377,117604,113823,NOTREADY
2024-02-08 12:23:23.917089,4.77E+04,0080,39.0,22.0,40.4,27.0,98.6,82.4,1.882,37,FULL (2985),1000.0,1.0,70847377,117489,114246,NOTREADY
2024-02-08 12:23:24.919415,4.75E+04,0080,39.0,22.0,40.4,27.0,98.6,82.4,1.884,37,FULL (2984),1000.0,1.0,70847377,118543,114714,NOTREADY
2024-02-08 12:23:25.920600,4.87E+04,0080,39.0,22.0,40.4,27.0,98.5,82.4,1.882,37,FULL (2982),1000.0,1.0,70847377,121148,117625,NOTREADY
2024-02-08 12:23:26.921742,5.08E+04,0080,39.0,22.0,40.4,27.0,98.5,82.4,1.884,37,FULL (2982),1000.0,1.0,70847377,126006,121739,NOTREADY
2024-02-08 12:23:27.924161,5.07E+04,0080,39.0,22.0,40.4,27.0,98.5,82.4,1.884,37,FULL (2981),1000.0,1.0,70847377,127268,122927,NOTREADY
2024-02-08 12:23:28.911094,4.95E+04,0080,39.0,22.0,40.4,27.0,98.5,82.4,1.884,37,FULL (2980),1000.0,1.0,70847377,123988,119846,NOTREADY
2024-02-08 12:23:29.912587,4.90E+04,0080,39.0,22.0,40.4,27.0,98.6,82.4,1.882,37,FULL (2980),1000.0,1.0,70847377,122615,118550,NOTREADY
2024-02-08 12:23:30.913224,4.95E+04,0080,39.0,22.0,40.4,27.0,98.5,82.4,1.884,37,FULL (2979),1000.0,1.0,70847377,122826,118751,NOTREADY
2024-02-08 12:23:31.915827,4.80E+04,0080,39.0,22.0,40.4,27.0,98.6,82.4,1.884,37,FULL (2978),1000.0,1.0,70847377,121922,117520,NOTREADY
2024-02-08 12:23:32.916940,4.75E+04,0080,39.0,22.0,40.3,27.0,98.6,82.4,1.884,37,FULL (2976),1000.0,1.0,70847377,120066,115861,NOTREADY
2024-02-08 12:23:33.918311,4.82E+04,0080,39.0,22.0,40.3,27.0,98.5,82.4,1.884,37,FULL (2976),1000.0,1.0,70847377,119609,115925,NOTREADY
2024-02-08 12:23:34.919449,4.84E+04,0080,39.0,22.0,40.3,27.0,98.6,82.4,1.886,37,FULL (2976),1000.0,1.0,70847377,120906,117118,NOTREADY
2024-02-08 12:23:35.921872,4.77E+04,0080,39.0,22.0,40.3,27.0,98.6,82.4,1.884,37,FULL (2976),1000.0,1.0,70847377,121627,117389,NOTREADY
2024-02-08 12:23:36.922802,4.68E+04,0080,39.0,22.0,40.3,27.0,98.6,82.4,1.884,37,FULL (2974),1000.0,1.0,70847377,116998,113042,NOTREADY
2024-02-08 12:23:37.924271,4.56E+04,0080,39.0,22.0,40.2,27.0,98.6,82.4,1.886,37,FULL (2974),1000.0,1.0,70847377,115931,112044,NOTREADY
2024-02-08 12:23:38.909249,4.58E+04,0080,39.0,22.0,40.2,27.0,98.5,82.4,1.886,37,FULL (2973),1000.0,1.0,70847377,114548,110946,NOTREADY
2024-02-08 12:23:39.911628,4.55E+04,0080,39.0,22.0,40.2,27.0,98.6,82.4,1.886,37,FULL (2973),1000.0,1.0,70847377,113339,109807,NOTREADY
2024-02-08 12:23:40.912663,4.57E+04,0080,39.0,22.0,40.1,27.0,98.6,82.4,1.884,37,FULL (2971),1000.0,1.0,70847377,114596,110994,NOTREADY
2024-02-08 12:23:41.915148,4.56E+04,0080,39.0,22.0,40.1,27.0,98.5,82.4,1.884,37,FULL (2970),1000.0,1.0,70847377,114518,110920,NOTREADY
2024-02-08 12:23:42.917388,4.58E+04,0080,39.0,22.0,40.1,27.0,98.6,82.4,1.884,37,FULL (2970),1000.0,1.0,70847377,114301,110715,NOTREADY
2024-02-08 12:23:43.919807,4.57E+04,0080,39.0,22.0,40.0,27.0,98.5,82.4,1.886,37,FULL (2969),1000.0,1.0,70847377,113338,110002,NOTREADY
2024-02-08 12:23:44.921017,4.52E+04,0080,39.0,22.0,40.0,27.0,98.5,82.4,1.889,37,FULL (2968),1000.0,1.0,70847377,113903,110118,NOTREADY
2024-02-08 12:23:45.922722,4.73E+04,0080,39.0,22.0,40.0,27.0,98.6,82.4,1.886,37,FULL (2968),1000.0,1.0,70847377,116299,112602,NOTREADY
2024-02-08 12:23:46.919182,4.74E+04,0080,39.0,22.0,39.9,27.0,98.5,82.4,1.886,37,FULL (2967),1000.0,1.0,70847377,118928,115082,NOTREADY
2024-02-08 12:23:47.919831,4.72E+04,0080,39.0,22.0,39.9,27.0,98.6,82.4,1.886,37,FULL (2966),1000.0,1.0,70847377,118382,114564,NOTREADY
2024-02-08 12:23:48.924415,4.67E+04,0080,39.0,22.0,39.9,27.0,98.6,82.4,1.886,37,FULL (2967),1000.0,1.0,70847377,117147,113039,NOTREADY
2024-02-08 12:23:49.916526,4.65E+04,0080,39.0,22.0,39.9,27.0,98.5,82.4,1.889,37,FULL (2966),1000.0,1.0,70847377,116789,113062,NOTREADY
2024-02-08 12:23:50.911377,4.80E+04,0080,39.0,22.0,39.8,27.0,98.5,82.4,1.889,37,FULL (2966),1000.0,1.0,70847377,119128,115269,NOTREADY
2024-02-08 12:23:51.912445,4.79E+04,0080,39.0,22.0,39.8,27.0,98.6,82.4,1.886,37,FULL (2965),1000.0,1.0,70847377,118794,114953,NOTREADY
2024-02-08 12:23:52.913996,5.04E+04,0080,39.0,22.0,39.8,27.0,98.5,82.4,1.886,37,FULL (2964),1000.0,1.0,70847377,124356,120974,NOTREADY
2024-02-08 12:23:53.914823,5.12E+04,0080,39.0,22.0,39.8,27.0,98.6,82.4,1.886,37,FULL (2964),1000.0,1.0,70847377,126543,122249,NOTREADY
2024-02-08 12:23:54.917410,4.90E+04,0080,39.0,22.0,39.7,27.0,98.5,82.4,1.889,37,FULL (2963),1000.0,1.0,70847377,123894,119457,NOTREADY
2024-02-08 12:23:55.918788,4.76E+04,0080,39.0,22.0,39.7,27.0,98.6,82.4,1.889,37,FULL (2963),1000.0,1.0,70847377,120428,116484,NOTREADY
2024-02-08 12:23:56.921374,4.76E+04,0080,39.0,22.0,39.7,27.0,98.6,82.4,1.889,37,FULL (2960),1000.0,1.0,70847377,120046,116127,NOTREADY
2024-02-08 12:23:57.909139,4.77E+04,0080,39.0,22.0,39.6,27.0,98.6,82.4,1.886,37,FULL (2962),1000.0,1.0,70847377,120743,116780,NOTREADY
2024-02-08 12:23:58.911640,4.81E+04,0080,39.0,22.0,39.6,27.0,98.5,82.4,1.889,37,FULL (2960),1000.0,1.0,70847377,120777,116815,NOTREADY
2024-02-08 12:23:59.912676,4.93E+04,0080,39.0,22.0,39.6,27.0,98.5,82.4,1.886,37,FULL (2958),1000.0,1.0,70847377,121059,117081,NOTREADY
2024-02-08 12:24:00.913763,4.87E+04,0080,39.0,22.0,39.6,27.0,98.6,82.4,1.886,37,FULL (2957),1000.0,1.0,70847377,121246,117252,NOTREADY
2024-02-08 12:24:01.917248,4.88E+04,0080,39.0,22.0,39.6,27.0,98.5,82.4,1.886,37,FULL (2957),1000.0,1.0,70847377,121320,117322,NOTREADY
2024-02-08 12:24:02.918433,4.75E+04,0080,39.0,22.0,39.6,27.0,98.6,82.4,1.886,37,FULL (2957),1000.0,1.0,70847377,119552,115577,NOTREADY
2024-02-08 12:24:03.919455,4.72E+04,0080,39.0,22.0,39.6,27.0,98.6,82.4,1.886,37,FULL (2956),1000.0,1.0,70847377,118499,114467,NOTREADY
2024-02-08 12:24:04.920573,4.71E+04,0080,39.0,22.0,39.6,27.0,98.5,82.4,1.884,37,FULL (2955),1000.0,1.0,70847377,117456,113388,NOTREADY
2024-02-08 12:24:05.922544,4.72E+04,0080,39.0,22.0,39.6,27.0,98.6,82.4,1.884,37,FULL (2956),1000.0,1.0,70847377,116557,113067,NOTREADY
2024-02-08 12:24:06.923886,4.67E+04,0080,39.0,22.0,39.6,27.0,98.6,82.4,1.886,37,FULL (2953),1000.0,1.0,70847377,116327,112554,NOTREADY
2024-02-08 12:24:07.924999,4.79E+04,0080,39.0,22.0,39.7,27.0,98.5,82.4,1.884,37,FULL (2953),1000.0,1.0,70847377,117502,113802,NOTREADY
2024-02-08 12:24:08.910048,4.76E+04,0080,39.0,22.0,39.7,27.0,98.6,82.2,1.884,37,FULL (2953),1000.0,1.0,70847377,117801,114004,NOTREADY
2024-02-08 12:24:09.912000,4.53E+04,0080,39.0,22.0,39.7,27.0,98.6,82.1,1.884,37,FULL (2952),1000.0,1.0,70847377,115228,111580,NOTREADY
2024-02-08 12:24:10.913015,4.91E+04,0080,39.0,22.0,39.7,27.0,98.6,82.0,1.884,37,FULL (2951),1000.0,1.0,70847377,122580,118508,NOTREADY
2024-02-08 12:24:11.915693,4.89E+04,0080,39.0,22.0,39.7,27.0,98.6,81.8,1.886,37,FULL (2950),1000.0,1.0,70847377,123113,119009,NOTREADY
2024-02-08 12:24:12.918342,4.87E+04,0080,39.0,22.0,39.8,27.0,98.6,81.8,1.886,37,FULL (2953),1000.0,1.0,70847377,121279,117277,NOTREADY
2024-02-08 12:24:13.920979,4.96E+04,0080,39.0,22.0,39.8,27.0,98.6,81.7,1.884,37,FULL (2952),1000.0,1.0,70847377,122207,118192,NOTREADY
2024-02-08 12:24:14.922019,4.84E+04,0080,39.0,22.0,39.8,27.0,98.5,81.6,1.884,37,FULL (2952),1000.0,1.0,70847377,121561,117548,NOTREADY
2024-02-08 12:24:15.923170,4.78E+04,0080,39.0,22.0,39.8,27.0,98.5,81.5,1.884,37,FULL (2950),1000.0,1.0,70847377,120457,116507,NOTREADY
2024-02-08 12:24:16.909613,4.83E+04,0080,39.0,22.0,39.9,27.0,98.6,81.5,1.884,37,FULL (2949),1000.0,1.0,70847377,119077,115208,NOTREADY
2024-02-08 12:24:17.920090,4.69E+04,0080,39.0,22.0,39.9,27.0,98.5,81.4,1.884,37,FULL (2948),1000.0,1.0,70847377,117773,113975,NOTREADY
2024-02-08 12:24:18.922104,4.96E+04,0080,39.0,22.0,39.9,27.0,98.6,81.3,1.884,37,FULL (2947),1000.0,1.0,70847377,122341,118281,NOTREADY
2024-02-08 12:24:19.922917,4.84E+04,0080,39.0,22.0,39.9,27.0,98.6,81.2,1.882,37,FULL (2948),1000.0,1.0,70847377,122295,118488,NOTREADY
2024-02-08 12:24:20.924596,4.99E+04,0080,39.0,22.0,40.0,27.0,98.5,81.1,1.882,37,FULL (2946),1000.0,1.0,70847377,124496,120306,NOTREADY
2024-02-08 12:24:21.911193,4.89E+04,0080,39.0,22.0,40.0,27.0,98.5,81.0,1.882,37,FULL (2946),1000.0,1.0,70847377,123477,119347,NOTREADY
2024-02-08 12:24:22.912288,4.89E+04,0080,39.0,22.0,40.0,27.0,98.5,80.9,1.884,37,FULL (2944),1000.0,1.0,70847377,120843,116868,NOTREADY
2024-02-08 12:24:23.914778,4.97E+04,0080,39.0,22.0,40.0,27.0,98.6,80.9,1.884,37,FULL (2945),1000.0,1.0,70847377,121975,117894,NOTREADY
2024-02-08 12:24:24.916794,4.99E+04,0080,39.0,22.0,40.0,27.0,98.6,80.8,1.882,37,FULL (2945),1000.0,1.0,70847377,121867,117881,NOTREADY
2024-02-08 12:24:25.917830,4.86E+04,0080,39.0,22.0,40.1,27.0,98.6,80.7,1.882,37,FULL (2944),1000.0,1.0,70847377,121442,117429,NOTREADY
2024-02-08 12:24:26.920356,4.88E+04,0080,39.0,22.0,40.1,27.0,98.6,80.6,1.882,37,FULL (2943),1000.0,1.0,70847377,121810,117777,NOTREADY
2024-02-08 12:24:27.922676,4.71E+04,0080,39.0,22.0,40.1,27.0,98.6,80.6,1.882,37,FULL (2943),1000.0,1.0,70847377,118905,114862,NOTREADY
2024-02-08 12:24:28.925422,4.61E+04,0080,39.0,22.0,40.1,27.0,98.5,80.5,1.882,37,FULL (2942),1000.0,1.0,70847377,114551,110377,NOTREADY
2024-02-08 12:24:29.910591,4.57E+04,0080,39.0,22.0,40.1,27.0,98.6,80.3,1.882,37,FULL (2941),1000.0,1.0,70847377,114179,110587,NOTREADY
2024-02-08 12:24:30.911783,4.67E+04,0080,39.0,22.0,40.1,27.0,98.6,80.3,1.882,37,FULL (2940),1000.0,1.0,70847377,117400,113626,NOTREADY
2024-02-08 12:24:31.914489,4.73E+04,0080,39.0,22.0,40.1,27.0,98.5,80.2,1.882,37,FULL (2940),1000.0,1.0,70847377,117249,113486,NOTREADY
2024-02-08 12:24:32.915841,4.62E+04,0080,39.0,22.0,40.2,27.0,98.5,80.1,1.882,37,FULL (2939),1000.0,1.0,70847377,117190,113426,NOTREADY
2024-02-08 12:24:33.917100,4.55E+04,0080,39.0,22.0,40.2,27.0,98.5,80.0,1.882,37,FULL (2938),1000.0,1.0,70847377,114511,110479,NOTREADY
2024-02-08 12:24:34.918705,4.46E+04,0080,39.0,22.0,40.2,27.0,98.5,80.0,1.882,37,FULL (2937),1000.0,1.0,70847377,112484,108946,NOTREADY
2024-02-08 12:24:35.920703,4.55E+04,0080,39.0,22.0,40.2,27.0,98.6,79.9,1.882,37,FULL (2936),1000.0,1.0,70847377,113432,109887,NOTREADY
2024-02-08 12:24:36.923158,4.60E+04,0080,39.0,22.0,40.2,27.0,98.5,79.8,1.880,37,FULL (2936),1000.0,1.0,70847377,113573,109895,NOTREADY
2024-02-08 12:24:37.924187,4.50E+04,0080,39.0,22.0,40.3,27.0,98.6,79.8,1.882,37,FULL (2936),1000.0,1.0,70847377,113150,109616,NOTREADY
2024-02-08 12:24:38.909607,4.60E+04,0080,39.0,22.0,40.3,27.0,98.5,79.6,1.880,37,FULL (2935),1000.0,1.0,70847377,114093,110512,NOTREADY
2024-02-08 12:24:39.912210,4.58E+04,0080,39.0,22.0,40.3,27.0,98.6,79.6,1.882,37,FULL (2935),1000.0,1.0,70847377,113960,110387,NOTREADY
2024-02-08 12:24:40.913452,4.53E+04,0080,39.0,22.0,40.3,27.0,98.6,79.5,1.882,37,FULL (2934),1000.0,1.0,70847377,113607,110051,NOTREADY
2024-02-08 12:24:41.915361,4.55E+04,0080,39.0,22.0,40.4,27.0,98.5,79.4,1.882,37,FULL (2933),1000.0,1.0,70847377,114756,111140,NOTREADY
2024-02-08 12:24:42.921042,4.63E+04,0080,39.0,22.0,40.4,27.0,98.6,79.4,1.882,37,FULL (2933),1000.0,1.0,70847377,115401,111749,NOTREADY
2024-02-08 12:24:43.912948,4.51E+04,0080,39.0,22.0,40.4,27.0,98.5,79.3,1.880,37,FULL (2932),1000.0,1.0,70847377,115733,111781,NOTREADY
2024-02-08 12:24:44.909927,4.52E+04,0080,39.0,22.0,40.4,27.0,98.5,79.2,1.880,37,FULL (2932),1000.0,1.0,70847377,113878,110314,NOTREADY
2024-02-08 12:24:45.918398,4.56E+04,0080,39.0,22.0,40.4,27.0,98.5,79.2,1.882,37,FULL (2931),1000.0,1.0,70847377,113253,109722,NOTREADY
2024-02-08 12:24:46.919895,4.53E+04,0080,39.0,22.0,40.4,27.0,98.5,79.1,1.882,37,FULL (2931),1000.0,1.0,70847377,113808,110195,NOTREADY
2024-02-08 12:24:47.920557,4.65E+04,0080,39.0,22.0,40.4,27.0,98.5,79.0,1.882,37,FULL (2930),1000.0,1.0,70847377,115349,112147,NOTREADY
2024-02-08 12:24:48.921330,4.69E+04,0080,39.0,22.0,40.3,27.0,98.5,78.9,1.882,37,FULL (2929),1000.0,1.0,70847377,116104,112414,NOTREADY
2024-02-08 12:24:49.921149,4.68E+04,0080,39.0,22.0,40.3,27.0,98.6,78.8,1.882,37,FULL (2927),1000.0,1.0,70847377,118229,114421,NOTREADY
2024-02-08 12:24:50.920991,4.73E+04,0080,39.0,22.0,40.3,27.0,98.5,78.7,1.882,37,FULL (2926),1000.0,1.0,70847377,117979,114184,NOTREADY
2024-02-08 12:24:51.916493,4.64E+04,0080,39.0,22.0,40.3,27.0,98.5,78.7,1.882,37,FULL (2927),1000.0,1.0,70847377,115848,112173,NOTREADY
2024-02-08 12:24:52.916874,4.56E+04,0080,39.0,22.0,40.3,27.0,98.6,78.6,1.884,37,FULL (2925),1000.0,1.0,70847377,113942,110374,NOTREADY
2024-02-08 12:24:53.919165,4.60E+04,0080,39.0,22.0,40.3,27.0,98.5,78.5,1.882,37,FULL (2924),1000.0,1.0,70847377,113139,109481,NOTREADY
2024-02-08 12:24:54.922047,4.52E+04,0080,39.0,22.0,40.3,27.0,98.5,78.5,1.882,37,FULL (2924),1000.0,1.0,70847377,113613,110068,NOTREADY
2024-02-08 12:24:55.922839,4.50E+04,0080,39.0,22.0,40.2,27.0,98.5,78.4,1.884,37,FULL (2925),1000.0,1.0,70847377,112362,108889,NOTREADY
2024-02-08 12:24:56.925058,4.64E+04,0080,39.0,22.0,40.2,27.0,98.5,78.3,1.882,37,FULL (2924),1000.0,1.0,70847377,114834,111214,NOTREADY
2024-02-08 12:24:57.911610,4.56E+04,0080,39.0,22.0,40.2,27.0,98.5,78.2,1.884,37,FULL (2923),1000.0,1.0,70847377,114510,111048,NOTREADY
2024-02-08 12:24:58.913013,4.60E+04,0080,39.0,22.0,40.2,27.0,98.6,78.1,1.884,37,FULL (2922),1000.0,1.0,70847377,115096,111464,NOTREADY
2024-02-08 12:24:59.913067,4.56E+04,0080,39.0,22.0,40.1,27.0,98.6,78.0,1.884,37,FULL (2922),1000.0,1.0,70847377,114507,110911,NOTREADY
2024-02-08 12:25:00.914378,4.44E+04,0080,39.0,22.0,40.1,27.0,98.6,78.0,1.884,37,FULL (2921),1000.0,1.0,70847377,112461,108973,NOTREADY
2024-02-08 12:25:01.916325,4.55E+04,0080,39.0,22.0,40.0,27.0,98.6,77.9,1.886,37,FULL (2921),1000.0,1.0,70847377,112716,109218,NOTREADY
2024-02-08 12:25:02.919508,4.48E+04,0080,39.0,22.0,40.0,27.0,98.6,77.8,1.884,37,FULL (2919),1000.0,1.0,70847377,111798,108349,NOTREADY
2024-02-08 12:25:03.922522,4.54E+04,0080,39.0,22.0,39.9,27.0,98.6,77.8,1.884,37,FULL (2919),1000.0,1.0,70847377,112712,109212,NOTREADY
2024-02-08 12:25:04.924246,4.56E+04,0080,39.0,22.0,39.9,27.0,98.5,77.7,1.884,37,FULL (2918),1000.0,1.0,70847377,113107,109582,NOTREADY
2024-02-08 12:25:05.910108,4.52E+04,0080,39.0,22.0,39.9,27.0,98.5,77.5,1.884,37,FULL (2917),1000.0,1.0,70847377,112832,109364,NOTREADY
2024-02-08 12:25:06.911132,4.47E+04,0080,39.0,22.0,39.8,27.0,98.6,77.5,1.884,37,FULL (2916),1000.0,1.0,70847377,113882,110242,NOTREADY
2024-02-08 12:25:07.910994,4.47E+04,0080,39.0,22.0,39.8,27.0,98.5,77.4,1.884,37,FULL (2915),1000.0,1.0,70847377,112915,109401,NOTREADY
2024-02-08 12:25:08.912656,4.63E+04,0080,39.0,22.0,39.8,27.0,98.6,77.3,1.884,37,FULL (2915),1000.0,1.0,70847377,114336,110676,NOTREADY
2024-02-08 12:25:09.912803,4.55E+04,0080,39.0,22.0,39.7,27.0,98.5,77.2,1.886,37,FULL (2914),1000.0,1.0,70847377,113478,109933,NOTREADY
2024-02-08 12:25:10.916269,4.48E+04,0080,39.0,22.0,39.7,27.0,98.5,77.2,1.886,37,FULL (2913),1000.0,1.0,70847377,113397,109853,NOTREADY
2024-02-08 12:25:11.922704,4.55E+04,0080,39.0,22.0,39.7,27.0,98.6,77.1,1.884,37,FULL (2913),1000.0,1.0,70847377,112871,109360,NOTREADY
2024-02-08 12:25:12.911100,4.40E+04,0080,39.0,22.0,39.7,27.0,98.5,77.0,1.884,37,FULL (2913),1000.0,1.0,70847377,111911,108206,NOTREADY
2024-02-08 12:25:13.912657,4.54E+04,0080,39.0,22.0,39.7,27.0,98.5,77.0,1.884,37,FULL (2912),1000.0,1.0,70847377,111636,108338,NOTREADY
2024-02-08 12:25:14.912844,4.47E+04,0080,39.0,22.0,39.6,27.0,98.5,76.8,1.884,37,FULL (2911),1000.0,1.0,70847377,111299,107904,NOTREADY
2024-02-08 12:25:15.916583,4.54E+04,0080,39.0,22.0,39.6,27.0,98.6,76.8,1.884,37,FULL (2910),1000.0,1.0,70847377,112128,108654,NOTREADY
2024-02-08 12:25:16.917503,4.49E+04,0080,39.0,22.0,39.6,27.0,98.5,76.6,1.884,37,FULL (2909),1000.0,1.0,70847377,112442,108949,NOTREADY
2024-02-08 12:25:17.917530,4.52E+04,0080,39.0,22.0,39.6,27.0,98.5,76.6,1.884,37,FULL (2909),1000.0,1.0,70847377,112995,109469,NOTREADY
2024-02-08 12:25:18.918874,4.57E+04,0080,39.0,22.0,39.6,27.0,98.5,76.5,1.884,37,FULL (2908),1000.0,1.0,70847377,114507,110900,NOTREADY
2024-02-08 12:25:19.919728,4.71E+04,0080,39.0,22.0,39.6,27.0,98.6,76.4,1.884,37,FULL (2908),1000.0,1.0,70847377,115637,111964,NOTREADY
2024-02-08 12:25:20.924264,4.64E+04,0080,39.0,22.0,39.6,27.0,98.5,76.4,1.882,37,FULL (2908),1000.0,1.0,70847377,116374,112660,NOTREADY
2024-02-08 12:25:21.910977,4.66E+04,0080,39.0,22.0,39.6,27.0,98.5,76.3,1.882,37,FULL (2906),1000.0,1.0,70847377,117159,113639,NOTREADY
2024-02-08 12:25:22.910912,4.60E+04,0080,39.0,22.0,39.6,27.0,98.5,76.2,1.882,37,FULL (2905),1000.0,1.0,70847377,116713,112972,NOTREADY
2024-02-08 12:25:23.916327,4.60E+04,0080,39.0,22.0,39.6,27.0,98.5,76.1,1.882,37,FULL (2905),1000.0,1.0,70847377,115452,111450,NOTREADY
2024-02-08 12:25:24.912081,4.65E+04,0080,39.0,22.0,39.7,27.0,98.5,76.0,1.884,37,FULL (2905),1000.0,1.0,70847377,116723,112984,NOTREADY
2024-02-08 12:25:25.915325,4.63E+04,0080,39.0,22.0,39.7,27.0,98.5,75.9,1.882,37,FULL (2903),1000.0,1.0,70847377,115655,111978,NOTREADY
2024-02-08 12:25:26.917572,4.61E+04,0080,39.0,22.0,39.7,27.0,98.6,75.8,1.882,37,FULL (2903),1000.0,1.0,70847377,113409,109855,NOTREADY
2024-02-08 12:25:27.918584,4.53E+04,0080,39.0,22.0,39.7,27.0,98.5,75.8,1.880,37,FULL (2902),1000.0,1.0,70847377,114565,110947,NOTREADY
2024-02-08 12:25:28.922899,4.57E+04,0080,39.0,22.0,39.7,27.0,98.5,75.7,1.882,37,FULL (2901),1000.0,1.0,70847377,115202,111548,NOTREADY
2024-02-08 12:25:29.922846,4.66E+04,0080,39.0,22.0,39.8,27.0,98.5,75.6,1.882,37,FULL (2900),1000.0,1.0,70847377,115637,111957,NOTREADY
2024-02-08 12:25:30.923535,4.70E+04,0080,39.0,22.0,39.8,27.0,98.6,75.5,1.880,37,FULL (2900),1000.0,1.0,70847377,116556,112827,NOTREADY
2024-02-08 12:25:31.909817,4.61E+04,0080,39.0,22.0,39.8,27.0,98.6,75.4,1.882,37,FULL (2901),1000.0,1.0,70847377,117277,113723,NOTREADY
2024-02-08 12:25:32.919347,4.72E+04,0080,39.0,22.0,39.8,27.0,98.6,75.3,1.882,37,FULL (2899),1000.0,1.0,70847377,116982,112937,NOTREADY
2024-02-08 12:25:33.923367,4.71E+04,0080,39.0,22.0,39.9,27.0,98.5,75.2,1.882,37,FULL (2899),1000.0,1.0,70847377,116146,112442,NOTREADY
2024-02-08 12:25:34.916025,4.69E+04,0080,39.0,22.0,39.9,27.0,98.5,75.1,1.882,37,FULL (2897),1000.0,1.0,70847377,115787,112099,NOTREADY
2024-02-08 12:25:35.920460,4.62E+04,0080,39.0,22.0,39.9,27.0,98.5,75.1,1.882,37,FULL (2898),1000.0,1.0,70847377,116729,112548,NOTREADY
2024-02-08 12:25:36.911606,4.52E+04,0080,39.0,22.0,39.9,27.0,98.6,75.0,1.882,37,FULL (2893),1000.0,1.0,70847377,113228,110045,NOTREADY
2024-02-08 12:25:37.912289,4.56E+04,0080,39.0,22.0,39.9,27.0,98.6,74.9,1.882,37,FULL (2895),1000.0,1.0,70847377,113953,110283,NOTREADY
2024-02-08 12:25:38.916279,4.59E+04,0080,39.0,22.0,40.0,27.0,98.5,74.8,1.880,37,FULL (2899),1000.0,1.0,70847377,114782,111156,NOTREADY
2024-02-08 12:25:39.923936,4.47E+04,0080,39.0,22.0,40.0,27.0,98.5,74.8,1.880,37,FULL (2899),1000.0,1.0,70847377,110500,107110,NOTREADY
2024-02-08 12:25:40.925139,4.50E+04,0080,39.0,22.0,40.0,27.0,98.5,74.7,1.882,37,FULL (2899),1000.0,1.0,70847377,110456,107070,NOTREADY
2024-02-08 12:25:41.911183,4.41E+04,0080,39.0,22.0,40.0,27.0,98.5,74.5,1.880,37,FULL (2895),1000.0,1.0,70847377,111682,108239,NOTREADY
2024-02-08 12:25:42.914034,4.62E+04,0080,39.0,22.0,40.1,27.0,98.6,74.5,1.880,37,FULL (2893),1000.0,1.0,70847377,113140,109824,NOTREADY
2024-02-08 12:25:43.911189,4.62E+04,0080,39.0,22.0,40.1,27.0,98.6,74.4,1.878,37,FULL (2893),1000.0,1.0,70847377,113127,109593,NOTREADY
2024-02-08 12:25:44.917692,4.52E+04,0080,39.0,22.0,40.1,27.0,98.5,74.3,1.880,37,FULL (2893),1000.0,1.0,70847377,113136,109687,NOTREADY
2024-02-08 12:25:45.914650,4.50E+04,0080,39.0,22.0,40.2,27.0,98.5,74.2,1.880,37,FULL (2891),1000.0,1.0,70847377,112271,108614,NOTREADY
2024-02-08 12:25:46.915813,4.54E+04,0080,39.0,22.0,40.2,27.0,98.6,74.1,1.880,37,FULL (2891),1000.0,1.0,70847377,113144,109611,NOTREADY
2024-02-08 12:25:47.920040,4.54E+04,0080,39.0,22.0,40.2,27.0,98.6,74.1,1.880,37,FULL (2891),1000.0,1.0,70847377,114733,111110,NOTREADY
2024-02-08 12:25:48.923236,4.72E+04,0080,39.0,22.0,40.2,27.0,98.5,74.0,1.880,37,FULL (2890),1000.0,1.0,70847377,115777,112095,NOTREADY
2024-02-08 12:25:49.908967,4.68E+04,0080,39.0,22.0,40.2,27.0,98.6,73.9,1.880,37,FULL (2891),1000.0,1.0,70847377,116644,112984,NOTREADY
2024-02-08 12:25:50.914682,4.61E+04,0080,39.0,22.0,40.3,27.0,98.5,73.8,1.880,37,FULL (2890),1000.0,1.0,70847377,116294,112560,NOTREADY
2024-02-08 12:25:51.919984,4.58E+04,0080,39.0,22.0,40.3,27.0,98.6,73.7,1.878,37,FULL (2891),1000.0,1.0,70847377,114407,110804,NOTREADY
2024-02-08 12:25:52.921120,4.60E+04,0080,39.0,22.0,40.3,27.0,98.5,73.6,1.880,37,FULL (2890),1000.0,1.0,70847377,115720,112044,NOTREADY
2024-02-08 12:25:53.910117,4.71E+04,0080,39.0,22.0,40.3,27.0,98.6,73.5,1.880,37,FULL (2889),1000.0,1.0,70847377,116708,112856,NOTREADY
2024-02-08 12:25:54.914201,4.57E+04,0080,39.0,22.0,40.3,27.0,98.5,73.4,1.880,37,FULL (2888),1000.0,1.0,70847377,114762,110962,NOTREADY
2024-02-08 12:25:55.917314,4.64E+04,0080,39.0,22.0,40.3,27.0,98.6,73.4,1.878,37,FULL (2888),1000.0,1.0,70847377,114443,110838,NOTREADY
2024-02-08 12:25:56.919749,4.58E+04,0080,39.0,22.0,40.3,27.0,98.5,73.3,1.880,37,FULL (2888),1000.0,1.0,70847377,115343,111687,NOTREADY
2024-02-08 12:25:57.921526,4.65E+04,0080,39.0,22.0,40.3,27.0,98.5,73.2,1.878,37,FULL (2888),1000.0,1.0,70847377,115450,111701,NOTREADY
2024-02-08 12:25:58.909019,4.57E+04,0080,39.0,22.0,40.4,27.0,98.5,73.1,1.880,37,FULL (2887),1000.0,1.0,70847377,113573,109582,NOTREADY
2024-02-08 12:25:59.916071,4.59E+04,0080,39.0,22.0,40.4,27.0,98.5,73.0,1.880,37,FULL (2888),1000.0,1.0,70847377,114021,110988,NOTREADY
2024-02-08 12:26:00.916304,4.78E+04,0080,39.0,22.0,40.4,27.0,98.5,72.9,1.880,37,FULL (2888),1000.0,1.0,70847377,119036,115170,NOTREADY
2024-02-08 12:26:01.917744,4.68E+04,0080,39.0,22.0,40.4,27.0,98.5,72.8,1.880,37,FULL (2887),1000.0,1.0,70847377,119467,115576,NOTREADY
2024-02-08 12:26:02.910455,4.81E+04,0080,39.0,22.0,40.4,27.0,98.5,72.7,1.880,37,FULL (2886),1000.0,1.0,70847377,119773,115805,NOTREADY
2024-02-08 12:26:03.912221,4.79E+04,0080,39.0,22.0,40.4,27.0,98.6,72.6,1.880,37,FULL (2885),1000.0,1.0,70847377,119356,115478,NOTREADY
2024-02-08 12:26:04.919329,4.60E+04,0080,39.0,22.0,40.4,27.0,98.5,72.6,1.880,37,FULL (2885),1000.0,1.0,70847377,116994,113253,NOTREADY
2024-02-08 12:26:05.923914,4.83E+04,0080,39.0,22.0,40.4,27.0,98.6,72.5,1.880,37,FULL (2885),1000.0,1.0,70847377,119827,115924,NOTREADY
2024-02-08 12:26:06.912886,4.75E+04,0080,39.0,22.0,40.4,27.0,98.5,72.4,1.880,37,FULL (2885),1000.0,1.0,70847377,118774,115077,NOTREADY
2024-02-08 12:26:07.913729,4.87E+04,0080,39.0,22.0,40.4,27.0,98.6,72.3,1.882,37,FULL (2883),1000.0,1.0,70847377,119787,115888,NOTREADY
2024-02-08 12:26:08.918110,4.81E+04,0080,39.0,22.0,40.4,27.0,98.5,72.2,1.882,37,FULL (2884),1000.0,1.0,70847377,120809,116846,NOTREADY
2024-02-08 12:26:09.918213,4.78E+04,0080,39.0,22.0,40.3,27.0,98.5,72.1,1.882,37,FULL (2884),1000.0,1.0,70847377,120639,116687,NOTREADY
2024-02-08 12:26:10.920783,4.84E+04,0080,39.0,22.0,40.3,27.0,98.5,72.0,1.880,37,FULL (2883),1000.0,1.0,70847377,119723,115825,NOTREADY
2024-02-08 12:26:11.911411,4.83E+04,0080,39.0,22.0,40.2,27.0,98.5,71.9,1.882,37,FULL (2883),1000.0,1.0,70847377,119904,115997,NOTREADY
2024-02-08 12:26:12.917923,4.86E+04,0080,39.0,22.0,40.2,27.0,98.5,71.9,1.882,37,FULL (2883),1000.0,1.0,70847377,120959,117023,NOTREADY
2024-02-08 12:26:13.912114,4.92E+04,0080,39.0,22.0,40.2,27.0,98.5,71.8,1.882,37,FULL (2881),1000.0,1.0,70847377,121018,117204,NOTREADY
2024-02-08 12:26:14.913120,4.81E+04,0080,39.0,22.0,40.1,27.0,98.5,71.7,1.882,37,FULL (2882),1000.0,1.0,70847377,121097,116742,NOTREADY
2024-02-08 12:26:15.913635,4.64E+04,0080,39.0,22.0,40.1,27.0,98.6,71.6,1.880,37,FULL (2881),1000.0,1.0,70847377,118073,114027,NOTREADY
2024-02-08 12:26:16.918161,4.62E+04,0080,39.0,22.0,40.1,27.0,98.5,71.5,1.882,37,FULL (2881),1000.0,1.0,70847377,116696,112973,NOTREADY
2024-02-08 12:26:17.924702,4.56E+04,0080,39.0,22.0,40.0,27.0,98.6,71.4,1.884,37,FULL (2881),1000.0,1.0,70847377,114796,111183,NOTREADY
2024-02-08 12:26:18.911776,4.63E+04,0080,39.0,22.0,40.0,27.0,98.5,71.3,1.882,37,FULL (2879),1000.0,1.0,70847377,115475,112013,NOTREADY
2024-02-08 12:26:19.916423,4.67E+04,0080,39.0,22.0,39.9,27.0,98.6,71.2,1.882,37,FULL (2881),1000.0,1.0,70847377,117423,113547,NOTREADY
2024-02-08 12:26:20.911071,4.65E+04,0080,39.0,22.0,39.9,27.0,98.5,71.2,1.882,37,FULL (2879),1000.0,1.0,70847377,116182,112228,NOTREADY
2024-02-08 12:26:21.922204,4.68E+04,0080,39.0,22.0,39.8,27.0,98.5,71.1,1.882,37,FULL (2878),1000.0,1.0,70847377,115287,111641,NOTREADY
2024-02-08 12:26:22.912329,4.53E+04,0080,39.0,22.0,39.8,27.0,98.6,71.0,1.884,37,FULL (2878),1000.0,1.0,70847377,114874,111349,NOTREADY
2024-02-08 12:26:23.918469,4.55E+04,0080,39.0,22.0,39.8,27.0,98.5,70.9,1.882,37,FULL (2878),1000.0,1.0,70847377,115587,112147,NOTREADY
2024-02-08 12:26:24.910447,4.64E+04,0080,39.0,22.0,39.7,27.0,98.5,70.8,1.884,37,FULL (2876),1000.0,1.0,70847377,116506,112501,NOTREADY
2024-02-08 12:26:25.913852,4.65E+04,0080,39.0,22.0,39.7,27.0,98.5,70.8,1.882,37,FULL (2877),1000.0,1.0,70847377,115922,112567,NOTREADY
2024-02-08 12:26:26.915158,4.68E+04,0080,39.0,22.0,39.7,27.0,98.6,70.6,1.882,37,FULL (2875),1000.0,1.0,70847377,116874,113135,NOTREADY
2024-02-08 12:26:27.919842,4.64E+04,0080,39.0,22.0,39.7,27.0,98.5,70.5,1.882,37,FULL (2875),1000.0,1.0,70847377,117071,113413,NOTREADY
2024-02-08 12:26:28.911219,4.70E+04,0080,39.0,22.0,39.6,27.0,98.5,70.5,1.884,37,FULL (2875),1000.0,1.0,70847377,117341,113419,NOTREADY
2024-02-08 12:26:29.911636,4.54E+04,0080,39.0,22.0,39.6,27.0,98.5,70.4,1.882,37,FULL (2877),1000.0,1.0,70847377,115594,111815,NOTREADY
2024-02-08 12:26:30.911541,4.57E+04,0080,39.0,22.0,39.6,27.0,98.5,70.3,1.884,37,FULL (2875),1000.0,1.0,70847377,115512,111789,NOTREADY
2024-02-08 12:26:31.913138,4.70E+04,0080,39.0,22.0,39.6,27.0,98.5,70.2,1.882,37,FULL (2875),1000.0,1.0,70847377,115535,111856,NOTREADY
2024-02-08 12:26:32.915342,4.69E+04,0080,39.0,22.0,39.5,27.0,98.5,70.2,1.882,37,FULL (2874),1000.0,1.0,70847377,115711,112145,NOTREADY
2024-02-08 12:26:33.915219,4.59E+04,0080,39.0,22.0,39.5,27.0,98.5,70.1,1.882,37,FULL (2874),1000.0,1.0,70847377,114435,110614,NOTREADY
2024-02-08 12:26:34.920478,4.63E+04,0080,39.0,22.0,39.5,27.0,98.6,70.0,1.882,37,FULL (2874),1000.0,1.0,70847377,114952,111314,NOTREADY
2024-02-08 12:26:35.909769,4.58E+04,0080,39.0,22.0,39.5,27.0,98.5,69.8,1.882,37,FULL (2873),1000.0,1.0,70847377,116665,112953,NOTREADY
2024-02-08 12:26:36.909710,4.81E+04,0080,39.0,22.0,39.5,27.0,98.5,69.8,1.882,37,FULL (2874),1000.0,1.0,70847377,118025,114366,NOTREADY
2024-02-08 12:26:37.910322,4.77E+04,0080,39.0,22.0,39.5,27.0,98.5,69.7,1.880,37,FULL (2872),1000.0,1.0,70847377,117606,113757,NOTREADY
2024-02-08 12:26:38.915267,4.84E+04,0080,39.0,22.0,39.5,27.0,98.6,69.6,1.882,37,FULL (2872),1000.0,1.0,70847377,119144,115312,NOTREADY
2024-02-08 12:26:39.917155,4.81E+04,0080,39.0,22.0,39.6,27.0,98.5,69.5,1.880,37,FULL (2871),1000.0,1.0,70847377,118970,115202,NOTREADY
2024-02-08 12:26:40.911104,4.72E+04,0080,39.0,22.0,39.6,27.0,98.5,69.5,1.880,37,FULL (2871),1000.0,1.0,70847377,119904,115863,NOTREADY
2024-02-08 12:26:41.910952,4.79E+04,0080,39.0,22.0,39.6,27.0,98.6,69.4,1.880,37,FULL (2870),1000.0,1.0,70847377,119284,115407,NOTREADY
2024-02-08 12:26:42.912037,4.76E+04,0080,39.0,22.0,39.6,26.9,98.5,69.3,1.882,37,FULL (2870),1000.0,1.0,70847377,118900,115126,NOTREADY
2024-02-08 12:26:43.911832,4.94E+04,0080,39.0,22.0,39.7,26.9,98.5,70.4,1.880,37,FULL (2869),1000.0,1.0,70847377,120499,117042,NOTREADY
2024-02-08 12:26:44.917791,4.98E+04,0080,39.0,22.0,39.7,26.9,98.5,72.7,1.880,37,FULL (2868),1000.0,1.0,70847377,123400,119099,NOTREADY
2024-02-08 12:26:45.923789,4.94E+04,0080,39.0,22.0,39.7,26.9,98.5,73.7,1.880,37,FULL (2869),1000.0,1.0,70847377,124739,120531,NOTREADY
2024-02-08 12:26:46.909802,4.91E+04,0080,39.0,22.0,39.7,26.9,98.5,74.7,1.880,37,FULL (2868),1000.0,1.0,70847377,123599,119445,NOTREADY
2024-02-08 12:26:47.909754,5.01E+04,0080,39.0,22.0,39.7,26.9,98.5,75.6,1.878,37,FULL (2868),1000.0,1.0,70847377,124742,120605,NOTREADY
2024-02-08 12:26:48.910111,4.94E+04,0080,39.0,22.0,39.7,26.9,98.5,76.3,1.880,37,FULL (2867),1000.0,1.0,70847377,124218,119918,NOTREADY
2024-02-08 12:26:49.910516,4.86E+04,0080,39.0,22.0,39.7,26.9,98.5,77.0,1.880,37,FULL (2866),1000.0,1.0,70847377,123236,118896,NOTREADY
2024-02-08 12:26:50.914775,4.90E+04,0080,39.0,22.0,39.8,26.9,98.5,77.6,1.880,37,FULL (2866),1000.0,1.0,70847377,122170,118047,NOTREADY
2024-02-08 12:26:51.914555,4.89E+04,0080,39.0,22.0,39.8,26.9,98.5,78.1,1.880,37,FULL (2866),1000.0,1.0,70847377,121433,117585,NOTREADY
2024-02-08 12:26:52.914330,4.82E+04,0080,39.0,22.0,39.9,26.9,98.5,78.5,1.878,37,FULL (2865),1000.0,1.0,70847377,120345,116162,NOTREADY
2024-02-08 12:26:53.917752,4.87E+04,0080,39.0,22.0,39.9,26.9,98.6,79.3,1.880,37,FULL (2865),1000.0,1.0,70847377,118910,115182,NOTREADY
2024-02-08 12:26:54.918865,4.73E+04,0080,39.0,22.0,40.0,26.9,98.5,79.6,1.880,37,FULL (2865),1000.0,1.0,70847377,120964,116985,NOTREADY
2024-02-08 12:26:55.922242,4.92E+04,0080,39.0,22.0,40.0,26.9,98.5,79.9,1.878,37,FULL (2863),1000.0,1.0,70847377,122169,118113,NOTREADY
2024-02-08 12:26:56.922318,5.02E+04,0080,39.0,22.0,40.1,26.9,98.5,80.2,1.880,37,FULL (2862),1000.0,1.0,70847377,123717,119578,NOTREADY
2024-02-08 12:26:57.923242,4.98E+04,0080,39.0,22.0,40.1,26.9,98.6,80.5,1.880,37,FULL (2862),1000.0,1.0,70847377,123695,119553,NOTREADY
2024-02-08 12:26:58.923323,4.95E+04,0080,39.0,22.0,40.1,26.9,98.5,80.7,1.880,37,FULL (2862),1000.0,1.0,70847377,123040,118936,NOTREADY
2024-02-08 12:26:59.911447,4.89E+04,0080,39.0,22.0,40.2,26.9,98.5,80.9,1.880,37,FULL (2861),1000.0,1.0,70847377,122848,118983,NOTREADY
2024-02-08 12:27:00.917049,4.92E+04,0080,39.0,22.0,40.2,26.9,98.5,81.1,1.880,37,FULL (2860),1000.0,1.0,70847377,124740,120677,NOTREADY
2024-02-08 12:27:01.918341,4.97E+04,0080,39.0,22.0,40.3,26.9,98.5,81.2,1.878,37,FULL (2860),1000.0,1.0,70847377,122891,118797,NOTREADY
2024-02-08 12:27:02.915424,4.93E+04,0080,39.0,22.0,40.3,26.9,98.5,81.5,1.878,37,FULL (2861),1000.0,1.0,70847377,122628,118544,NOTREADY
2024-02-08 12:27:03.920435,4.82E+04,0080,39.0,22.0,40.3,26.9,98.5,81.6,1.878,37,FULL (2860),1000.0,1.0,70847377,122319,117928,NOTREADY
2024-02-08 12:27:04.920582,4.82E+04,0080,39.0,22.0,40.4,26.9,98.5,81.6,1.878,37,FULL (2860),1000.0,1.0,70847377,120442,116492,NOTREADY
2024-02-08 12:27:05.909947,4.90E+04,0080,39.0,22.0,40.4,26.9,98.6,81.7,1.880,37,FULL (2859),1000.0,1.0,70847377,123191,119140,NOTREADY
2024-02-08 12:27:06.912724,4.92E+04,0080,39.0,22.0,40.4,26.9,98.6,81.8,1.878,37,FULL (2858),1000.0,1.0,70847377,123691,119502,NOTREADY
2024-02-08 12:27:07.915832,4.92E+04,0080,39.0,22.0,40.4,26.9,98.5,81.8,1.878,37,FULL (2858),1000.0,1.0,70847377,123263,119455,NOTREADY
2024-02-08 12:27:08.920579,4.89E+04,0080,39.0,22.0,40.5,26.9,98.5,81.9,1.878,37,FULL (2857),1000.0,1.0,70847377,124027,119652,NOTREADY
2024-02-08 12:27:09.912582,4.96E+04,0080,39.0,22.0,40.5,26.9,98.6,82.0,1.878,37,FULL (2857),1000.0,1.0,70847377,123462,119599,NOTREADY
2024-02-08 12:27:10.912993,4.99E+04,0080,39.0,22.0,40.5,26.9,98.6,82.0,1.878,37,FULL (2856),1000.0,1.0,70847377,124419,120195,NOTREADY
2024-02-08 12:27:11.916397,4.97E+04,0080,39.0,22.0,40.5,27.0,98.5,82.1,1.880,37,FULL (2856),1000.0,1.0,70847377,124233,120194,NOTREADY
2024-02-08 12:27:12.911761,4.92E+04,0080,39.0,22.0,40.5,27.0,98.5,82.1,1.882,37,FULL (2855),1000.0,1.0,70847377,124689,120171,NOTREADY
2024-02-08 12:27:13.921726,4.88E+04,0080,39.0,22.0,40.5,26.9,98.5,82.2,1.880,37,FULL (2855),1000.0,1.0,70847377,123424,119308,NOTREADY
2024-02-08 12:27:14.922117,4.84E+04,0080,39.0,22.0,40.5,27.0,98.5,82.2,1.878,37,FULL (2854),1000.0,1.0,70847377,123107,118947,NOTREADY
2024-02-08 12:27:15.914710,4.84E+04,0080,39.0,22.0,40.5,26.9,98.5,82.2,1.878,37,FULL (2853),1000.0,1.0,70847377,120418,116512,NOTREADY
2024-02-08 12:27:16.915818,4.85E+04,0080,39.0,22.0,40.5,27.0,98.6,82.2,1.878,37,FULL (2852),1000.0,1.0,70847377,122231,118465,NOTREADY
2024-02-08 12:27:17.915852,4.76E+04,0080,39.0,22.0,40.5,26.9,98.5,82.3,1.882,37,FULL (2852),1000.0,1.0,70847377,121048,116746,NOTREADY
2024-02-08 12:27:18.916578,4.75E+04,0080,39.0,22.0,40.5,27.0,98.6,82.3,1.880,37,FULL (2852),1000.0,1.0,70847377,119294,115151,NOTREADY
2024-02-08 12:27:19.919530,4.87E+04,0080,39.0,22.0,40.5,26.9,98.6,82.3,1.880,37,FULL (2851),1000.0,1.0,70847377,119588,116233,NOTREADY
2024-02-08 12:27:20.921201,4.93E+04,0080,39.0,22.0,40.5,27.0,98.5,82.3,1.880,37,FULL (2851),1000.0,1.0,70847377,122518,118457,NOTREADY
2024-02-08 12:27:21.912001,4.87E+04,0080,39.0,22.0,40.4,26.9,98.5,82.3,1.880,37,FULL (2851),1000.0,1.0,70847377,120902,116771,NOTREADY
2024-02-08 12:27:22.913453,4.86E+04,0080,39.0,22.0,40.4,26.9,98.6,82.3,1.880,37,FULL (2850),1000.0,1.0,70847377,119450,115574,NOTREADY
2024-02-08 12:27:23.913602,4.73E+04,0080,39.0,22.0,40.4,26.9,98.5,82.3,1.880,37,FULL (2849),1000.0,1.0,70847377,118865,114592,NOTREADY
2024-02-08 12:27:24.925124,4.80E+04,0080,39.0,22.0,40.3,26.9,98.5,82.3,1.880,37,FULL (2850),1000.0,1.0,70847377,119309,115435,NOTREADY
2024-02-08 12:27:25.911051,4.78E+04,0080,39.0,22.0,40.3,26.9,98.6,82.3,1.882,37,FULL (2847),1000.0,1.0,70847377,119543,115652,NOTREADY
2024-02-08 12:27:26.912256,4.81E+04,0080,39.0,22.0,40.2,26.9,98.5,82.3,1.882,37,FULL (2848),1000.0,1.0,70847377,120579,116562,NOTREADY
2024-02-08 12:27:27.913301,4.78E+04,0080,39.0,22.0,40.2,27.0,98.5,82.3,1.882,37,FULL (2848),1000.0,1.0,70847377,118798,114933,NOTREADY
2024-02-08 12:27:28.914171,4.82E+04,0080,39.0,22.0,40.2,26.9,98.6,82.4,1.882,37,FULL (2846),1000.0,1.0,70847377,121168,117391,NOTREADY
2024-02-08 12:27:29.914213,4.92E+04,0080,39.0,22.0,40.1,27.0,98.6,82.3,1.882,37,FULL (2845),1000.0,1.0,70847377,122404,118706,NOTREADY
2024-02-08 12:27:30.917004,4.99E+04,0080,39.0,22.0,40.1,26.9,98.5,82.3,1.882,37,FULL (2843),1000.0,1.0,70847377,123374,119152,NOTREADY
2024-02-08 12:27:31.917967,4.98E+04,0080,39.0,22.0,40.0,26.9,98.6,82.3,1.882,37,FULL (2844),1000.0,1.0,70847377,124424,120269,NOTREADY
2024-02-08 12:27:32.922743,4.85E+04,0080,39.0,22.0,40.0,26.9,98.5,82.3,1.882,37,FULL (2843),1000.0,1.0,70847377,122471,118416,NOTREADY
2024-02-08 12:27:33.924021,4.93E+04,0080,39.0,22.0,39.9,27.0,98.5,82.3,1.884,37,FULL (2843),1000.0,1.0,70847377,122904,118824,NOTREADY
2024-02-08 12:27:34.912035,4.87E+04,0080,39.0,22.0,39.9,26.9,98.5,82.3,1.882,37,FULL (2844),1000.0,1.0,70847377,120814,116712,NOTREADY
2024-02-08 12:27:35.916604,4.76E+04,0080,39.0,22.0,39.8,26.9,98.5,82.3,1.882,37,FULL (2842),1000.0,1.0,70847377,120904,116895,NOTREADY
2024-02-08 12:27:36.924177,4.81E+04,0080,39.0,22.0,39.8,26.9,98.5,82.3,1.882,37,FULL (2842),1000.0,1.0,70847377,120572,116621,NOTREADY
2024-02-08 12:27:37.912729,4.90E+04,0080,39.0,22.0,39.7,26.9,98.6,82.3,1.882,37,FULL (2840),1000.0,1.0,70847377,121944,117938,NOTREADY
2024-02-08 12:27:38.915704,4.85E+04,0080,39.0,22.0,39.7,27.0,98.5,82.3,1.884,37,FULL (2841),1000.0,1.0,70847377,122642,118483,NOTREADY
2024-02-08 12:27:39.915570,4.90E+04,0080,39.0,22.0,39.6,26.9,98.6,82.2,1.882,37,FULL (2839),1000.0,1.0,70847377,123077,118838,NOTREADY
2024-02-08 12:27:40.918517,4.88E+04,0080,39.0,22.0,39.6,27.0,98.5,82.2,1.884,37,FULL (2839),1000.0,1.0,70847377,120848,116970,NOTREADY
2024-02-08 12:27:41.921513,4.95E+04,0080,39.0,22.0,39.6,27.0,98.6,82.2,1.882,37,FULL (2838),1000.0,1.0,70847377,122430,118363,NOTREADY
2024-02-08 12:27:42.914551,4.86E+04,0080,39.0,22.0,39.6,26.9,98.5,82.2,1.882,37,FULL (2839),1000.0,1.0,70847377,122301,118131,NOTREADY
2024-02-08 12:27:43.914737,4.90E+04,0080,39.0,22.0,39.6,26.9,98.6,82.2,1.884,37,FULL (2837),1000.0,1.0,70847377,120750,116596,NOTREADY
2024-02-08 12:27:44.916326,4.80E+04,0080,39.0,22.0,39.6,26.9,98.5,82.2,1.882,37,FULL (2836),1000.0,1.0,70847377,119464,115651,NOTREADY
2024-02-08 12:27:45.916978,4.74E+04,0080,39.0,22.0,39.6,26.9,98.6,82.2,1.882,37,FULL (2836),1000.0,1.0,70847377,119059,114908,NOTREADY
2024-02-08 12:27:46.924479,4.75E+04,0080,39.0,22.0,39.6,26.9,98.5,82.2,1.882,37,FULL (2836),1000.0,1.0,70847377,118868,115008,NOTREADY
2024-02-08 12:27:47.911942,4.77E+04,0080,39.0,22.0,39.6,26.9,98.5,82.1,1.882,37,FULL (2835),1000.0,1.0,70847377,118943,115060,NOTREADY
2024-02-08 12:27:48.915200,4.69E+04,0080,39.0,22.0,39.6,26.9,98.6,82.1,1.882,37,FULL (2835),1000.0,1.0,70847377,118136,114166,NOTREADY
2024-02-08 12:27:49.915005,4.75E+04,0080,39.0,22.0,39.6,26.9,98.6,82.1,1.880,37,FULL (2834),1000.0,1.0,70847377,119002,115294,NOTREADY
2024-02-08 12:27:50.918282,4.76E+04,0080,39.0,22.0,39.6,26.9,98.5,82.1,1.882,37,FULL (2834),1000.0,1.0,70847377,118708,114923,NOTREADY
2024-02-08 12:27:51.921286,4.79E+04,0080,39.0,22.0,39.6,26.9,98.5,82.1,1.880,37,FULL (2833),1000.0,1.0,70847377,118541,114539,NOTREADY
2024-02-08 12:27:52.915242,4.65E+04,0080,39.0,22.0,39.6,26.9,98.5,82.1,1.882,37,FULL (2832),1000.0,1.0,70847377,116929,113103,NOTREADY
2024-02-08 12:27:53.919523,4.59E+04,0080,39.0,22.0,39.6,26.9,98.5,82.1,1.882,37,FULL (2832),1000.0,1.0,70847377,116404,112488,NOTREADY
2024-02-08 12:27:54.921889,4.72E+04,0080,39.0,22.0,39.6,26.9,98.5,82.0,1.882,37,FULL (2830),1000.0,1.0,70847377,116598,113192,NOTREADY
2024-02-08 12:27:55.922576,4.73E+04,0080,39.0,22.0,39.6,26.9,98.5,82.1,1.880,37,FULL (2830),1000.0,1.0,70847377,118518,114682,NOTREADY
2024-02-08 12:27:56.912350,4.73E+04,0080,39.0,22.0,39.6,26.9,98.5,82.0,1.880,37,FULL (2829),1000.0,1.0,70847377,119213,115432,NOTREADY
2024-02-08 12:27:57.924021,4.78E+04,0080,39.0,22.0,39.6,26.9,98.6,82.0,1.880,37,FULL (2828),1000.0,1.0,70847377,119858,116113,NOTREADY
2024-02-08 12:27:58.924138,4.74E+04,0080,39.0,22.0,39.7,27.0,98.5,82.0,1.880,37,FULL (2828),1000.0,1.0,70847377,120136,116155,NOTREADY
2024-02-08 12:27:59.909178,4.81E+04,0080,39.0,22.0,39.7,26.9,98.6,82.0,1.880,37,FULL (2827),1000.0,1.0,70847377,121490,117338,NOTREADY
2024-02-08 12:28:00.912210,4.83E+04,0080,39.0,22.0,39.7,26.9,98.5,82.0,1.880,37,FULL (2827),1000.0,1.0,70847377,120107,116243,NOTREADY
2024-02-08 12:28:01.913424,4.80E+04,0080,39.0,22.0,39.7,27.0,98.5,82.0,1.880,37,FULL (2827),1000.0,1.0,70847377,120632,116732,NOTREADY
2024-02-08 12:28:02.914369,4.65E+04,0080,39.0,22.0,39.7,26.9,98.5,82.0,1.880,37,FULL (2825),1000.0,1.0,70847377,117539,113564,NOTREADY
2024-02-08 12:28:03.914671,4.61E+04,0080,39.0,22.0,39.7,26.9,98.5,82.0,1.880,37,FULL (2824),1000.0,1.0,70847377,116851,112687,NOTREADY
2024-02-08 12:28:04.925050,4.57E+04,0080,39.0,22.0,39.8,27.0,98.5,82.0,1.880,37,FULL (2824),1000.0,1.0,70847377,114913,111440,NOTREADY
2024-02-08 12:28:05.911190,4.50E+04,0080,39.0,22.0,39.8,27.0,98.5,82.0,1.878,37,FULL (2824),1000.0,1.0,70847377,115072,111328,NOTREADY
2024-02-08 12:28:06.912337,4.67E+04,0080,39.0,22.0,39.9,27.0,98.5,82.0,1.880,37,FULL (2824),1000.0,1.0,70847377,115273,111646,NOTREADY
2024-02-08 12:28:07.914175,4.67E+04,0080,39.0,22.0,39.9,27.0,98.6,82.0,1.880,37,FULL (2823),1000.0,1.0,70847377,115527,111974,NOTREADY
2024-02-08 12:28:08.918655,4.68E+04,0080,39.0,22.0,40.0,27.0,98.5,82.0,1.880,37,FULL (2821),1000.0,1.0,70847377,115739,111995,NOTREADY
2024-02-08 12:28:09.922969,4.72E+04,0080,39.0,22.0,40.0,27.0,98.6,82.0,1.880,37,FULL (2822),1000.0,1.0,70847377,116176,112639,NOTREADY
2024-02-08 12:28:10.909363,4.65E+04,0080,39.0,22.0,40.0,27.0,98.5,82.0,1.880,37,FULL (2820),1000.0,1.0,70847377,116592,112697,NOTREADY
2024-02-08 12:28:11.914986,4.69E+04,0080,39.0,22.0,40.1,27.0,98.6,82.0,1.878,37,FULL (2820),1000.0,1.0,70847377,116274,112566,NOTREADY
2024-02-08 12:28:12.911599,4.73E+04,0080,39.0,22.0,40.1,27.0,98.5,81.9,1.878,37,FULL (2819),1000.0,1.0,70847377,117218,113144,NOTREADY
2024-02-08 12:28:13.910919,4.61E+04,0080,39.0,22.0,40.1,27.0,98.5,81.9,1.880,37,FULL (2818),1000.0,1.0,70847377,115628,112243,NOTREADY
2024-02-08 12:28:14.920298,4.63E+04,0080,39.0,22.0,40.1,27.0,98.5,81.9,1.878,37,FULL (2818),1000.0,1.0,70847377,116043,112427,NOTREADY
2024-02-08 12:28:15.918528,4.75E+04,0080,39.0,22.0,40.2,27.0,98.5,81.9,1.878,37,FULL (2816),1000.0,1.0,70847377,119156,115576,NOTREADY
2024-02-08 12:28:16.910633,4.87E+04,0080,39.0,22.0,40.2,27.0,98.5,81.9,1.875,37,FULL (2817),1000.0,1.0,70847377,121135,117120,NOTREADY
2024-02-08 12:28:17.923282,4.80E+04,0080,39.0,22.0,40.2,27.0,98.5,81.9,1.878,37,FULL (2816),1000.0,1.0,70847377,121320,117283,NOTREADY
2024-02-08 12:28:18.911978,4.77E+04,0080,39.0,22.0,40.2,27.0,98.5,81.9,1.878,37,FULL (2816),1000.0,1.0,70847377,119954,116031,NOTREADY
2024-02-08 12:28:19.917248,4.82E+04,0080,39.0,22.0,40.3,27.0,98.5,81.8,1.878,37,FULL (2814),1000.0,1.0,70847377,120244,116392,NOTREADY
2024-02-08 12:28:20.918835,4.74E+04,0080,39.0,22.0,40.3,27.0,98.5,81.8,1.878,37,FULL (2814),1000.0,1.0,70847377,120141,116369,NOTREADY
2024-02-08 12:28:21.912053,4.80E+04,0080,39.0,22.0,40.3,27.0,98.5,81.8,1.878,37,FULL (2813),1000.0,1.0,70847377,120845,116589,NOTREADY
2024-02-08 12:28:22.914144,4.87E+04,0080,39.0,22.0,40.3,27.0,98.5,81.8,1.878,37,FULL (2813),1000.0,1.0,70847377,120583,116819,NOTREADY
2024-02-08 12:28:23.916433,4.85E+04,0080,39.0,22.0,40.3,27.0,98.5,81.8,1.878,37,FULL (2813),1000.0,1.0,70847377,121196,117453,NOTREADY
2024-02-08 12:28:24.909980,4.88E+04,0080,39.0,22.0,40.3,27.0,98.5,81.8,1.875,37,FULL (2812),1000.0,1.0,70847377,122054,118247,NOTREADY
2024-02-08 12:28:25.924325,4.71E+04,0080,39.0,22.0,40.4,27.0,98.5,81.8,1.878,37,FULL (2811),1000.0,1.0,70847377,119822,115491,NOTREADY
2024-02-08 12:28:26.914405,4.77E+04,0080,39.0,22.0,40.4,27.0,98.5,81.8,1.878,37,FULL (2810),1000.0,1.0,70847377,118598,114834,NOTREADY
2024-02-08 12:28:27.915674,4.74E+04,0080,39.0,22.0,40.4,27.0,98.5,81.8,1.878,37,FULL (2809),1000.0,1.0,70847377,118896,115181,NOTREADY
2024-02-08 12:28:28.921507,4.80E+04,0080,39.0,22.0,40.5,27.0,98.5,81.8,1.878,37,FULL (2809),1000.0,1.0,70847377,119304,115424,NOTREADY
2024-02-08 12:28:29.911853,4.81E+04,0080,39.0,22.0,40.5,27.0,98.5,81.8,1.878,37,FULL (2808),1000.0,1.0,70847377,119211,115414,NOTREADY
2024-02-08 12:28:30.915113,4.71E+04,0080,39.0,22.0,40.5,27.0,98.5,81.8,1.880,37,FULL (2807),1000.0,1.0,70847377,119332,115588,NOTREADY
2024-02-08 12:28:31.921974,4.76E+04,0080,39.0,22.0,40.5,27.0,98.5,81.8,1.878,37,FULL (2806),1000.0,1.0,70847377,119956,115875,NOTREADY
2024-02-08 12:28:32.923224,4.81E+04,0080,39.0,22.0,40.4,27.0,98.5,81.7,1.878,37,FULL (2806),1000.0,1.0,70847377,119935,116073,NOTREADY
2024-02-08 12:28:33.924278,4.70E+04,0080,39.0,22.0,40.4,27.0,98.5,81.7,1.880,37,FULL (2805),1000.0,1.0,70847377,118998,115138,NOTREADY
2024-02-08 12:28:34.912292,4.70E+04,0080,39.0,22.0,40.4,27.0,98.6,81.7,1.880,37,FULL (2804),1000.0,1.0,70847377,117947,113963,NOTREADY
2024-02-08 12:28:35.917407,4.64E+04,0080,39.0,22.0,40.3,27.0,98.5,81.7,1.878,37,FULL (2803),1000.0,1.0,70847377,116195,112602,NOTREADY
2024-02-08 12:28:36.917228,4.59E+04,0080,39.0,22.0,40.3,27.0,98.5,81.7,1.880,37,FULL (2802),1000.0,1.0,70847377,114987,111360,NOTREADY
2024-02-08 12:28:37.915229,4.59E+04,0080,39.0,22.0,40.2,27.0,98.5,81.7,1.880,37,FULL (2803),1000.0,1.0,70847377,114577,111058,NOTREADY
2024-02-08 12:28:38.923444,4.50E+04,0080,39.0,22.0,40.2,27.0,98.5,81.7,1.878,37,FULL (2802),1000.0,1.0,70847377,114621,110992,NOTREADY
2024-02-08 12:28:39.913426,4.67E+04,0080,39.0,22.0,40.2,27.1,98.6,81.7,1.880,37,FULL (2802),1000.0,1.0,70847377,115076,111435,NOTREADY
2024-02-08 12:28:40.915278,4.57E+04,0080,39.0,22.0,40.2,27.0,98.5,81.7,1.880,37,FULL (2800),1000.0,1.0,70847377,114547,111106,NOTREADY
2024-02-08 12:28:41.909740,4.59E+04,0080,39.0,22.0,40.2,27.0,98.5,81.6,1.880,37,FULL (2797),1000.0,1.0,70847377,115404,111484,NOTREADY
2024-02-08 12:28:42.910844,4.53E+04,0080,39.0,22.0,40.1,27.1,98.5,81.6,1.880,37,FULL (2798),1000.0,1.0,70847377,113314,109995,NOTREADY
2024-02-08 12:28:43.919337,4.51E+04,0080,39.0,22.0,40.1,27.1,98.5,81.6,1.880,37,FULL (2798),1000.0,1.0,70847377,113288,109401,NOTREADY
2024-02-08 12:28:44.924252,4.51E+04,0080,39.0,22.0,40.1,27.1,98.6,81.6,1.880,37,FULL (2797),1000.0,1.0,70847377,112325,109029,NOTREADY
2024-02-08 12:28:45.912137,4.50E+04,0080,39.0,22.0,40.1,27.1,98.5,81.6,1.880,37,FULL (2796),1000.0,1.0,70847377,112997,109421,NOTREADY
2024-02-08 12:28:46.916529,4.48E+04,0080,39.0,22.0,40.1,27.1,98.5,81.6,1.878,37,FULL (2796),1000.0,1.0,70847377,112564,109075,NOTREADY
2024-02-08 12:28:47.913183,4.55E+04,0080,39.0,22.0,40.0,27.1,98.5,81.5,1.880,37,FULL (2795),1000.0,1.0,70847377,114738,111071,NOTREADY
2024-02-08 12:28:48.913468,4.57E+04,0080,39.0,22.0,40.0,27.1,98.5,81.5,1.880,37,FULL (2794),1000.0,1.0,70847377,114182,110864,NOTREADY
2024-02-08 12:28:49.917262,4.59E+04,0080,39.0,22.0,40.0,27.1,98.5,81.5,1.882,37,FULL (2793),1000.0,1.0,70847377,114896,111241,NOTREADY
2024-02-08 12:28:50.918704,4.61E+04,0080,39.0,22.0,40.0,27.1,98.5,81.5,1.882,37,FULL (2794),1000.0,1.0,70847377,114769,111134,NOTREADY
2024-02-08 12:28:51.918422,4.60E+04,0080,39.0,22.0,39.9,27.1,98.5,81.5,1.882,37,FULL (2792),1000.0,1.0,70847377,114106,110313,NOTREADY
2024-02-08 12:28:52.910149,4.57E+04,0080,39.0,22.0,39.9,27.1,98.5,81.5,1.880,37,FULL (2788),1000.0,1.0,70847377,113189,109714,NOTREADY
2024-02-08 12:28:53.919105,4.36E+04,0080,39.0,22.0,39.9,27.1,98.5,81.4,1.882,37,FULL (2787),1000.0,1.0,70847377,109818,106180,NOTREADY
2024-02-08 12:28:54.909215,4.41E+04,0080,39.0,22.0,39.9,27.1,98.5,81.4,1.880,37,FULL (2789),1000.0,1.0,70847377,109864,106309,NOTREADY
2024-02-08 12:28:55.910025,4.39E+04,0080,39.0,22.0,39.9,27.1,98.5,81.4,1.880,37,FULL (2788),1000.0,1.0,70847377,108953,105694,NOTREADY
2024-02-08 12:28:56.912786,4.41E+04,0080,39.0,22.0,39.9,27.1,98.5,81.4,1.882,37,FULL (2788),1000.0,1.0,70847377,110814,107496,NOTREADY
2024-02-08 12:28:57.916813,4.43E+04,0080,39.0,22.0,39.9,27.1,98.5,81.4,1.882,37,FULL (2787),1000.0,1.0,70847377,110241,106937,NOTREADY
2024-02-08 12:28:58.918317,4.45E+04,0080,39.0,22.0,39.9,27.1,98.5,81.4,1.882,37,FULL (2786),1000.0,1.0,70847377,112121,108726,NOTREADY
2024-02-08 12:28:59.920202,4.51E+04,0080,39.0,22.0,39.9,27.1,98.5,81.4,1.882,37,FULL (2786),1000.0,1.0,70847377,111607,108409,NOTREADY
2024-02-08 12:29:00.920857,4.56E+04,0080,39.0,22.0,39.9,27.1,98.5,81.4,1.880,37,FULL (2784),1000.0,1.0,70847377,113186,109691,NOTREADY
2024-02-08 12:29:01.924050,4.51E+04,0080,39.0,22.0,39.8,27.1,98.5,81.4,1.882,37,FULL (2784),1000.0,1.0,70847377,112551,109014,NOTREADY
2024-02-08 12:29:02.909898,4.60E+04,0080,39.0,22.0,39.9,27.1,98.5,81.4,1.880,37,FULL (2783),1000.0,1.0,70847377,113027,109490,NOTREADY
2024-02-08 12:29:03.909883,4.47E+04,0080,39.0,22.0,39.8,27.1,98.5,81.4,1.882,37,FULL (2781),1000.0,1.0,70847377,111176,107587,NOTREADY
2024-02-08 12:29:04.916512,4.43E+04,0080,39.0,22.0,39.8,27.1,98.6,81.4,1.880,37,FULL (2781),1000.0,1.0,70847377,111729,108537,NOTREADY
2024-02-08 12:29:05.918411,4.57E+04,0080,39.0,22.0,39.8,27.1,98.5,81.4,1.880,37,FULL (2779),1000.0,1.0,70847377,113930,110457,NOTREADY
2024-02-08 12:29:06.918406,4.60E+04,0080,39.0,22.0,39.8,27.1,98.5,81.4,1.882,37,FULL (2778),1000.0,1.0,70847377,115098,111450,NOTREADY
2024-02-08 12:29:07.922973,4.55E+04,0080,39.0,22.0,39.7,27.1,98.5,81.4,1.882,37,FULL (2777),1000.0,1.0,70847377,114343,110869,NOTREADY
2024-02-08 12:29:08.923821,4.60E+04,0080,39.0,22.0,39.7,27.1,98.5,81.4,1.882,37,FULL (2776),1000.0,1.0,70847377,114613,110843,NOTREADY
2024-02-08 12:29:09.915601,4.60E+04,0080,39.0,22.0,39.7,27.1,98.5,81.4,1.880,37,FULL (2775),1000.0,1.0,70847377,113799,110052,NOTREADY
2024-02-08 12:29:10.915768,4.51E+04,0080,39.0,22.0,39.7,27.1,98.5,81.4,1.880,37,FULL (2774),1000.0,1.0,70847377,113945,110511,NOTREADY
2024-02-08 12:29:11.922025,4.61E+04,0080,39.0,22.0,39.7,27.1,98.5,81.5,1.880,37,FULL (2775),1000.0,1.0,70847377,114967,111263,NOTREADY
2024-02-08 12:29:12.922857,4.63E+04,0080,39.0,22.0,39.8,27.1,98.5,81.5,1.880,37,FULL (2774),1000.0,1.0,70847377,114796,111350,NOTREADY
2024-02-08 12:29:13.911301,4.61E+04,0080,39.0,22.0,39.8,27.1,98.5,81.5,1.880,37,FULL (2771),1000.0,1.0,70847377,115777,112102,NOTREADY
2024-02-08 12:29:14.912795,4.66E+04,0080,39.0,22.0,39.8,27.1,98.5,81.5,1.880,37,FULL (2771),1000.0,1.0,70847377,116504,112735,NOTREADY
2024-02-08 12:29:15.917813,4.61E+04,0080,39.0,22.0,39.8,27.1,98.5,81.5,1.882,37,FULL (2770),1000.0,1.0,70847377,115803,112440,NOTREADY
2024-02-08 12:29:16.922223,4.68E+04,0080,39.0,22.0,39.8,27.1,98.5,81.5,1.882,37,FULL (2769),1000.0,1.0,70847377,116994,113220,NOTREADY
2024-02-08 12:29:17.923929,4.65E+04,0080,39.0,22.0,39.8,27.1,98.5,81.5,1.878,37,FULL (2768),1000.0,1.0,70847377,116846,112799,NOTREADY
2024-02-08 12:29:18.914338,4.71E+04,0080,39.0,22.0,39.9,27.1,98.5,81.5,1.880,37,FULL (2767),1000.0,1.0,70847377,116971,113541,NOTREADY
2024-02-08 12:29:19.917283,4.71E+04,0080,39.0,22.0,39.9,27.1,98.5,81.5,1.878,37,FULL (2765),1000.0,1.0,70847377,117361,113507,NOTREADY
2024-02-08 12:29:20.922954,4.72E+04,0080,39.0,22.0,39.9,27.1,98.5,81.5,1.880,37,FULL (2763),1000.0,1.0,70847377,116996,112979,NOTREADY
2024-02-08 12:29:21.910322,4.58E+04,0080,39.0,22.0,39.9,27.1,98.5,81.5,1.880,37,FULL (2763),1000.0,1.0,70847377,115204,111754,NOTREADY
2024-02-08 12:29:22.911563,4.55E+04,0080,39.0,22.0,39.9,27.1,98.5,81.5,1.880,37,FULL (2762),1000.0,1.0,70847377,115791,112044,NOTREADY
2024-02-08 12:29:23.913880,4.61E+04,0080,39.0,22.0,39.9,27.1,98.5,81.5,1.880,37,FULL (2761),1000.0,1.0,70847377,115276,111525,NOTREADY
2024-02-08 12:29:24.916518,4.67E+04,0080,39.0,22.0,39.9,27.1,98.5,81.5,1.880,37,FULL (2760),1000.0,1.0,70847377,115425,112138,NOTREADY
2024-02-08 12:29:25.921639,4.74E+04,0080,39.0,22.0,39.9,27.1,98.5,81.6,1.878,37,FULL (2758),1000.0,1.0,70847377,119846,116160,NOTREADY
2024-02-08 12:29:26.911161,4.80E+04,0080,39.0,22.0,40.0,27.1,98.5,81.6,1.878,37,FULL (2760),1000.0,1.0,70847377,119746,115756,NOTREADY
2024-02-08 12:29:27.915356,4.83E+04,0080,39.0,22.0,40.0,27.1,98.5,81.6,1.878,37,FULL (2756),1000.0,1.0,70847377,119908,116283,NOTREADY
2024-02-08 12:29:28.920936,4.81E+04,0080,39.0,22.0,40.0,27.1,98.5,81.6,1.878,37,FULL (2754),1000.0,1.0,70847377,121012,116924,NOTREADY
2024-02-08 12:29:29.909379,4.81E+04,0080,39.0,22.0,40.1,27.1,98.5,81.6,1.878,37,FULL (2753),1000.0,1.0,70847377,121027,116991,NOTREADY
2024-02-08 12:29:30.910056,4.91E+04,0080,39.0,22.0,40.1,27.1,98.5,81.6,1.878,37,FULL (2753),1000.0,1.0,70847377,121716,117757,NOTREADY
2024-02-08 12:29:31.919769,4.85E+04,0080,39.0,22.0,40.1,27.1,98.5,81.6,1.880,37,FULL (2751),1000.0,1.0,70847377,121993,118157,NOTREADY
2024-02-08 12:29:32.911330,4.90E+04,0080,39.0,22.0,40.1,27.1,98.5,81.7,1.878,37,FULL (2749),1000.0,1.0,70847377,123788,119577,NOTREADY
2024-02-08 12:29:33.910180,4.96E+04,0080,39.0,22.0,40.1,27.1,98.5,81.7,1.880,37,FULL (2747),1000.0,1.0,70847377,124392,120455,NOTREADY
2024-02-08 12:29:34.919800,5.00E+04,0080,39.0,22.0,40.2,27.2,98.5,81.7,1.878,37,FULL (2747),1000.0,1.0,70847377,124254,120063,NOTREADY
2024-02-08 12:29:35.924529,4.80E+04,0080,39.0,22.0,40.2,27.1,98.5,81.7,1.878,37,FULL (2746),1000.0,1.0,70847377,122938,118584,NOTREADY
2024-02-08 12:29:36.915692,4.88E+04,0080,39.0,22.0,40.2,27.1,98.5,81.7,1.878,37,FULL (2744),1000.0,1.0,70847377,122221,118064,NOTREADY
2024-02-08 12:29:37.911300,4.95E+04,0080,39.0,22.0,40.2,27.1,98.6,81.7,1.878,37,FULL (2743),1000.0,1.0,70847377,122069,118180,NOTREADY
2024-02-08 12:29:38.916837,4.85E+04,0080,39.0,22.0,40.2,27.1,98.6,81.7,1.880,37,FULL (2741),1000.0,1.0,70847377,121483,117262,NOTREADY
2024-02-08 12:29:39.923624,4.84E+04,0080,39.0,22.0,40.2,27.1,98.5,81.7,1.880,37,FULL (2740),1000.0,1.0,70847377,120838,116698,NOTREADY
2024-02-08 12:29:40.910176,4.67E+04,0080,39.0,22.0,40.2,27.1,98.5,81.7,1.878,37,FULL (2739),1000.0,1.0,70847377,118739,114855,NOTREADY
2024-02-08 12:29:41.916952,4.73E+04,0080,39.0,22.0,40.2,27.1,98.5,81.8,1.880,37,FULL (2737),1000.0,1.0,70847377,118876,115307,NOTREADY
2024-02-08 12:29:42.919691,4.78E+04,0080,39.0,22.0,40.2,27.1,98.5,81.8,1.880,37,FULL (2737),1000.0,1.0,70847377,120103,115985,NOTREADY
2024-02-08 12:29:43.911122,4.76E+04,0080,39.0,22.0,40.2,27.1,98.5,81.8,1.880,37,FULL (2735),1000.0,1.0,70847377,120513,116349,NOTREADY
2024-02-08 12:29:44.912227,4.72E+04,0080,39.0,22.0,40.2,27.1,98.5,81.8,1.880,37,FULL (2734),1000.0,1.0,70847377,118828,115130,NOTREADY
2024-02-08 12:29:45.922204,4.63E+04,0080,39.0,22.0,40.2,27.1,98.5,81.8,1.880,37,FULL (2733),1000.0,1.0,70847377,118224,114165,NOTREADY
2024-02-08 12:29:46.913928,4.75E+04,0080,39.0,22.0,40.2,27.1,98.5,81.8,1.880,37,FULL (2732),1000.0,1.0,70847377,117918,114205,NOTREADY
2024-02-08 12:29:47.921009,4.68E+04,0080,39.0,22.0,40.2,27.1,98.5,81.9,1.878,37,FULL (2731),1000.0,1.0,70847377,118198,114377,NOTREADY
2024-02-08 12:29:48.919183,4.63E+04,0080,39.0,22.0,40.2,27.1,98.5,81.9,1.880,37,FULL (2730),1000.0,1.0,70847377,115795,111936,NOTREADY
2024-02-08 12:29:49.911578,4.61E+04,0080,39.0,22.0,40.2,27.1,98.5,81.9,1.880,37,FULL (2730),1000.0,1.0,70847377,115563,111833,NOTREADY
2024-02-08 12:29:50.919079,4.59E+04,0080,39.0,22.0,40.2,27.1,98.5,82.0,1.880,37,FULL (2729),1000.0,1.0,70847377,115153,111563,NOTREADY
2024-02-08 12:29:51.910295,4.58E+04,0080,39.0,22.0,40.1,27.1,98.5,82.0,1.878,37,FULL (2728),1000.0,1.0,70847377,114943,111210,NOTREADY
2024-02-08 12:29:52.917117,4.63E+04,0080,39.0,22.0,40.1,27.1,98.5,82.0,1.880,37,FULL (2727),1000.0,1.0,70847377,114984,111509,NOTREADY
2024-02-08 12:29:53.921677,4.48E+04,0080,39.0,22.0,40.1,27.1,98.5,82.0,1.880,37,FULL (2726),1000.0,1.0,70847377,114030,110155,NOTREADY
2024-02-08 12:29:54.921837,4.57E+04,0080,39.0,22.0,40.1,27.1,98.5,82.0,1.880,37,FULL (2724),1000.0,1.0,70847377,113074,109733,NOTREADY
2024-02-08 12:29:55.924302,4.71E+04,0080,39.0,22.0,40.1,27.1,98.5,82.0,1.882,37,FULL (2723),1000.0,1.0,70847377,115239,111816,NOTREADY
2024-02-08 12:29:56.911184,4.68E+04,0080,39.0,22.0,40.1,27.2,98.5,82.0,1.880,37,FULL (2722),1000.0,1.0,70847377,116500,112709,NOTREADY
2024-02-08 12:29:57.918750,4.50E+04,0080,39.0,22.0,40.1,27.1,98.5,82.0,1.882,37,FULL (2719),1000.0,1.0,70847377,115352,111413,NOTREADY
2024-02-08 12:29:58.910816,4.54E+04,0080,39.0,22.0,40.0,27.2,98.5,82.0,1.880,37,FULL (2719),1000.0,1.0,70847377,114120,110860,NOTREADY
2024-02-08 12:29:59.913308,4.68E+04,0080,39.0,22.0,40.0,27.2,98.5,82.0,1.880,37,FULL (2717),1000.0,1.0,70847377,116569,113050,NOTREADY
2024-02-08 12:30:00.914475,4.78E+04,0080,39.0,22.0,39.9,27.1,98.5,82.0,1.880,37,FULL (2715),1000.0,1.0,70847377,118781,115073,NOTREADY
2024-02-08 12:30:01.916182,4.80E+04,0080,39.0,22.0,39.9,27.2,98.5,82.0,1.880,37,FULL (2715),1000.0,1.0,70847377,119520,115483,NOTREADY
2024-02-08 12:30:02.917104,4.72E+04,0080,39.0,22.0,39.9,27.1,98.5,82.0,1.880,37,FULL (2714),1000.0,1.0,70847377,118610,114870,NOTREADY
2024-02-08 12:30:03.918190,4.60E+04,0080,39.0,22.0,39.9,27.1,98.5,82.1,1.882,37,FULL (2713),1000.0,1.0,70847377,116526,112381,NOTREADY
2024-02-08 12:30:04.919507,4.64E+04,0080,39.0,22.0,39.9,27.1,98.5,82.1,1.880,37,FULL (2713),1000.0,1.0,70847377,115389,111926,NOTREADY
2024-02-08 12:30:05.909451,4.73E+04,0080,39.0,22.0,39.9,27.2,98.5,82.1,1.880,37,FULL (2710),1000.0,1.0,70847377,116758,113055,NOTREADY
2024-02-08 12:30:06.909647,4.69E+04,0080,39.0,22.0,39.9,27.1,98.5,82.1,1.882,37,FULL (2710),1000.0,1.0,70847377,117481,113826,NOTREADY
2024-02-08 12:30:07.911417,4.69E+04,0080,39.0,22.0,39.9,27.1,98.5,82.2,1.880,37,FULL (2709),1000.0,1.0,70847377,118090,114118,NOTREADY
2024-02-08 12:30:08.912989,4.72E+04,0080,39.0,22.0,39.9,27.1,98.5,82.2,1.880,37,FULL (2707),1000.0,1.0,70847377,117881,114036,NOTREADY
2024-02-08 12:30:09.913869,4.71E+04,0080,39.0,22.0,39.9,27.2,98.5,82.2,1.882,37,FULL (2706),1000.0,1.0,70847377,117866,114211,NOTREADY
2024-02-08 12:30:10.913811,4.66E+04,0080,39.0,22.0,39.9,27.1,98.5,82.2,1.882,37,FULL (2705),1000.0,1.0,70847377,117972,114064,NOTREADY
2024-02-08 12:30:11.914095,4.78E+04,0080,39.0,22.0,39.9,27.1,98.5,82.2,1.882,37,FULL (2705),1000.0,1.0,70847377,118839,115076,NOTREADY
2024-02-08 12:30:12.923929,4.66E+04,0080,39.0,22.0,39.9,27.2,98.6,82.2,1.882,37,FULL (2703),1000.0,1.0,70847377,117854,113939,NOTREADY
2024-02-08 12:30:13.914365,4.75E+04,0080,39.0,22.0,39.9,27.1,98.5,82.2,1.882,37,FULL (2702),1000.0,1.0,70847377,117188,113381,NOTREADY
2024-02-08 12:30:14.916938,4.72E+04,0080,39.0,22.0,39.9,27.2,98.5,82.2,1.882,37,FULL (2701),1000.0,1.0,70847377,118020,114362,NOTREADY
2024-02-08 12:30:15.922078,4.67E+04,0080,39.0,22.0,39.9,27.1,98.6,82.2,1.880,37,FULL (2700),1000.0,1.0,70847377,117952,114202,NOTREADY
2024-02-08 12:30:16.919097,4.71E+04,0080,39.0,22.0,39.9,27.1,98.5,82.2,1.880,37,FULL (2698),1000.0,1.0,70847377,117015,113124,NOTREADY
2024-02-08 12:30:17.911239,4.61E+04,0080,39.0,22.0,39.9,27.1,98.5,82.2,1.880,37,FULL (2697),1000.0,1.0,70847377,116774,113150,NOTREADY
2024-02-08 12:30:18.911472,4.61E+04,0080,39.0,22.0,39.9,27.2,98.5,82.2,1.880,37,FULL (2696),1000.0,1.0,70847377,115318,111522,NOTREADY
2024-02-08 12:30:19.912363,4.67E+04,0080,39.0,22.0,39.9,27.1,98.6,82.2,1.880,37,FULL (2695),1000.0,1.0,70847377,116312,112566,NOTREADY
2024-02-08 12:30:20.916411,4.68E+04,0080,39.0,22.0,39.9,27.1,98.5,82.2,1.880,37,FULL (2692),1000.0,1.0,70847377,115923,112298,NOTREADY
2024-02-08 12:30:21.919644,4.65E+04,0080,39.0,22.0,39.9,27.2,98.5,82.2,1.882,37,FULL (2692),1000.0,1.0,70847377,116029,112227,NOTREADY
2024-02-08 12:30:22.909816,4.68E+04,0080,39.0,22.0,39.9,27.1,98.5,82.3,1.880,37,FULL (2691),1000.0,1.0,70847377,116510,112992,NOTREADY
2024-02-08 12:30:23.911917,4.67E+04,0080,39.0,22.0,39.9,27.1,98.5,82.3,1.880,37,FULL (2690),1000.0,1.0,70847377,116581,112952,NOTREADY
2024-02-08 12:30:24.912643,4.57E+04,0080,39.0,22.0,39.9,27.1,98.5,82.3,1.880,37,FULL (2689),1000.0,1.0,70847377,116811,112871,NOTREADY
2024-02-08 12:30:25.912722,4.62E+04,0080,39.0,22.0,39.9,27.1,98.6,82.3,1.880,37,FULL (2686),1000.0,1.0,70847377,116070,112223,NOTREADY
2024-02-08 12:30:26.914752,4.59E+04,0080,39.0,22.0,39.9,27.1,98.5,82.3,1.882,37,FULL (2685),1000.0,1.0,70847377,115367,111530,NOTREADY
2024-02-08 12:30:27.913114,4.51E+04,0080,39.0,22.0,39.9,27.1,98.5,82.3,1.880,37,FULL (2686),1000.0,1.0,70847377,113305,109613,NOTREADY
2024-02-08 12:30:28.913975,4.55E+04,0080,39.0,22.0,39.9,27.1,98.6,82.2,1.880,37,FULL (2683),1000.0,1.0,70847377,113689,110559,NOTREADY
2024-02-08 12:30:29.921108,4.54E+04,0080,39.0,22.0,39.9,27.1,98.5,82.2,1.880,37,FULL (2681),1000.0,1.0,70847377,114806,110963,NOTREADY
2024-02-08 12:30:30.910146,4.57E+04,0080,39.0,22.0,39.9,27.1,98.6,82.2,1.880,37,FULL (2680),1000.0,1.0,70847377,115411,111823,NOTREADY
2024-02-08 12:30:31.914631,4.60E+04,0080,39.0,22.0,39.9,27.1,98.5,82.2,1.878,37,FULL (2677),1000.0,1.0,70847377,114281,110380,NOTREADY
2024-02-08 12:30:32.910696,4.53E+04,0080,39.0,22.0,39.9,27.1,98.5,82.2,1.880,37,FULL (2676),1000.0,1.0,70847377,114074,110763,NOTREADY
2024-02-08 12:30:33.919070,4.68E+04,0080,39.0,22.0,39.9,27.1,98.5,82.2,1.880,37,FULL (2674),1000.0,1.0,70847377,114694,110992,NOTREADY
2024-02-08 12:30:34.918293,4.48E+04,0080,39.0,22.0,40.0,27.1,98.6,82.3,1.880,37,FULL (2672),1000.0,1.0,70847377,113793,110017,NOTREADY
2024-02-08 12:30:35.909261,4.50E+04,0080,39.0,22.0,40.0,27.1,98.6,82.3,1.878,37,FULL (2669),1000.0,1.0,70847377,113447,110210,NOTREADY
2024-02-08 12:30:36.912919,4.54E+04,0080,39.0,22.0,40.0,27.1,98.5,82.3,1.880,37,FULL (2666),1000.0,1.0,70847377,114354,110619,NOTREADY
2024-02-08 12:30:37.913369,4.55E+04,0080,39.0,22.0,40.0,27.1,98.5,82.3,1.880,37,FULL (2664),1000.0,1.0,70847377,114616,111069,NOTREADY
2024-02-08 12:30:38.917724,4.54E+04,0080,39.0,22.0,40.0,27.1,98.5,82.3,1.878,37,FULL (2659),1000.0,1.0,70847377,114046,110445,NOTREADY
2024-02-08 12:30:39.917467,4.58E+04,0080,39.0,22.0,40.1,27.1,98.5,82.3,1.880,37,FULL (2655),1000.0,1.0,70847377,114395,110785,NOTREADY
2024-02-08 12:30:40.912075,4.48E+04,0080,39.0,22.0,40.1,27.1,98.5,82.3,1.878,37,FULL (2647),1000.0,1.0,70847377,113225,109625,NOTREADY
2024-02-08 12:30:41.916845,4.56E+04,0080,39.0,22.0,40.1,27.1,98.5,82.3,1.878,37,FULL (2634),1000.0,1.0,70847377,114676,111169,NOTREADY
2024-02-08 12:30:42.922785,4.62E+04,0080,39.0,22.0,40.1,27.1,98.5,82.3,1.878,37,FULL (2628),1000.0,1.0,70847377,114346,110500,NOTREADY
2024-02-08 12:30:43.918522,4.55E+04,0080,39.0,22.0,40.1,27.1,98.5,82.3,1.880,37,FULL (2624),1000.0,1.0,70847377,113722,110421,NOTREADY
2024-02-08 12:30:44.923935,4.59E+04,0080,39.0,22.0,40.1,27.1,98.5,82.3,1.880,37,FULL (2623),1000.0,1.0,70847377,114609,110913,NOTREADY
2024-02-08 12:30:45.921612,4.48E+04,0080,39.0,22.0,40.1,27.1,98.5,82.3,1.880,37,FULL (2618),1000.0,1.0,70847377,113725,109997,NOTREADY
2024-02-08 12:30:46.911827,4.63E+04,0080,39.0,22.0,40.1,27.1,98.5,82.3,1.880,37,FULL (2615),1000.0,1.0,70847377,113726,110287,NOTREADY
2024-02-08 12:30:47.917109,4.55E+04,0080,39.0,22.0,40.1,27.1,98.6,82.4,1.880,37,FULL (2612),1000.0,1.0,70847377,114016,110560,NOTREADY
2024-02-08 12:30:48.919390,4.46E+04,0080,39.0,22.0,40.1,27.1,98.5,82.4,1.880,37,FULL (2609),1000.0,1.0,70847377,113510,109530,NOTREADY
2024-02-08 12:30:49.917183,4.49E+04,0080,39.0,22.0,40.1,27.1,98.5,82.4,1.880,37,FULL (2602),1000.0,1.0,70847377,113076,109709,NOTREADY
2024-02-08 12:30:50.912345,4.53E+04,0080,39.0,22.0,40.1,27.1,98.5,82.4,1.880,37,FULL (2552),1000.0,1.0,70847377,113314,109954,NOTREADY
2024-02-08 12:30:51.912334,4.46E+04,0080,39.0,22.0,40.0,27.1,98.5,82.4,1.878,37,FULL (2521),1000.0,1.0,70847377,113088,109485,NOTREADY
2024-02-08 12:30:52.915945,4.52E+04,0080,39.0,22.0,40.0,27.1,98.5,82.4,1.880,37,FULL (2428),1000.0,1.0,70847377,113032,109262,NOTREADY
2024-02-08 12:30:53.917955,4.55E+04,0080,39.0,22.0,40.0,27.1,98.5,82.4,1.878,37,FULL (2292),1000.0,1.0,70847377,112881,109764,NOTREADY
2024-02-08 12:30:54.921823,4.46E+04,0080,39.0,22.0,40.0,27.1,98.5,82.4,1.880,37,FULL (2186),1000.0,1.0,70847377,112549,108723,NOTREADY
2024-02-08 12:30:55.917205,4.42E+04,0080,39.0,22.0,40.0,27.1,98.6,82.4,1.966,37,FULL (2523),1000.0,1.0,70847377,111685,108132,NOTREADY
2024-02-08 12:30:56.912951,4.46E+04,0080,39.0,22.0,40.0,27.1,98.6,82.4,1.880,37,FULL (3084),1000.0,1.0,70847377,109704,106489,NOTREADY
2024-02-08 12:30:57.910925,4.55E+04,0080,39.0,22.0,40.0,27.1,98.6,82.4,1.878,37,FULL (3153),1000.0,1.0,70847377,111934,108404,NOTREADY
2024-02-08 12:30:58.910856,4.41E+04,0080,39.0,22.0,40.0,27.1,98.5,82.4,1.880,37,FULL (3167),1000.0,1.0,70847377,110866,107574,NOTREADY
2024-02-08 12:30:59.914844,4.44E+04,0080,39.0,22.0,40.0,27.1,98.5,82.4,1.880,37,FULL (3169),1000.0,1.0,70847377,110504,106992,NOTREADY
2024-02-08 12:31:00.915601,4.45E+04,0080,39.0,22.0,40.0,27.1,98.5,82.4,1.880,37,FULL (3168),1000.0,1.0,70847377,111090,107721,NOTREADY
2024-02-08 12:31:01.917143,4.48E+04,0080,39.0,22.0,40.0,27.1,98.5,82.4,1.880,37,FULL (3162),1000.0,1.0,70847377,111754,108345,NOTREADY
2024-02-08 12:31:02.918137,4.45E+04,0080,39.0,22.0,40.0,27.1,98.5,82.4,1.880,37,FULL (3158),1000.0,1.0,70847377,112220,108890,NOTREADY
2024-02-08 12:31:03.918202,4.50E+04,0080,39.0,22.0,40.0,27.1,98.5,82.4,1.880,37,FULL (3153),1000.0,1.0,70847377,113143,109561,NOTREADY
2024-02-08 12:31:04.919936,4.57E+04,0080,39.0,22.0,40.0,27.1,98.5,82.5,1.880,37,FULL (3146),1000.0,1.0,70847377,114336,110901,NOTREADY
2024-02-08 12:31:05.911477,4.53E+04,0080,39.0,22.0,40.0,27.1,98.5,82.5,1.880,37,FULL (3140),1000.0,1.0,70847377,114425,110637,NOTREADY
2024-02-08 12:31:06.915295,4.57E+04,0080,39.0,22.0,40.0,27.1,98.5,82.5,1.880,37,FULL (3134),1000.0,1.0,70847377,114388,110792,NOTREADY
2024-02-08 12:31:07.919917,4.52E+04,0080,39.0,22.0,40.1,27.1,98.5,82.5,1.880,37,FULL (3129),1000.0,1.0,70847377,114551,110927,NOTREADY
2024-02-08 12:31:08.911413,4.62E+04,0080,39.0,22.0,40.1,27.1,98.5,82.5,1.878,37,FULL (3123),1000.0,1.0,70847377,115136,111709,NOTREADY
2024-02-08 12:31:09.910953,4.57E+04,0080,39.0,22.0,40.1,27.1,98.5,82.5,1.878,37,FULL (3116),1000.0,1.0,70847377,114988,111290,NOTREADY
2024-02-08 12:31:10.912449,4.65E+04,0080,39.0,22.0,40.1,27.1,98.5,82.5,1.880,37,FULL (3110),1000.0,1.0,70847377,115689,112207,NOTREADY
2024-02-08 12:31:11.915922,4.64E+04,0080,39.0,22.0,40.1,27.1,98.5,82.5,1.882,37,FULL (3106),1000.0,1.0,70847377,116218,112579,NOTREADY
2024-02-08 12:31:12.909456,4.65E+04,0080,39.0,22.0,40.1,27.1,98.5,82.5,1.880,37,FULL (3101),1000.0,1.0,70847377,115968,111966,NOTREADY
2024-02-08 12:31:13.915865,4.61E+04,0080,39.0,22.0,40.1,27.1,98.5,82.5,1.880,37,FULL (3094),1000.0,1.0,70847377,115700,112018,NOTREADY
2024-02-08 12:31:14.915658,4.61E+04,0080,39.0,22.0,40.1,27.1,98.5,82.5,1.880,37,FULL (3090),1000.0,1.0,70847377,116181,112713,NOTREADY
2024-02-08 12:31:15.921153,4.68E+04,0080,39.0,22.0,40.0,27.1,98.5,82.5,1.880,37,FULL (3085),1000.0,1.0,70847377,116812,113105,NOTREADY
2024-02-08 12:31:16.910966,4.68E+04,0080,39.0,22.0,40.0,27.1,98.5,82.5,1.880,37,FULL (3082),1000.0,1.0,70847377,116964,113259,NOTREADY
2024-02-08 12:31:17.922458,4.76E+04,0080,39.0,22.0,40.0,27.1,98.5,82.5,1.880,37,FULL (3078),1000.0,1.0,70847377,118921,115260,NOTREADY
2024-02-08 12:31:18.914005,4.82E+04,0080,39.0,22.0,40.0,27.1,98.5,82.5,1.880,37,FULL (3077),1000.0,1.0,70847377,120182,116404,NOTREADY
2024-02-08 12:31:19.915287,4.80E+04,0080,39.0,22.0,39.9,27.1,98.5,82.5,1.880,37,FULL (3073),1000.0,1.0,70847377,119417,115352,NOTREADY
2024-02-08 12:31:20.922801,4.69E+04,0080,39.0,22.0,39.9,27.1,98.5,82.5,1.880,37,FULL (3069),1000.0,1.0,70847377,118585,114734,NOTREADY
2024-02-08 12:31:21.922933,4.75E+04,0080,39.0,22.0,40.0,27.1,98.5,82.5,1.880,37,FULL (3066),1000.0,1.0,70847377,118233,114374,NOTREADY
2024-02-08 12:31:22.913715,4.74E+04,0080,39.0,22.0,40.0,27.1,98.5,82.5,1.880,37,FULL (3064),1000.0,1.0,70847377,117753,113856,NOTREADY
2024-02-08 12:31:23.914958,4.69E+04,0080,39.0,22.0,39.9,27.1,98.5,82.5,1.880,37,FULL (3060),1000.0,1.0,70847377,117705,114047,NOTREADY
2024-02-08 12:31:24.920022,4.74E+04,0080,39.0,22.0,39.9,27.1,98.5,82.5,1.882,37,FULL (3058),1000.0,1.0,70847377,117306,113186,NOTREADY
2024-02-08 12:31:25.920080,4.65E+04,0080,39.0,22.0,39.9,27.1,98.5,82.5,1.880,37,FULL (3055),1000.0,1.0,70847377,117017,113210,NOTREADY
2024-02-08 12:31:26.920072,4.68E+04,0080,39.0,22.0,39.9,27.1,98.5,82.5,1.882,37,FULL (3053),1000.0,1.0,70847377,116937,113433,NOTREADY
2024-02-08 12:31:27.921741,4.75E+04,0080,39.0,22.0,39.9,27.1,98.5,82.5,1.880,37,FULL (3052),1000.0,1.0,70847377,118823,115044,NOTREADY
2024-02-08 12:31:28.921732,4.70E+04,0080,39.0,22.0,39.9,27.1,98.5,82.5,1.882,37,FULL (3050),1000.0,1.0,70847377,118291,114572,NOTREADY
2024-02-08 12:31:29.923429,4.76E+04,0080,39.0,22.0,39.9,27.1,98.5,82.5,1.880,37,FULL (3048),1000.0,1.0,70847377,118760,115190,NOTREADY
2024-02-08 12:31:30.923447,4.76E+04,0080,39.0,22.0,39.9,27.1,98.5,82.5,1.880,37,FULL (3046),1000.0,1.0,70847377,120207,115973,NOTREADY
2024-02-08 12:31:31.923399,4.80E+04,0080,39.0,22.0,39.9,27.1,98.6,82.5,1.880,37,FULL (3044),1000.0,1.0,70847377,120502,116546,NOTREADY
2024-02-08 12:31:32.923863,4.76E+04,0080,39.0,22.0,39.9,27.1,98.5,82.5,1.880,37,FULL (3043),1000.0,1.0,70847377,120343,116338,NOTREADY
2024-02-08 12:31:33.923927,4.79E+04,0080,39.0,22.0,39.9,27.1,98.5,82.5,1.880,37,FULL (3040),1000.0,1.0,70847377,120192,116292,NOTREADY
2024-02-08 12:31:34.923989,4.79E+04,0080,39.0,22.0,39.9,27.1,98.5,82.5,1.880,37,FULL (3040),1000.0,1.0,70847377,120820,116835,NOTREADY
2024-02-08 12:31:35.924554,4.90E+04,0080,39.0,22.0,39.9,27.1,98.5,82.5,1.880,37,FULL (3038),1000.0,1.0,70847377,121499,117700,NOTREADY
2024-02-08 12:31:36.909499,4.85E+04,0080,39.0,22.0,39.9,27.1,98.5,82.5,1.880,37,FULL (3037),1000.0,1.0,70847377,121530,117491,NOTREADY
2024-02-08 12:31:37.910245,4.80E+04,0080,39.0,22.0,39.8,27.1,98.5,82.5,1.878,37,FULL (3035),1000.0,1.0,70847377,120770,116608,NOTREADY
2024-02-08 12:31:38.910417,4.81E+04,0080,39.0,22.0,39.8,27.1,98.5,82.5,1.880,37,FULL (3033),1000.0,1.0,70847377,121403,117607,NOTREADY
2024-02-08 12:31:39.910588,4.76E+04,0080,39.0,22.0,39.8,27.0,98.5,82.5,1.880,37,FULL (3032),1000.0,1.0,70847377,121271,117180,NOTREADY
2024-02-08 12:31:40.910653,4.82E+04,0080,39.0,22.0,39.9,27.0,98.5,82.5,1.880,37,FULL (3031),1000.0,1.0,70847377,119949,116099,NOTREADY
2024-02-08 12:31:41.912628,4.79E+04,0080,39.0,22.0,39.9,27.1,98.5,82.6,1.878,37,FULL (3029),1000.0,1.0,70847377,120462,116363,NOTREADY
2024-02-08 12:31:42.912827,4.79E+04,0080,39.0,22.0,39.9,27.0,98.5,82.5,1.880,37,FULL (3028),1000.0,1.0,70847377,120580,116600,NOTREADY
2024-02-08 12:31:43.913435,4.78E+04,0080,39.0,22.0,39.9,27.0,98.5,82.5,1.880,37,FULL (3027),1000.0,1.0,70847377,120196,115946,NOTREADY
2024-02-08 12:31:44.913890,4.86E+04,0080,39.0,22.0,39.9,27.0,98.5,82.5,1.880,37,FULL (3025),1000.0,1.0,70847377,119943,116124,NOTREADY
2024-02-08 12:31:45.913849,4.79E+04,0080,39.0,22.0,40.0,27.0,98.5,82.5,1.880,37,FULL (3023),1000.0,1.0,70847377,119158,115438,NOTREADY
2024-02-08 12:31:46.914345,4.79E+04,0080,39.0,22.0,40.0,27.0,98.5,82.5,1.878,37,FULL (3022),1000.0,1.0,70847377,120021,115899,NOTREADY
2024-02-08 12:31:47.914498,4.83E+04,0080,39.0,22.0,40.0,27.0,98.5,82.5,1.878,37,FULL (3021),1000.0,1.0,70847377,120199,116445,NOTREADY
2024-02-08 12:31:48.915773,4.75E+04,0080,39.0,22.0,40.1,27.0,98.5,82.5,1.878,37,FULL (3020),1000.0,1.0,70847377,119744,115695,NOTREADY
2024-02-08 12:31:49.916888,4.68E+04,0080,39.0,22.0,40.1,27.0,98.5,82.5,1.878,37,FULL (3019),1000.0,1.0,70847377,118982,114978,NOTREADY
2024-02-08 12:31:50.917499,4.74E+04,0080,39.0,22.0,40.1,27.0,98.5,82.5,1.880,37,FULL (3018),1000.0,1.0,70847377,118240,114459,NOTREADY
2024-02-08 12:31:51.919422,4.66E+04,0080,39.0,22.0,40.2,27.0,98.5,82.5,1.878,37,FULL (3016),1000.0,1.0,70847377,117296,113638,NOTREADY
2024-02-08 12:31:52.920586,4.74E+04,0080,39.0,22.0,40.2,27.0,98.5,82.5,1.880,37,FULL (3015),1000.0,1.0,70847377,117489,113263,NOTREADY
2024-02-08 12:31:53.921811,4.58E+04,0080,39.0,22.0,40.2,27.0,98.5,82.5,1.878,37,FULL (3015),1000.0,1.0,70847377,115966,112344,NOTREADY
2024-02-08 12:31:54.922461,4.64E+04,0080,39.0,22.0,40.2,27.0,98.5,82.5,1.878,37,FULL (3014),1000.0,1.0,70847377,115459,111806,NOTREADY
2024-02-08 12:31:55.922643,4.55E+04,0080,39.0,22.0,40.2,27.0,98.5,82.3,1.880,37,FULL (3012),1000.0,1.0,70847377,115332,111654,NOTREADY
2024-02-08 12:31:56.924318,4.53E+04,0080,39.0,22.0,40.2,27.0,98.5,82.2,1.878,37,FULL (3011),1000.0,1.0,70847377,115099,111622,NOTREADY
2024-02-08 12:31:57.924275,4.61E+04,0080,39.0,22.0,40.2,27.0,98.5,82.2,1.880,37,FULL (3011),1000.0,1.0,70847377,115133,111272,NOTREADY
2024-02-08 12:31:58.924459,4.53E+04,0080,39.0,22.0,40.3,27.0,98.5,82.1,1.878,37,FULL (3008),1000.0,1.0,70847377,113459,109974,NOTREADY
2024-02-08 12:31:59.909426,4.53E+04,0080,39.0,22.0,40.3,27.0,98.5,81.9,1.880,37,FULL (3008),1000.0,1.0,70847377,112032,108614,NOTREADY
2024-02-08 12:32:00.910008,4.57E+04,0080,39.0,22.0,40.3,27.0,98.5,81.8,1.878,37,FULL (3006),1000.0,1.0,70847377,114513,110771,NOTREADY
2024-02-08 12:32:01.910823,4.59E+04,0080,39.0,22.0,40.3,27.0,98.5,81.8,1.880,37,FULL (3006),1000.0,1.0,70847377,114073,110457,NOTREADY
2024-02-08 12:32:02.912488,4.51E+04,0080,39.0,22.0,40.3,27.0,98.5,81.7,1.878,37,FULL (3005),1000.0,1.0,70847377,113530,110308,NOTREADY
2024-02-08 12:32:03.914138,4.49E+04,0080,39.0,22.0,40.3,27.0,98.5,81.6,1.878,37,FULL (3004),1000.0,1.0,70847377,114652,110818,NOTREADY
2024-02-08 12:32:04.916963,4.50E+04,0080,39.0,22.0,40.3,27.0,98.5,81.5,1.880,37,FULL (3003),1000.0,1.0,70847377,113172,109772,NOTREADY
2024-02-08 12:32:05.919749,4.61E+04,0080,39.0,22.0,40.3,27.0,98.5,81.5,1.878,37,FULL (3002),1000.0,1.0,70847377,113376,109527,NOTREADY
2024-02-08 12:32:06.920909,4.53E+04,0080,39.0,22.0,40.3,27.0,98.5,81.4,1.880,37,FULL (3000),1000.0,1.0,70847377,112454,109027,NOTREADY
2024-02-08 12:32:07.921004,4.51E+04,0080,39.0,22.0,40.3,27.0,98.5,81.3,1.878,37,FULL (3000),1000.0,1.0,70847377,112656,109190,NOTREADY
2024-02-08 12:32:08.922833,4.56E+04,0080,39.0,22.0,40.3,27.0,98.5,81.2,1.880,37,FULL (2999),1000.0,1.0,70847377,113328,109685,NOTREADY
2024-02-08 12:32:09.910695,4.52E+04,0080,39.0,22.0,40.3,27.0,98.5,81.1,1.880,37,FULL (3000),1000.0,1.0,70847377,113482,110149,NOTREADY
2024-02-08 12:32:10.911972,4.58E+04,0080,39.0,22.0,40.2,27.0,98.5,81.0,1.880,37,FULL (2997),1000.0,1.0,70847377,113752,109896,NOTREADY
2024-02-08 12:32:11.913290,4.53E+04,0080,39.0,22.0,40.2,27.0,98.5,80.9,1.880,37,FULL (2996),1000.0,1.0,70847377,113473,110273,NOTREADY
2024-02-08 12:32:12.914889,4.47E+04,0080,39.0,22.0,40.2,27.0,98.5,80.8,1.880,37,FULL (2996),1000.0,1.0,70847377,113708,109949,NOTREADY
2024-02-08 12:32:13.916070,4.56E+04,0080,39.0,22.0,40.1,27.0,98.5,80.8,1.880,37,FULL (2995),1000.0,1.0,70847377,113451,109749,NOTREADY
2024-02-08 12:32:14.917246,4.54E+04,0080,39.0,22.0,40.1,27.0,98.5,80.7,1.880,37,FULL (2994),1000.0,1.0,70847377,113049,109647,NOTREADY
2024-02-08 12:32:15.918534,4.56E+04,0080,39.0,22.0,40.1,27.0,98.5,80.6,1.882,37,FULL (2993),1000.0,1.0,70847377,113490,110060,NOTREADY
2024-02-08 12:32:16.920254,4.47E+04,0080,39.0,22.0,40.0,27.0,98.5,80.6,1.882,37,FULL (2991),1000.0,1.0,70847377,111848,108148,NOTREADY
2024-02-08 12:32:17.923102,4.51E+04,0080,39.0,22.0,40.0,27.0,98.5,80.4,1.882,37,FULL (2989),1000.0,1.0,70847377,112154,108729,NOTREADY
2024-02-08 12:32:18.924403,4.64E+04,0080,39.0,22.0,39.9,27.0,98.5,80.3,1.882,37,FULL (2989),1000.0,1.0,70847377,114284,110910,NOTREADY
2024-02-08 12:32:19.911547,4.65E+04,0080,39.0,22.0,39.9,27.0,98.5,80.3,1.882,37,FULL (2989),1000.0,1.0,70847377,114950,111409,NOTREADY
2024-02-08 12:32:20.912615,4.65E+04,0080,39.0,22.0,39.9,27.0,98.5,80.2,1.882,37,FULL (2986),1000.0,1.0,70847377,116596,113042,NOTREADY
2024-02-08 12:32:21.912611,4.60E+04,0080,39.0,22.0,39.8,27.0,98.5,80.1,1.882,37,FULL (2987),1000.0,1.0,70847377,115560,111730,NOTREADY
2024-02-08 12:32:22.912495,4.59E+04,0080,39.0,22.0,39.8,27.0,98.5,80.0,1.882,37,FULL (2986),1000.0,1.0,70847377,114798,111197,NOTREADY
2024-02-08 12:32:23.913667,4.63E+04,0080,39.0,22.0,39.8,27.0,98.5,80.0,1.882,37,FULL (2985),1000.0,1.0,70847377,114626,110749,NOTREADY
2024-02-08 12:32:24.914766,4.46E+04,0080,39.0,22.0,39.8,27.0,98.5,79.9,1.882,37,FULL (2984),1000.0,1.0,70847377,113493,110008,NOTREADY
2024-02-08 12:32:25.915575,4.58E+04,0080,39.0,22.0,39.7,27.0,98.5,79.8,1.882,37,FULL (2983),1000.0,1.0,70847377,113820,110405,NOTREADY
2024-02-08 12:32:26.917359,4.59E+04,0080,39.0,22.0,39.7,27.0,98.5,79.7,1.882,37,FULL (2981),1000.0,1.0,70847377,114874,111321,NOTREADY
2024-02-08 12:32:27.918610,4.58E+04,0080,39.0,22.0,39.7,27.0,98.5,79.6,1.882,37,FULL (2981),1000.0,1.0,70847377,115461,111712,NOTREADY
2024-02-08 12:32:28.918506,4.58E+04,0080,39.0,22.0,39.7,27.0,98.5,79.6,1.882,37,FULL (2980),1000.0,1.0,70847377,115218,111627,NOTREADY
2024-02-08 12:32:29.918678,4.60E+04,0080,39.0,22.0,39.7,27.0,98.5,79.5,1.882,37,FULL (2980),1000.0,1.0,70847377,115605,111816,NOTREADY
2024-02-08 12:32:30.920371,4.57E+04,0080,39.0,22.0,39.7,27.0,98.5,79.4,1.882,37,FULL (2978),1000.0,1.0,70847377,113902,110482,NOTREADY
2024-02-08 12:32:31.922950,4.64E+04,0080,39.0,22.0,39.6,27.0,98.5,79.4,1.882,37,FULL (2977),1000.0,1.0,70847377,115205,111531,NOTREADY
2024-02-08 12:32:32.924165,4.55E+04,0080,39.0,22.0,39.6,27.0,98.5,79.3,1.882,37,FULL (2977),1000.0,1.0,70847377,115250,111698,NOTREADY
2024-02-08 12:32:33.924780,4.60E+04,0080,39.0,22.0,39.6,27.0,98.5,79.2,1.880,37,FULL (2976),1000.0,1.0,70847377,116571,112591,NOTREADY
2024-02-08 12:32:34.910905,4.69E+04,0080,39.0,22.0,39.6,27.0,98.5,79.1,1.880,37,FULL (2974),1000.0,1.0,70847377,115876,112286,NOTREADY
2024-02-08 12:32:35.919451,4.60E+04,0080,39.0,22.0,39.6,27.0,98.5,79.0,1.882,37,FULL (2974),1000.0,1.0,70847377,116190,112499,NOTREADY
2024-02-08 12:32:36.922333,4.64E+04,0080,39.0,22.0,39.6,27.0,98.5,78.9,1.880,37,FULL (2973),1000.0,1.0,70847377,114873,111122,NOTREADY
2024-02-08 12:32:37.923265,4.55E+04,0080,39.0,22.0,39.6,27.0,98.5,78.9,1.880,37,FULL (2971),1000.0,1.0,70847377,114663,111036,NOTREADY
2024-02-08 12:32:38.924486,4.54E+04,0080,39.0,22.0,39.6,27.0,98.5,78.8,1.880,37,FULL (2970),1000.0,1.0,70847377,113750,110091,NOTREADY
2024-02-08 12:32:39.909639,4.47E+04,0080,39.0,22.0,39.6,27.0,98.5,78.7,1.880,37,FULL (2971),1000.0,1.0,70847377,114399,110713,NOTREADY
2024-02-08 12:32:40.920056,4.63E+04,0080,39.0,22.0,39.6,27.0,98.5,78.7,1.880,37,FULL (2969),1000.0,1.0,70847377,113839,110181,NOTREADY
2024-02-08 12:32:41.919948,4.46E+04,0080,39.0,22.0,39.6,27.0,98.5,78.6,1.880,37,FULL (2968),1000.0,1.0,70847377,112862,109565,NOTREADY
2024-02-08 12:32:42.923281,4.46E+04,0080,39.0,22.0,39.6,27.0,98.5,78.5,1.880,37,FULL (2968),1000.0,1.0,70847377,113239,109679,NOTREADY
2024-02-08 12:32:43.920156,4.63E+04,0080,39.0,22.0,39.6,27.0,98.5,78.5,1.880,37,FULL (2967),1000.0,1.0,70847377,114393,110978,NOTREADY
2024-02-08 12:32:44.920539,4.64E+04,0080,39.0,22.0,39.6,27.0,98.5,78.3,1.880,37,FULL (2966),1000.0,1.0,70847377,115169,111532,NOTREADY
2024-02-08 12:32:45.920601,4.58E+04,0080,39.0,22.0,39.7,27.0,98.5,78.3,1.880,37,FULL (2964),1000.0,1.0,70847377,115481,111621,NOTREADY
2024-02-08 12:32:46.922599,4.58E+04,0080,39.0,22.0,39.7,27.0,98.5,78.2,1.880,37,FULL (2964),1000.0,1.0,70847377,114856,111250,NOTREADY
2024-02-08 12:32:47.911327,4.57E+04,0080,39.0,22.0,39.7,27.0,98.5,78.1,1.875,37,FULL (2963),1000.0,1.0,70847377,114386,110672,NOTREADY
2024-02-08 12:32:48.912689,4.66E+04,0080,39.0,22.0,39.8,27.0,98.5,78.0,1.878,37,FULL (2963),1000.0,1.0,70847377,114729,111220,NOTREADY
2024-02-08 12:32:49.914577,4.62E+04,0080,39.0,22.0,39.8,27.0,98.5,78.0,1.878,37,FULL (2962),1000.0,1.0,70847377,114906,111398,NOTREADY
2024-02-08 12:32:50.913186,4.55E+04,0080,39.0,22.0,39.9,27.0,98.5,77.9,1.878,37,FULL (2962),1000.0,1.0,70847377,114391,110624,NOTREADY
2024-02-08 12:32:51.916676,4.48E+04,0080,39.0,22.0,39.9,27.0,98.5,77.8,1.878,37,FULL (2963),1000.0,1.0,70847377,113337,109691,NOTREADY
2024-02-08 12:32:52.914246,4.57E+04,0080,39.0,22.0,39.9,27.0,98.5,77.8,1.878,37,FULL (2961),1000.0,1.0,70847377,113287,109689,NOTREADY
2024-02-08 12:32:53.921203,4.53E+04,0080,39.0,22.0,40.0,27.0,98.5,77.6,1.875,37,FULL (2960),1000.0,1.0,70847377,112991,109492,NOTREADY
2024-02-08 12:32:54.911541,4.43E+04,0080,39.0,22.0,40.0,27.0,98.5,77.6,1.878,37,FULL (2959),1000.0,1.0,70847377,111450,107949,NOTREADY
2024-02-08 12:32:55.914200,4.44E+04,0080,39.0,22.0,40.0,27.0,98.5,77.5,1.875,37,FULL (2958),1000.0,1.0,70847377,112262,108494,NOTREADY
2024-02-08 12:32:56.914837,4.54E+04,0080,39.0,22.0,40.1,27.0,98.5,77.4,1.878,37,FULL (2959),1000.0,1.0,70847377,112067,108823,NOTREADY
2024-02-08 12:32:57.922087,4.39E+04,0080,39.0,22.0,40.1,27.0,98.5,77.3,1.878,37,FULL (3028),1000.0,1.0,70847377,110984,107577,NOTREADY
2024-02-08 12:32:58.911714,4.58E+04,0080,39.0,22.0,40.1,27.0,98.5,77.3,1.878,37,FULL (2991),1000.0,1.0,70847377,112036,108538,NOTREADY
2024-02-08 12:32:59.912819,4.52E+04,0080,39.0,22.0,40.2,27.0,98.5,77.2,1.878,37,FULL (2973),1000.0,1.0,70847377,111913,108486,NOTREADY
2024-02-08 12:33:00.913474,4.55E+04,0080,39.0,22.0,40.2,27.0,98.5,77.1,1.878,37,FULL (2964),1000.0,1.0,70847377,112341,108816,NOTREADY
2024-02-08 12:33:01.919806,4.56E+04,0080,39.0,22.0,40.3,27.0,98.5,77.0,1.875,37,FULL (2959),1000.0,1.0,70847377,113023,109660,NOTREADY
2024-02-08 12:33:02.920226,4.50E+04,0080,39.0,22.0,40.3,27.0,98.5,76.9,1.878,37,FULL (2958),1000.0,1.0,70847377,112452,108897,NOTREADY
2024-02-08 12:33:03.920049,4.43E+04,0080,39.0,22.0,40.3,27.0,98.5,76.8,1.878,37,FULL (2955),1000.0,1.0,70847377,111640,108039,NOTREADY
2024-02-08 12:33:04.922907,4.40E+04,0080,39.0,22.0,40.3,27.0,98.5,76.7,1.875,37,FULL (2953),1000.0,1.0,70847377,110485,106952,NOTREADY
2024-02-08 12:33:05.923977,4.24E+04,0080,39.0,22.0,40.4,27.0,98.5,76.7,1.875,37,FULL (2952),1000.0,1.0,70847377,109810,106474,NOTREADY
2024-02-08 12:33:06.924381,4.35E+04,0080,39.0,22.0,40.4,27.0,98.5,76.6,1.875,37,FULL (2951),1000.0,1.0,70847377,109951,106615,NOTREADY
2024-02-08 12:33:07.924639,4.34E+04,0080,39.0,22.0,40.4,27.0,98.5,76.5,1.878,37,FULL (2950),1000.0,1.0,70847377,109398,106104,NOTREADY
2024-02-08 12:33:08.910483,4.37E+04,0080,39.0,22.0,40.5,27.0,98.5,76.4,1.875,37,FULL (2949),1000.0,1.0,70847377,109634,106410,NOTREADY
2024-02-08 12:33:09.911333,4.42E+04,0080,39.0,22.0,40.5,27.0,98.5,76.4,1.875,37,FULL (2949),1000.0,1.0,70847377,110611,107105,NOTREADY
2024-02-08 12:33:10.911105,4.45E+04,0080,39.0,22.0,40.5,27.0,98.5,76.3,1.875,37,FULL (2947),1000.0,1.0,70847377,110862,107385,NOTREADY
2024-02-08 12:33:11.916673,4.41E+04,0080,39.0,22.0,40.5,27.0,98.5,76.2,1.875,37,FULL (2947),1000.0,1.0,70847377,110033,106726,NOTREADY
2024-02-08 12:33:12.918195,4.33E+04,0080,39.0,22.0,40.5,27.0,98.5,76.1,1.878,37,FULL (2945),1000.0,1.0,70847377,109294,105808,NOTREADY
2024-02-08 12:33:13.918324,4.41E+04,0080,39.0,22.0,40.5,27.0,98.5,76.0,1.875,37,FULL (2945),1000.0,1.0,70847377,108101,104946,NOTREADY
2024-02-08 12:33:14.919873,4.45E+04,0080,39.0,22.0,40.5,27.0,98.5,75.9,1.878,37,FULL (2944),1000.0,1.0,70847377,109878,106663,NOTREADY
2024-02-08 12:33:15.919846,4.38E+04,0080,39.0,22.0,40.5,27.0,98.5,75.8,1.880,37,FULL (2943),1000.0,1.0,70847377,110682,107083,NOTREADY
2024-02-08 12:33:16.921742,4.60E+04,0080,39.0,22.0,40.5,27.0,98.5,75.8,1.878,37,FULL (2942),1000.0,1.0,70847377,110962,108043,NOTREADY
2024-02-08 12:33:17.922222,4.60E+04,0080,39.0,22.0,40.5,27.0,98.5,75.7,1.878,37,FULL (2941),1000.0,1.0,70847377,115225,111796,NOTREADY
2024-02-08 12:33:18.922340,4.73E+04,0080,39.0,22.0,40.5,27.1,98.5,75.6,1.875,37,FULL (2941),1000.0,1.0,70847377,117752,114011,NOTREADY
2024-02-08 12:33:19.909443,4.63E+04,0080,39.0,22.0,40.5,27.0,98.5,75.5,1.878,37,FULL (2940),1000.0,1.0,70847377,114873,111076,NOTREADY
2024-02-08 12:33:20.911245,4.64E+04,0080,39.0,22.0,40.5,27.0,98.5,75.5,1.880,37,FULL (2939),1000.0,1.0,70847377,114325,110250,NOTREADY
2024-02-08 12:33:21.918393,4.47E+04,0080,39.0,22.0,40.4,27.1,98.5,75.3,1.880,37,FULL (2938),1000.0,1.0,70847377,112672,109464,NOTREADY
2024-02-08 12:33:22.918201,4.61E+04,0080,39.0,22.0,40.4,27.1,98.5,75.2,1.880,37,FULL (2937),1000.0,1.0,70847377,114774,111587,NOTREADY
2024-02-08 12:33:23.919389,4.73E+04,0080,39.0,22.0,40.3,27.1,98.5,75.2,1.878,37,FULL (2935),1000.0,1.0,70847377,116858,113084,NOTREADY
2024-02-08 12:33:24.921211,4.93E+04,0080,39.0,22.0,40.3,27.1,98.5,75.1,1.880,37,FULL (2935),1000.0,1.0,70847377,119520,116036,NOTREADY
2024-02-08 12:33:25.921214,4.85E+04,0080,39.0,22.0,40.3,27.1,98.5,75.0,1.880,37,FULL (2934),1000.0,1.0,70847377,120109,116210,NOTREADY
2024-02-08 12:33:26.921226,4.77E+04,0080,39.0,22.0,40.2,27.1,98.6,74.9,1.882,37,FULL (2933),1000.0,1.0,70847377,119005,114846,NOTREADY
2024-02-08 12:33:27.922229,4.73E+04,0080,39.0,22.0,40.2,27.1,98.5,74.8,1.882,37,FULL (2933),1000.0,1.0,70847377,117817,114531,NOTREADY
2024-02-08 12:33:28.922013,5.06E+04,0080,39.0,22.0,40.1,27.1,98.5,74.8,1.880,37,FULL (2933),1000.0,1.0,70847377,123921,119534,NOTREADY
2024-02-08 12:33:29.922614,5.03E+04,0080,39.0,22.0,40.1,27.1,98.5,74.6,1.882,37,FULL (2931),1000.0,1.0,70847377,123687,120308,NOTREADY
2024-02-08 12:33:30.922482,4.99E+04,0080,39.0,22.0,40.1,27.1,98.5,74.5,1.880,37,FULL (2931),1000.0,1.0,70847377,126310,121899,NOTREADY
2024-02-08 12:33:31.923923,5.31E+04,0080,39.0,22.0,40.0,27.1,98.6,74.4,1.880,37,FULL (2930),1000.0,1.0,70847377,127962,123849,NOTREADY
2024-02-08 12:33:32.923799,5.14E+04,0080,39.0,22.0,40.0,27.1,98.5,74.4,1.882,37,FULL (2929),1000.0,1.0,70847377,129383,125022,NOTREADY
2024-02-08 12:33:33.923543,5.19E+04,0080,39.0,22.0,40.0,27.1,98.6,74.3,1.882,37,FULL (2928),1000.0,1.0,70847377,129736,125145,NOTREADY
2024-02-08 12:33:34.910227,5.11E+04,0080,39.0,22.0,39.9,27.1,98.5,74.2,1.880,37,FULL (2927),1000.0,1.0,70847377,128645,124013,NOTREADY
2024-02-08 12:33:35.911603,5.11E+04,0080,39.0,22.0,39.9,27.1,98.5,74.1,1.882,37,FULL (2926),1000.0,1.0,70847377,128019,123440,NOTREADY
2024-02-08 12:33:36.911724,5.05E+04,0080,39.0,22.0,39.9,27.1,98.5,74.1,1.882,37,FULL (2925),1000.0,1.0,70847377,126651,122557,NOTREADY
2024-02-08 12:33:37.911716,4.98E+04,0080,39.0,22.0,39.8,27.1,98.5,74.0,1.882,37,FULL (2924),1000.0,1.0,70847377,126873,122045,NOTREADY
2024-02-08 12:33:38.913496,5.08E+04,0080,39.0,22.0,39.8,27.1,98.5,73.8,1.880,37,FULL (2923),1000.0,1.0,70847377,125080,120871,NOTREADY
2024-02-08 12:33:39.913926,4.96E+04,0080,39.0,22.0,39.8,27.1,98.5,73.8,1.880,37,FULL (2922),1000.0,1.0,70847377,124039,119729,NOTREADY
2024-02-08 12:33:40.914686,4.71E+04,0080,39.0,22.0,39.8,27.1,98.5,73.7,1.880,37,FULL (2922),1000.0,1.0,70847377,119259,115132,NOTREADY
2024-02-08 12:33:41.914512,4.81E+04,0080,39.0,22.0,39.7,27.1,98.5,73.6,1.882,37,FULL (2921),1000.0,1.0,70847377,120505,116679,NOTREADY
2024-02-08 12:33:42.915367,4.99E+04,0080,39.0,22.0,39.7,27.1,98.5,73.5,1.880,37,FULL (2921),1000.0,1.0,70847377,123360,119508,NOTREADY
2024-02-08 12:33:43.915406,5.00E+04,0080,39.0,22.0,39.7,27.1,98.6,73.4,1.882,37,FULL (2920),1000.0,1.0,70847377,122804,118447,NOTREADY
2024-02-08 12:33:44.917144,4.83E+04,0080,39.0,22.0,39.7,27.1,98.5,73.4,1.882,37,FULL (2918),1000.0,1.0,70847377,122162,118340,NOTREADY
2024-02-08 12:33:45.917932,4.84E+04,0080,39.0,22.0,39.7,27.1,98.5,73.3,1.882,37,FULL (2918),1000.0,1.0,70847377,122418,118135,NOTREADY
2024-02-08 12:33:46.919772,4.85E+04,0080,39.0,22.0,39.6,27.1,98.5,73.2,1.880,37,FULL (2917),1000.0,1.0,70847377,121146,116967,NOTREADY
2024-02-08 12:33:47.920445,4.79E+04,0080,39.0,22.0,39.6,27.1,98.5,73.0,1.880,37,FULL (2916),1000.0,1.0,70847377,118600,114881,NOTREADY
2024-02-08 12:33:48.920296,4.87E+04,0080,39.0,22.0,39.6,27.1,98.5,73.0,1.882,37,FULL (2916),1000.0,1.0,70847377,120402,116253,NOTREADY
2024-02-08 12:33:49.921290,4.94E+04,0080,39.0,22.0,39.6,27.1,98.5,72.9,1.882,37,FULL (2915),1000.0,1.0,70847377,121797,118080,NOTREADY
2024-02-08 12:33:50.922555,5.11E+04,0080,39.0,22.0,39.6,27.1,98.5,72.8,1.882,37,FULL (2914),1000.0,1.0,70847377,125183,121376,NOTREADY
2024-02-08 12:33:51.922499,4.97E+04,0080,39.0,22.0,39.6,27.1,98.5,72.7,1.880,37,FULL (2913),1000.0,1.0,70847377,124490,120355,NOTREADY
2024-02-08 12:33:52.922595,5.14E+04,0080,39.0,22.0,39.6,27.1,98.5,72.7,1.880,37,FULL (2912),1000.0,1.0,70847377,127987,123200,NOTREADY
2024-02-08 12:33:53.924255,4.78E+04,0080,39.0,22.0,39.6,27.1,98.5,72.6,1.880,37,FULL (2912),1000.0,1.0,70847377,121696,117583,NOTREADY
2024-02-08 12:33:54.924183,4.85E+04,0080,39.0,22.0,39.6,27.1,98.5,72.5,1.882,37,FULL (2911),1000.0,1.0,70847377,120460,116100,NOTREADY
2024-02-08 12:33:55.924149,4.76E+04,0080,39.0,22.0,39.6,27.1,98.5,72.4,1.880,37,FULL (2910),1000.0,1.0,70847377,117371,113775,NOTREADY
2024-02-08 12:33:56.924860,4.89E+04,0080,39.0,22.0,39.6,27.1,98.5,72.3,1.880,37,FULL (2909),1000.0,1.0,70847377,123599,119908,NOTREADY
2024-02-08 12:33:57.911101,4.94E+04,0080,39.0,22.0,39.6,27.1,98.5,72.2,1.878,37,FULL (2908),1000.0,1.0,70847377,125124,120910,NOTREADY
2024-02-08 12:33:58.911270,4.98E+04,0080,39.0,22.0,39.6,27.1,98.5,72.1,1.880,37,FULL (2908),1000.0,1.0,70847377,124674,120398,NOTREADY
2024-02-08 12:33:59.914237,4.88E+04,0080,39.0,22.0,39.6,27.1,98.5,72.0,1.878,37,FULL (2908),1000.0,1.0,70847377,121393,116923,NOTREADY
2024-02-08 12:34:00.915037,4.75E+04,0080,39.0,22.0,39.7,27.1,98.5,72.0,1.880,37,FULL (2907),1000.0,1.0,70847377,119231,115333,NOTREADY
2024-02-08 12:34:01.916584,4.69E+04,0080,39.0,22.0,39.7,27.1,98.5,71.9,1.878,37,FULL (2905),1000.0,1.0,70847377,118180,114243,NOTREADY
2024-02-08 12:34:02.916819,4.90E+04,0080,39.0,22.0,39.7,27.1,98.5,71.8,1.878,37,FULL (2905),1000.0,1.0,70847377,119718,116179,NOTREADY
2024-02-08 12:34:03.917092,4.99E+04,0080,39.0,22.0,39.7,27.1,98.5,71.7,1.878,37,FULL (2904),1000.0,1.0,70847377,122422,118655,NOTREADY
2024-02-08 12:34:04.920052,4.98E+04,0080,39.0,22.0,39.8,27.1,98.5,71.6,1.878,37,FULL (2903),1000.0,1.0,70847377,124132,119812,NOTREADY
2024-02-08 12:34:05.921050,4.81E+04,0080,39.0,22.0,39.8,27.1,98.5,71.5,1.878,37,FULL (2902),1000.0,1.0,70847377,121045,116259,NOTREADY
2024-02-08 12:34:06.921077,4.55E+04,0080,39.0,22.0,39.9,27.1,98.5,71.4,1.878,37,FULL (2901),1000.0,1.0,70847377,115441,111829,NOTREADY
2024-02-08 12:34:07.921769,4.61E+04,0080,39.0,22.0,39.9,27.1,98.5,71.3,1.878,37,FULL (2901),1000.0,1.0,70847377,115742,111695,NOTREADY
2024-02-08 12:34:08.923070,4.60E+04,0080,39.0,22.0,39.9,27.2,98.5,71.3,1.878,37,FULL (2900),1000.0,1.0,70847377,113751,110236,NOTREADY
2024-02-08 12:34:09.922972,4.56E+04,0080,39.0,22.0,40.0,27.1,98.5,71.2,1.878,37,FULL (2899),1000.0,1.0,70847377,113388,109839,NOTREADY
2024-02-08 12:34:10.923363,4.55E+04,0080,39.0,22.0,40.0,27.2,98.5,71.1,1.878,37,FULL (2897),1000.0,1.0,70847377,113372,109969,NOTREADY
2024-02-08 12:34:11.923417,4.48E+04,0080,39.0,22.0,40.0,27.2,98.5,71.0,1.878,37,FULL (2898),1000.0,1.0,70847377,112870,109184,NOTREADY
2024-02-08 12:34:12.909339,4.56E+04,0080,39.0,22.0,40.0,27.2,98.5,70.9,1.878,37,FULL (2898),1000.0,1.0,70847377,114445,110937,NOTREADY
2024-02-08 12:34:13.909480,4.53E+04,0080,39.0,22.0,40.0,27.2,98.5,70.9,1.878,37,FULL (2897),1000.0,1.0,70847377,113638,110048,NOTREADY
2024-02-08 12:34:14.911179,4.40E+04,0080,39.0,22.0,40.0,27.2,98.5,70.8,1.878,37,FULL (2896),1000.0,1.0,70847377,112064,108683,NOTREADY
2024-02-08 12:34:15.912009,4.59E+04,0080,39.0,22.0,40.0,27.2,98.5,70.6,1.878,37,FULL (2895),1000.0,1.0,70847377,113917,110223,NOTREADY
2024-02-08 12:34:16.913807,4.71E+04,0080,39.0,22.0,40.0,27.2,98.5,70.6,1.875,37,FULL (2894),1000.0,1.0,70847377,116420,112961,NOTREADY
2024-02-08 12:34:17.913857,4.54E+04,0080,39.0,22.0,40.0,27.2,98.5,70.5,1.878,37,FULL (2894),1000.0,1.0,70847377,114953,111375,NOTREADY
2024-02-08 12:34:18.913965,4.54E+04,0080,39.0,22.0,40.0,27.2,98.5,70.4,1.875,37,FULL (2893),1000.0,1.0,70847377,115372,111798,NOTREADY
2024-02-08 12:34:19.916620,4.76E+04,0080,39.0,22.0,40.0,27.2,98.5,70.3,1.878,37,FULL (2892),1000.0,1.0,70847377,116869,113378,NOTREADY
2024-02-08 12:34:20.918312,4.89E+04,0080,39.0,22.0,40.1,27.2,98.5,70.2,1.875,37,FULL (2891),1000.0,1.0,70847377,121207,117627,NOTREADY
2024-02-08 12:34:21.918192,4.88E+04,0080,39.0,22.0,40.1,27.2,98.6,70.2,1.878,37,FULL (2891),1000.0,1.0,70847377,123114,118830,NOTREADY
2024-02-08 12:34:22.917982,4.84E+04,0080,39.0,22.0,40.1,27.2,98.5,70.1,1.878,37,FULL (2892),1000.0,1.0,70847377,121040,116865,NOTREADY
2024-02-08 12:34:23.919372,5.10E+04,0080,39.0,22.0,40.2,27.2,98.5,69.9,1.875,37,FULL (2892),1000.0,1.0,70847377,123480,119909,NOTREADY
2024-02-08 12:34:24.920959,4.65E+04,0080,39.0,22.0,40.2,27.2,98.5,69.9,1.878,37,FULL (2892),1000.0,1.0,70847377,119916,114689,NOTREADY
2024-02-08 12:34:25.921015,4.58E+04,0080,39.0,22.0,40.3,27.2,98.5,69.8,1.878,37,FULL (2888),1000.0,1.0,70847377,113353,109996,NOTREADY
2024-02-08 12:34:26.921736,4.64E+04,0080,39.0,22.0,40.3,27.2,98.5,69.7,1.875,37,FULL (2887),1000.0,1.0,70847377,115638,111851,NOTREADY
2024-02-08 12:34:27.922562,4.65E+04,0080,39.0,22.0,40.3,27.2,98.5,69.6,1.875,37,FULL (2887),1000.0,1.0,70847377,115281,112217,NOTREADY
2024-02-08 12:34:28.923255,4.67E+04,0080,39.0,22.0,40.3,27.2,98.5,69.6,1.875,37,FULL (2885),1000.0,1.0,70847377,116717,112530,NOTREADY
2024-02-08 12:34:29.923114,4.62E+04,0080,39.0,22.0,40.3,27.2,98.5,69.5,1.878,37,FULL (2884),1000.0,1.0,70847377,114746,111006,NOTREADY
2024-02-08 12:34:30.922859,4.69E+04,0080,39.0,22.0,40.3,27.2,98.5,69.4,1.875,37,FULL (2884),1000.0,1.0,70847377,115238,111996,NOTREADY
2024-02-08 12:34:31.924820,4.72E+04,0080,39.0,22.0,40.4,27.2,98.5,69.3,1.875,37,FULL (2884),1000.0,1.0,70847377,117205,113383,NOTREADY
2024-02-08 12:34:32.909831,4.66E+04,0080,39.0,22.0,40.4,27.2,98.5,69.5,1.878,37,FULL (2883),1000.0,1.0,70847377,116166,112250,NOTREADY
2024-02-08 12:34:33.910556,4.75E+04,0080,39.0,22.0,40.4,27.2,98.5,71.4,1.875,37,FULL (2882),1000.0,1.0,70847377,116439,112903,NOTREADY
2024-02-08 12:34:34.913587,4.66E+04,0080,39.0,22.0,40.4,27.2,98.5,72.4,1.875,37,FULL (2881),1000.0,1.0,70847377,115874,112326,NOTREADY
2024-02-08 12:34:35.914466,4.55E+04,0080,39.0,22.0,40.4,27.2,98.5,73.4,1.875,37,FULL (2881),1000.0,1.0,70847377,114237,110264,NOTREADY
2024-02-08 12:34:36.914424,4.61E+04,0080,39.0,22.0,40.4,27.2,98.5,74.4,1.878,37,FULL (2880),1000.0,1.0,70847377,115360,111696,NOTREADY
2024-02-08 12:34:37.914284,4.57E+04,0080,39.0,22.0,40.4,27.2,98.5,75.3,1.878,37,FULL (2878),1000.0,1.0,70847377,114109,110446,NOTREADY
2024-02-08 12:34:38.915743,4.54E+04,0080,39.0,22.0,40.4,27.2,98.5,76.1,1.878,37,FULL (2877),1000.0,1.0,70847377,113726,110436,NOTREADY
2024-02-08 12:34:39.915470,4.67E+04,0080,39.0,22.0,40.4,27.2,98.5,76.9,1.878,37,FULL (2876),1000.0,1.0,70847377,116005,111873,NOTREADY
2024-02-08 12:34:40.916154,4.63E+04,0080,39.0,22.0,40.4,27.2,98.5,77.5,1.878,37,FULL (2875),1000.0,1.0,70847377,114455,111163,NOTREADY
2024-02-08 12:34:41.916059,4.47E+04,0080,39.0,22.0,40.4,27.2,98.5,78.0,1.878,37,FULL (2874),1000.0,1.0,70847377,114400,110743,NOTREADY
2024-02-08 12:34:42.917329,4.54E+04,0080,39.0,22.0,40.4,27.2,98.5,79.0,1.875,37,FULL (2874),1000.0,1.0,70847377,112840,109217,NOTREADY
2024-02-08 12:34:43.917889,4.44E+04,0080,39.0,22.0,40.4,27.2,98.5,79.4,1.878,37,FULL (2872),1000.0,1.0,70847377,112322,109054,NOTREADY
2024-02-08 12:34:44.919169,4.57E+04,0080,39.0,22.0,40.4,27.2,98.5,79.8,1.878,37,FULL (2871),1000.0,1.0,70847377,114944,111619,NOTREADY
2024-02-08 12:34:45.919989,4.73E+04,0080,39.0,22.0,40.4,27.2,98.5,80.1,1.880,37,FULL (2870),1000.0,1.0,70847377,118964,115276,NOTREADY
2024-02-08 12:34:46.921841,4.73E+04,0080,39.0,22.0,40.3,27.2,98.5,80.4,1.878,37,FULL (2870),1000.0,1.0,70847377,118309,114274,NOTREADY
2024-02-08 12:34:47.921902,4.61E+04,0080,39.0,22.0,40.3,27.2,98.5,80.7,1.880,37,FULL (2870),1000.0,1.0,70847377,117336,113525,NOTREADY
2024-02-08 12:34:48.922605,4.68E+04,0080,39.0,22.0,40.3,27.2,98.5,80.9,1.880,37,FULL (2869),1000.0,1.0,70847377,117878,114042,NOTREADY
2024-02-08 12:34:49.909780,4.68E+04,0080,39.0,22.0,40.2,27.2,98.5,81.2,1.880,37,FULL (2868),1000.0,1.0,70847377,118255,114397,NOTREADY
2024-02-08 12:34:50.910996,4.61E+04,0080,39.0,22.0,40.2,27.2,98.5,81.4,1.880,37,FULL (2867),1000.0,1.0,70847377,115397,111664,NOTREADY
2024-02-08 12:34:51.910864,4.73E+04,0080,39.0,22.0,40.2,27.2,98.5,81.8,1.880,37,FULL (2866),1000.0,1.0,70847377,117027,113631,NOTREADY
2024-02-08 12:34:52.911670,4.79E+04,0080,39.0,22.0,40.1,27.2,98.5,82.0,1.882,37,FULL (2866),1000.0,1.0,70847377,119201,115366,NOTREADY
2024-02-08 12:34:53.912807,4.82E+04,0080,39.0,22.0,40.1,27.2,98.5,82.1,1.882,37,FULL (2865),1000.0,1.0,70847377,120085,116222,NOTREADY
2024-02-08 12:34:54.912916,4.64E+04,0080,39.0,22.0,40.1,27.2,98.5,82.2,1.880,37,FULL (2864),1000.0,1.0,70847377,119175,115110,NOTREADY
2024-02-08 12:34:55.912971,4.75E+04,0080,39.0,22.0,40.0,27.2,98.5,82.4,1.882,37,FULL (2864),1000.0,1.0,70847377,117375,113865,NOTREADY
2024-02-08 12:34:56.913670,4.72E+04,0080,39.0,22.0,40.0,27.2,98.5,82.5,1.880,37,FULL (2863),1000.0,1.0,70847377,119270,115072,NOTREADY
2024-02-08 12:34:57.914711,4.74E+04,0080,39.0,22.0,39.9,27.2,98.5,82.6,1.882,37,FULL (2862),1000.0,1.0,70847377,117550,113847,NOTREADY
2024-02-08 12:34:58.914690,4.68E+04,0080,39.0,22.0,39.8,27.2,98.5,82.6,1.882,37,FULL (2860),1000.0,1.0,70847377,117457,113514,NOTREADY
2024-02-08 12:34:59.915244,4.69E+04,0080,39.0,22.0,39.8,27.2,98.5,82.7,1.882,37,FULL (2861),1000.0,1.0,70847377,117402,113787,NOTREADY
2024-02-08 12:35:00.915269,4.71E+04,0080,39.0,22.0,39.7,27.2,98.5,82.9,1.882,37,FULL (2860),1000.0,1.0,70847377,116798,113070,NOTREADY
2024-02-08 12:35:01.916776,4.71E+04,0080,39.0,22.0,39.7,27.2,98.5,83.0,1.882,37,FULL (2859),1000.0,1.0,70847377,119055,115579,NOTREADY
2024-02-08 12:35:02.916961,4.70E+04,0080,39.0,22.0,39.6,27.2,98.5,83.0,1.882,37,FULL (2860),1000.0,1.0,70847377,120734,116514,NOTREADY
2024-02-08 12:35:03.917041,4.61E+04,0080,39.0,22.0,39.6,27.2,98.5,83.1,1.882,37,FULL (2859),1000.0,1.0,70847377,116795,112762,NOTREADY
2024-02-08 12:35:04.919773,4.83E+04,0080,39.0,22.0,39.5,27.2,98.5,83.2,1.882,37,FULL (2858),1000.0,1.0,70847377,119673,116193,NOTREADY
2024-02-08 12:35:05.920729,4.76E+04,0080,39.0,22.0,39.5,27.2,98.5,83.2,1.882,37,FULL (2858),1000.0,1.0,70847377,119874,115712,NOTREADY
2024-02-08 12:35:06.920762,4.72E+04,0080,39.0,22.0,39.5,27.2,98.5,83.3,1.882,37,FULL (2857),1000.0,1.0,70847377,117875,114053,NOTREADY
2024-02-08 12:35:07.921515,4.61E+04,0080,39.0,22.0,39.5,27.3,98.5,83.3,1.882,37,FULL (2857),1000.0,1.0,70847377,116136,112380,NOTREADY
2024-02-08 12:35:08.922791,4.87E+04,0080,39.0,22.0,39.5,27.3,98.5,83.4,1.882,37,FULL (2855),1000.0,1.0,70847377,121322,117785,NOTREADY
2024-02-08 12:35:09.923911,4.76E+04,0080,39.0,22.0,39.5,27.2,98.5,83.4,1.882,37,FULL (2856),1000.0,1.0,70847377,120792,116809,NOTREADY
2024-02-08 12:35:10.923817,4.69E+04,0080,39.0,22.0,39.5,27.3,98.5,83.4,1.882,37,FULL (2854),1000.0,1.0,70847377,119738,115630,NOTREADY
2024-02-08 12:35:11.924312,4.73E+04,0080,39.0,22.0,39.5,27.3,98.5,83.5,1.882,37,FULL (2854),1000.0,1.0,70847377,119120,115316,NOTREADY
2024-02-08 12:35:12.910109,4.79E+04,0080,39.0,22.0,39.5,27.3,98.5,83.5,1.880,37,FULL (2853),1000.0,1.0,70847377,120048,115935,NOTREADY
2024-02-08 12:35:13.910492,4.78E+04,0080,39.0,22.0,39.5,27.3,98.5,83.5,1.880,37,FULL (2853),1000.0,1.0,70847377,120097,116449,NOTREADY
2024-02-08 12:35:14.911935,4.88E+04,0080,39.0,22.0,39.5,27.3,98.5,83.6,1.880,37,FULL (2853),1000.0,1.0,70847377,122226,118170,NOTREADY
2024-02-08 12:35:15.911739,4.79E+04,0080,39.0,22.0,39.5,27.3,98.5,83.6,1.880,37,FULL (2853),1000.0,1.0,70847377,120766,116766,NOTREADY
2024-02-08 12:35:16.913062,4.85E+04,0080,39.0,22.0,39.6,27.3,98.5,83.6,1.880,37,FULL (2852),1000.0,1.0,70847377,120835,116457,NOTREADY
2024-02-08 12:35:17.913807,4.71E+04,0080,39.0,22.0,39.6,27.3,98.5,83.6,1.880,37,FULL (2852),1000.0,1.0,70847377,118278,114939,NOTREADY
2024-02-08 12:35:18.913895,4.84E+04,0080,39.0,22.0,39.6,27.3,98.5,83.6,1.880,37,FULL (2852),1000.0,1.0,70847377,122114,117942,NOTREADY
2024-02-08 12:35:19.916676,4.92E+04,0080,39.0,22.0,39.6,27.3,98.5,83.6,1.880,37,FULL (2851),1000.0,1.0,70847377,122274,118177,NOTREADY
2024-02-08 12:35:20.917881,4.80E+04,0080,39.0,22.0,39.7,27.3,98.5,83.6,1.880,37,FULL (2851),1000.0,1.0,70847377,120890,117005,NOTREADY
2024-02-08 12:35:21.918279,4.82E+04,0080,39.0,22.0,39.7,27.3,98.6,83.6,1.878,37,FULL (2850),1000.0,1.0,70847377,120687,116596,NOTREADY
2024-02-08 12:35:22.918908,4.75E+04,0080,39.0,22.0,39.7,27.3,98.5,83.6,1.880,37,FULL (2850),1000.0,1.0,70847377,118793,114736,NOTREADY
2024-02-08 12:35:23.921671,4.72E+04,0080,39.0,22.0,39.8,27.3,98.5,83.6,1.880,37,FULL (2850),1000.0,1.0,70847377,118201,114372,NOTREADY
2024-02-08 12:35:24.922670,4.62E+04,0080,39.0,22.0,39.8,27.3,98.5,83.6,1.880,37,FULL (2849),1000.0,1.0,70847377,117330,113254,NOTREADY
2024-02-08 12:35:25.922569,4.61E+04,0080,39.0,22.0,39.8,27.3,98.5,83.6,1.878,37,FULL (2848),1000.0,1.0,70847377,115963,112356,NOTREADY
2024-02-08 12:35:26.923383,4.61E+04,0080,39.0,22.0,39.8,27.3,98.5,83.6,1.880,37,FULL (2849),1000.0,1.0,70847377,117731,113888,NOTREADY
2024-02-08 12:35:27.909748,4.67E+04,0080,39.0,22.0,39.8,27.3,98.5,83.6,1.878,37,FULL (2849),1000.0,1.0,70847377,115559,111992,NOTREADY
2024-02-08 12:35:28.909914,4.65E+04,0080,39.0,22.0,39.9,27.3,98.5,83.6,1.878,37,FULL (2847),1000.0,1.0,70847377,115950,112154,NOTREADY
2024-02-08 12:35:29.911216,4.71E+04,0080,39.0,22.0,39.9,27.3,98.5,83.6,1.878,37,FULL (2846),1000.0,1.0,70847377,115950,112240,NOTREADY
2024-02-08 12:35:30.911309,4.69E+04,0080,39.0,22.0,40.0,27.3,98.5,83.6,1.878,37,FULL (2846),1000.0,1.0,70847377,116291,112963,NOTREADY
2024-02-08 12:35:31.912208,4.72E+04,0080,39.0,22.0,40.0,27.3,98.5,83.6,1.878,37,FULL (2846),1000.0,1.0,70847377,118474,114460,NOTREADY
2024-02-08 12:35:32.912038,4.63E+04,0080,39.0,22.0,40.0,27.3,98.5,83.6,1.878,37,FULL (2845),1000.0,1.0,70847377,117961,114273,NOTREADY
2024-02-08 12:35:33.912454,4.65E+04,0080,39.0,22.0,40.1,27.3,98.5,83.6,1.878,37,FULL (2844),1000.0,1.0,70847377,117636,113752,NOTREADY
2024-02-08 12:35:34.915157,4.63E+04,0080,39.0,22.0,40.1,27.3,98.5,83.6,1.878,37,FULL (2849),1000.0,1.0,70847377,115946,112108,NOTREADY
2024-02-08 12:35:35.916089,4.58E+04,0080,39.0,22.0,40.1,27.3,98.5,83.5,1.878,37,FULL (2843),1000.0,1.0,70847377,115424,111453,NOTREADY
2024-02-08 12:35:36.916873,4.48E+04,0080,39.0,22.0,40.2,27.3,98.5,83.5,1.878,37,FULL (2843),1000.0,1.0,70847377,112776,109186,NOTREADY
2024-02-08 12:35:37.916751,4.44E+04,0080,39.0,22.0,40.2,27.3,98.5,83.5,1.878,37,FULL (2844),1000.0,1.0,70847377,111199,107566,NOTREADY
2024-02-08 12:35:38.918712,4.45E+04,0080,39.0,22.0,40.3,27.3,98.5,83.4,1.878,37,FULL (2843),1000.0,1.0,70847377,111553,108259,NOTREADY
2024-02-08 12:35:39.920621,4.52E+04,0080,39.0,22.0,40.3,27.3,98.5,83.4,1.878,37,FULL (2842),1000.0,1.0,70847377,112655,109575,NOTREADY
2024-02-08 12:35:40.920436,4.67E+04,0080,39.0,22.0,40.3,27.3,98.5,83.4,1.878,37,FULL (2842),1000.0,1.0,70847377,115438,111810,NOTREADY
2024-02-08 12:35:41.920354,4.81E+04,0080,39.0,22.0,40.3,27.3,98.5,83.4,1.878,37,FULL (2842),1000.0,1.0,70847377,119081,115435,NOTREADY
2024-02-08 12:35:42.921342,4.85E+04,0080,39.0,22.0,40.4,27.3,98.5,83.4,1.875,37,FULL (2842),1000.0,1.0,70847377,119354,115660,NOTREADY
2024-02-08 12:35:43.921169,4.57E+04,0080,39.0,22.0,40.4,27.3,98.5,83.4,1.878,37,FULL (2840),1000.0,1.0,70847377,117252,113298,NOTREADY
2024-02-08 12:35:44.922028,4.68E+04,0080,39.0,22.0,40.4,27.3,98.5,83.3,1.875,37,FULL (2840),1000.0,1.0,70847377,116590,112766,NOTREADY
2024-02-08 12:35:45.922865,4.68E+04,0080,39.0,22.0,40.4,27.3,98.5,83.3,1.878,37,FULL (2840),1000.0,1.0,70847377,117796,113905,NOTREADY
2024-02-08 12:35:46.924717,4.80E+04,0080,39.0,22.0,40.4,27.3,98.5,83.3,1.875,37,FULL (2839),1000.0,1.0,70847377,118391,114662,NOTREADY
2024-02-08 12:35:47.909240,4.66E+04,0080,39.0,22.0,40.4,27.3,98.5,83.3,1.878,37,FULL (2839),1000.0,1.0,70847377,116011,111948,NOTREADY
2024-02-08 12:35:48.909417,4.33E+04,0080,39.0,22.0,40.4,27.3,98.6,83.2,1.878,37,FULL (2838),1000.0,1.0,70847377,110742,106888,NOTREADY
2024-02-08 12:35:49.911554,4.27E+04,0080,39.0,22.0,40.4,27.3,98.5,83.2,1.878,37,FULL (2839),1000.0,1.0,70847377,107281,103753,NOTREADY
2024-02-08 12:35:50.913354,4.21E+04,0080,39.0,22.0,40.4,27.3,98.5,83.2,1.878,37,FULL (2838),1000.0,1.0,70847377,105740,102696,NOTREADY
2024-02-08 12:35:51.913522,4.19E+04,0080,39.0,22.0,40.4,27.3,98.5,83.2,1.878,37,FULL (2837),1000.0,1.0,70847377,107013,103763,NOTREADY
2024-02-08 12:35:52.913563,4.32E+04,0080,39.0,22.0,40.3,27.3,98.5,83.2,1.875,37,FULL (2837),1000.0,1.0,70847377,107096,104027,NOTREADY
2024-02-08 12:35:53.914611,4.36E+04,0080,39.0,22.0,40.3,27.3,98.5,83.2,1.880,37,FULL (2837),1000.0,1.0,70847377,107687,104497,NOTREADY
2024-02-08 12:35:54.916482,4.26E+04,0080,39.0,22.0,40.3,27.3,98.5,83.2,1.878,37,FULL (2836),1000.0,1.0,70847377,106075,102749,NOTREADY
2024-02-08 12:35:55.916274,4.32E+04,0080,39.0,22.0,40.3,27.3,98.5,83.2,1.878,37,FULL (2836),1000.0,1.0,70847377,107308,104279,NOTREADY
2024-02-08 12:35:56.916988,4.30E+04,0080,39.0,22.0,40.3,27.3,98.5,83.2,1.880,37,FULL (2836),1000.0,1.0,70847377,107927,104794,NOTREADY
2024-02-08 12:35:57.918756,4.39E+04,0080,39.0,22.0,40.3,27.3,98.5,83.2,1.878,37,FULL (2835),1000.0,1.0,70847377,109163,105870,NOTREADY
2024-02-08 12:35:58.919160,4.34E+04,0080,39.0,22.0,40.3,27.3,98.5,83.2,1.880,37,FULL (2835),1000.0,1.0,70847377,109066,105684,NOTREADY
2024-02-08 12:35:59.920654,4.47E+04,0080,39.0,22.0,40.3,27.3,98.5,83.2,1.878,37,FULL (2835),1000.0,1.0,70847377,109038,105783,NOTREADY
2024-02-08 12:36:00.920563,4.28E+04,0080,39.0,22.0,40.3,27.3,98.5,83.2,1.880,37,FULL (2834),1000.0,1.0,70847377,107253,104015,NOTREADY
2024-02-08 12:36:01.922298,4.23E+04,0080,39.0,22.0,40.3,27.3,98.5,83.2,1.880,37,FULL (2832),1000.0,1.0,70847377,107965,104585,NOTREADY
2024-02-08 12:36:02.922244,4.30E+04,0080,39.0,22.0,40.2,27.3,98.5,83.2,1.880,37,FULL (2832),1000.0,1.0,70847377,106675,103730,NOTREADY
2024-02-08 12:36:03.922812,4.32E+04,0080,39.0,22.0,40.2,27.3,98.5,83.1,1.880,37,FULL (2832),1000.0,1.0,70847377,107585,104175,NOTREADY
2024-02-08 12:36:04.924076,4.29E+04,0080,39.0,22.0,40.2,27.3,98.5,83.1,1.880,37,FULL (2832),1000.0,1.0,70847377,107230,104121,NOTREADY
2024-02-08 12:36:05.909648,4.26E+04,0080,39.0,22.0,40.2,27.3,98.5,83.1,1.880,37,FULL (2830),1000.0,1.0,70847377,107408,104046,NOTREADY
2024-02-08 12:36:06.909724,4.32E+04,0080,39.0,22.0,40.1,27.3,98.5,83.1,1.880,37,FULL (2831),1000.0,1.0,70847377,108274,105325,NOTREADY
2024-02-08 12:36:07.911286,4.31E+04,0080,39.0,22.0,40.1,27.3,98.5,83.1,1.882,37,FULL (2831),1000.0,1.0,70847377,108822,105737,NOTREADY
2024-02-08 12:36:08.912566,4.37E+04,0080,39.0,22.0,40.1,27.3,98.5,83.1,1.882,37,FULL (2832),1000.0,1.0,70847377,110346,106697,NOTREADY
2024-02-08 12:36:09.913675,4.46E+04,0080,39.0,22.0,40.1,27.3,98.5,83.1,1.880,37,FULL (2829),1000.0,1.0,70847377,112577,109214,NOTREADY
2024-02-08 12:36:10.913513,4.52E+04,0080,39.0,22.0,40.1,27.3,98.5,83.1,1.882,37,FULL (2830),1000.0,1.0,70847377,111699,108463,NOTREADY
2024-02-08 12:36:11.914058,4.48E+04,0080,39.0,22.0,40.0,27.3,98.5,83.1,1.882,37,FULL (2831),1000.0,1.0,70847377,112808,109256,NOTREADY
2024-02-08 12:36:12.915556,4.42E+04,0080,39.0,22.0,40.0,27.3,98.5,83.1,1.880,37,FULL (2832),1000.0,1.0,70847377,109657,105799,NOTREADY
2024-02-08 12:36:13.915517,4.24E+04,0080,39.0,22.0,40.0,27.3,98.5,83.1,1.882,37,FULL (2828),1000.0,1.0,70847377,107976,104774,NOTREADY
2024-02-08 12:36:14.916406,4.40E+04,0080,39.0,22.0,40.0,27.3,98.5,83.1,1.882,37,FULL (2831),1000.0,1.0,70847377,108864,105899,NOTREADY
2024-02-08 12:36:15.917160,4.43E+04,0080,39.0,22.0,39.9,27.3,98.5,83.1,1.882,37,FULL (2827),1000.0,1.0,70847377,110739,107253,NOTREADY
2024-02-08 12:36:16.918237,4.43E+04,0080,39.0,22.0,39.9,27.3,98.5,83.1,1.882,37,FULL (2827),1000.0,1.0,70847377,110576,107381,NOTREADY
2024-02-08 12:36:17.920200,4.46E+04,0080,39.0,22.0,39.9,27.3,98.5,83.1,1.884,37,FULL (2826),1000.0,1.0,70847377,111157,107506,NOTREADY
2024-02-08 12:36:18.920858,4.44E+04,0080,39.0,22.0,39.9,27.3,98.5,83.0,1.882,37,FULL (2827),1000.0,1.0,70847377,110500,107361,NOTREADY
2024-02-08 12:36:19.922055,4.40E+04,0080,39.0,22.0,39.8,27.3,98.5,83.0,1.882,37,FULL (2826),1000.0,1.0,70847377,110373,106914,NOTREADY
2024-02-08 12:36:20.923633,4.46E+04,0080,39.0,22.0,39.8,27.3,98.5,83.0,1.882,37,FULL (2825),1000.0,1.0,70847377,110707,107282,NOTREADY
2024-02-08 12:36:21.923398,4.47E+04,0080,39.0,22.0,39.8,27.3,98.5,83.0,1.882,37,FULL (2825),1000.0,1.0,70847377,112900,109530,NOTREADY
2024-02-08 12:36:22.923326,4.56E+04,0080,39.0,22.0,39.8,27.3,98.5,83.0,1.882,37,FULL (2823),1000.0,1.0,70847377,112388,108855,NOTREADY
2024-02-08 12:36:23.909572,4.51E+04,0080,39.0,22.0,39.7,27.3,98.5,83.0,1.882,37,FULL (2824),1000.0,1.0,70847377,111274,107823,NOTREADY
2024-02-08 12:36:24.910485,4.38E+04,0080,39.0,22.0,39.7,27.3,98.5,83.0,1.882,37,FULL (2824),1000.0,1.0,70847377,111782,108535,NOTREADY
2024-02-08 12:36:25.910451,4.44E+04,0080,39.0,22.0,39.7,27.3,98.5,83.0,1.882,37,FULL (2824),1000.0,1.0,70847377,112441,108724,NOTREADY
2024-02-08 12:36:26.910819,4.46E+04,0080,39.0,22.0,39.7,27.3,98.5,83.0,1.882,37,FULL (2821),1000.0,1.0,70847377,112801,109554,NOTREADY
2024-02-08 12:36:27.912281,4.48E+04,0080,39.0,22.0,39.7,27.3,98.5,83.0,1.882,37,FULL (2821),1000.0,1.0,70847377,112207,108432,NOTREADY
2024-02-08 12:36:28.912100,4.38E+04,0080,39.0,22.0,39.7,27.3,98.5,83.0,1.882,37,FULL (2822),1000.0,1.0,70847377,110373,106985,NOTREADY
2024-02-08 12:36:29.913802,4.42E+04,0080,39.0,22.0,39.7,27.3,98.5,82.9,1.882,37,FULL (2821),1000.0,1.0,70847377,110873,107756,NOTREADY
2024-02-08 12:36:30.913953,4.49E+04,0080,39.0,22.0,39.7,27.3,98.5,82.9,1.882,37,FULL (2821),1000.0,1.0,70847377,113494,110031,NOTREADY
2024-02-08 12:36:31.915790,4.53E+04,0080,39.0,22.0,39.7,27.3,98.5,82.9,1.882,37,FULL (2822),1000.0,1.0,70847377,113312,109526,NOTREADY
2024-02-08 12:36:32.915631,4.52E+04,0080,39.0,22.0,39.7,27.3,98.5,82.9,1.882,37,FULL (2824),1000.0,1.0,70847377,113248,109955,NOTREADY
2024-02-08 12:36:33.915832,4.71E+04,0080,39.0,22.0,39.7,27.3,98.5,82.9,1.880,37,FULL (2819),1000.0,1.0,70847377,115438,111723,NOTREADY
2024-02-08 12:36:34.915741,4.52E+04,0080,39.0,22.0,39.7,27.3,98.5,82.9,1.882,37,FULL (2821),1000.0,1.0,70847377,114434,110856,NOTREADY
2024-02-08 12:36:35.917684,4.61E+04,0080,39.0,22.0,39.7,27.3,98.5,82.9,1.882,37,FULL (2819),1000.0,1.0,70847377,114339,110686,NOTREADY
2024-02-08 12:36:36.917869,4.69E+04,0080,39.0,22.0,39.7,27.3,98.5,82.9,1.882,37,FULL (2817),1000.0,1.0,70847377,115016,111474,NOTREADY
2024-02-08 12:36:37.917937,4.60E+04,0080,39.0,22.0,39.7,27.3,98.5,82.9,1.880,37,FULL (2818),1000.0,1.0,70847377,113868,110487,NOTREADY
2024-02-08 12:36:38.919212,4.61E+04,0080,39.0,22.0,39.8,27.3,98.5,82.9,1.880,37,FULL (2817),1000.0,1.0,70847377,114587,110866,NOTREADY
2024-02-08 12:36:39.920053,4.61E+04,0080,39.0,22.0,39.8,27.3,98.5,82.9,1.880,37,FULL (2816),1000.0,1.0,70847377,114182,110338,NOTREADY
2024-02-08 12:36:40.920458,4.53E+04,0080,39.0,22.0,39.8,27.3,98.5,82.9,1.880,37,FULL (2815),1000.0,1.0,70847377,112967,109330,NOTREADY
2024-02-08 12:36:41.920665,4.65E+04,0080,39.0,22.0,39.8,27.3,98.5,82.8,1.880,37,FULL (2814),1000.0,1.0,70847377,114566,111112,NOTREADY
2024-02-08 12:36:42.921870,4.53E+04,0080,39.0,22.0,39.9,27.3,98.5,82.8,1.880,37,FULL (2815),1000.0,1.0,70847377,116076,112998,NOTREADY
2024-02-08 12:36:43.922058,4.94E+04,0080,39.0,22.0,39.9,27.3,98.5,82.8,1.880,37,FULL (2815),1000.0,1.0,70847377,122977,118975,NOTREADY
2024-02-08 12:36:44.923718,4.80E+04,0080,39.0,22.0,39.9,27.3,98.5,82.8,1.880,37,FULL (2813),1000.0,1.0,70847377,119994,115750,NOTREADY
2024-02-08 12:36:45.923477,4.63E+04,0080,39.0,22.0,39.9,27.3,98.5,82.8,1.880,37,FULL (2813),1000.0,1.0,70847377,117087,113196,NOTREADY
2024-02-08 12:36:46.909760,4.62E+04,0080,39.0,22.0,39.9,27.3,98.5,82.8,1.880,37,FULL (2811),1000.0,1.0,70847377,115738,111740,NOTREADY
2024-02-08 12:36:47.910249,4.53E+04,0080,39.0,22.0,40.0,27.3,98.5,82.8,1.878,37,FULL (2813),1000.0,1.0,70847377,115090,111748,NOTREADY
2024-02-08 12:36:48.910178,4.53E+04,0080,39.0,22.0,40.0,27.3,98.5,82.8,1.880,37,FULL (2811),1000.0,1.0,70847377,115769,112149,NOTREADY
2024-02-08 12:36:49.911329,4.61E+04,0080,39.0,22.0,40.0,27.3,98.5,82.8,1.880,37,FULL (2811),1000.0,1.0,70847377,117181,113325,NOTREADY
2024-02-08 12:36:50.912992,4.68E+04,0080,39.0,22.0,40.0,27.3,98.5,82.8,1.880,37,FULL (2812),1000.0,1.0,70847377,116661,113023,NOTREADY
2024-02-08 12:36:51.913711,4.67E+04,0080,39.0,22.0,40.0,27.3,98.5,82.8,1.878,37,FULL (2810),1000.0,1.0,70847377,116390,112515,NOTREADY
2024-02-08 12:36:52.913444,4.69E+04,0080,39.0,22.0,40.1,27.3,98.5,82.8,1.878,37,FULL (2809),1000.0,1.0,70847377,116446,112973,NOTREADY
2024-02-08 12:36:53.914305,4.76E+04,0080,39.0,22.0,40.1,27.3,98.5,82.8,1.880,37,FULL (2809),1000.0,1.0,70847377,117970,113956,NOTREADY
2024-02-08 12:36:54.915322,4.63E+04,0080,39.0,22.0,40.1,27.3,98.5,82.8,1.880,37,FULL (2808),1000.0,1.0,70847377,116742,113170,NOTREADY
2024-02-08 12:36:55.915337,4.53E+04,0080,39.0,22.0,40.1,27.3,98.5,82.8,1.878,37,FULL (2808),1000.0,1.0,70847377,115616,111664,NOTREADY
2024-02-08 12:36:56.916356,4.59E+04,0080,39.0,22.0,40.2,27.3,98.5,82.7,1.878,37,FULL (2807),1000.0,1.0,70847377,114418,110638,NOTREADY
2024-02-08 12:36:57.917309,4.55E+04,0080,39.0,22.0,40.2,27.3,98.5,82.8,1.878,37,FULL (2807),1000.0,1.0,70847377,113854,110300,NOTREADY
2024-02-08 12:36:58.917098,4.44E+04,0080,39.0,22.0,40.2,27.3,98.5,82.8,1.880,37,FULL (2807),1000.0,1.0,70847377,112207,108317,NOTREADY
2024-02-08 12:36:59.917944,4.50E+04,0080,39.0,22.0,40.2,27.3,98.5,82.8,1.878,37,FULL (2806),1000.0,1.0,70847377,111422,108523,NOTREADY
2024-02-08 12:37:00.918096,4.55E+04,0080,39.0,22.0,40.3,27.3,98.5,82.8,1.878,37,FULL (2805),1000.0,1.0,70847377,114256,110567,NOTREADY
2024-02-08 12:37:01.919025,4.49E+04,0080,39.0,22.0,40.3,27.3,98.5,82.7,1.875,37,FULL (2805),1000.0,1.0,70847377,112267,108739,NOTREADY
2024-02-08 12:37:02.919604,4.68E+04,0080,39.0,22.0,40.3,27.3,98.5,82.7,1.880,37,FULL (2804),1000.0,1.0,70847377,115225,111993,NOTREADY
2024-02-08 12:37:03.919516,4.75E+04,0080,39.0,22.0,40.3,27.3,98.5,82.7,1.878,37,FULL (2804),1000.0,1.0,70847377,119079,115403,NOTREADY
2024-02-08 12:37:04.921117,4.84E+04,0080,39.0,22.0,40.3,27.3,98.5,82.7,1.878,37,FULL (2802),1000.0,1.0,70847377,120777,116680,NOTREADY
2024-02-08 12:37:05.922873,4.97E+04,0080,39.0,22.0,40.3,27.3,98.5,82.7,1.880,37,FULL (2802),1000.0,1.0,70847377,121845,118132,NOTREADY
2024-02-08 12:37:06.923492,4.78E+04,0080,39.0,22.0,40.3,27.3,98.5,82.7,1.880,37,FULL (2801),1000.0,1.0,70847377,120591,116234,NOTREADY
2024-02-08 12:37:07.923265,4.82E+04,0080,39.0,22.0,40.3,27.3,98.5,82.7,1.880,37,FULL (2800),1000.0,1.0,70847377,118931,115182,NOTREADY
2024-02-08 12:37:08.924294,4.72E+04,0080,39.0,22.0,40.3,27.3,98.5,82.7,1.878,37,FULL (2800),1000.0,1.0,70847377,117591,114019,NOTREADY
2024-02-08 12:37:09.910191,4.85E+04,0080,39.0,22.0,40.3,27.3,98.5,82.7,1.880,37,FULL (2799),1000.0,1.0,70847377,120533,117034,NOTREADY
2024-02-08 12:37:10.910758,4.84E+04,0080,39.0,22.0,40.3,27.3,98.5,82.7,1.878,37,FULL (2800),1000.0,1.0,70847377,121463,116741,NOTREADY
2024-02-08 12:37:11.910643,4.67E+04,0080,39.0,22.0,40.3,27.3,98.5,82.7,1.880,37,FULL (2799),1000.0,1.0,70847377,116251,112923,NOTREADY
2024-02-08 12:37:12.911653,4.71E+04,0080,39.0,22.0,40.2,27.3,98.5,82.7,1.880,37,FULL (2799),1000.0,1.0,70847377,121074,117150,NOTREADY
2024-02-08 12:37:13.911849,4.93E+04,0080,39.0,22.0,40.2,27.3,98.5,82.7,1.880,37,FULL (2797),1000.0,1.0,70847377,122993,119060,NOTREADY
2024-02-08 12:37:14.911626,4.81E+04,0080,39.0,22.0,40.2,27.3,98.5,82.7,1.882,37,FULL (2796),1000.0,1.0,70847377,120933,116803,NOTREADY
2024-02-08 12:37:15.911416,4.98E+04,0080,39.0,22.0,40.2,27.3,98.6,82.7,1.880,37,FULL (2796),1000.0,1.0,70847377,122597,118832,NOTREADY
2024-02-08 12:37:16.912725,4.98E+04,0080,39.0,22.0,40.1,27.3,98.5,82.7,1.880,37,FULL (2797),1000.0,1.0,70847377,124236,119854,NOTREADY
2024-02-08 12:37:17.913710,4.79E+04,0080,39.0,22.0,40.1,27.3,98.5,82.7,1.882,37,FULL (2798),1000.0,1.0,70847377,120596,116424,NOTREADY
2024-02-08 12:37:18.914579,4.87E+04,0080,39.0,22.0,40.1,27.3,98.5,82.7,1.880,37,FULL (2796),1000.0,1.0,70847377,120457,116362,NOTREADY
2024-02-08 12:37:19.915106,4.92E+04,0080,39.0,22.0,40.1,27.3,98.5,82.7,1.880,37,FULL (2795),1000.0,1.0,70847377,122075,118079,NOTREADY
2024-02-08 12:37:20.916219,4.92E+04,0080,39.0,22.0,40.1,27.3,98.5,82.7,1.882,37,FULL (2794),1000.0,1.0,70847377,121465,117845,NOTREADY
2024-02-08 12:37:21.916318,4.75E+04,0080,39.0,22.0,40.0,27.3,98.5,82.7,1.882,37,FULL (2794),1000.0,1.0,70847377,120246,115752,NOTREADY
2024-02-08 12:37:22.917023,4.77E+04,0080,39.0,22.0,40.0,27.3,98.5,82.7,1.882,37,FULL (2792),1000.0,1.0,70847377,118900,114981,NOTREADY
2024-02-08 12:37:23.918320,4.62E+04,0080,39.0,22.0,40.0,27.3,98.5,82.7,1.880,37,FULL (2793),1000.0,1.0,70847377,115753,111596,NOTREADY
2024-02-08 12:37:24.918420,4.50E+04,0080,39.0,22.0,40.0,27.3,98.5,82.7,1.882,37,FULL (2792),1000.0,1.0,70847377,112587,108985,NOTREADY
2024-02-08 12:37:25.918318,4.61E+04,0080,39.0,22.0,39.9,27.3,98.5,82.8,1.882,37,FULL (2791),1000.0,1.0,70847377,113556,110500,NOTREADY
2024-02-08 12:37:26.919038,4.65E+04,0080,39.0,22.0,39.9,27.3,98.5,82.8,1.882,37,FULL (2789),1000.0,1.0,70847377,116202,112494,NOTREADY
2024-02-08 12:37:27.920047,4.81E+04,0080,39.0,22.0,39.9,27.3,98.6,82.8,1.880,37,FULL (2789),1000.0,1.0,70847377,118320,115075,NOTREADY
2024-02-08 12:37:28.920396,4.80E+04,0080,39.0,22.0,39.9,27.3,98.5,82.8,1.882,37,FULL (2789),1000.0,1.0,70847377,121217,116959,NOTREADY
2024-02-08 12:37:29.920495,4.86E+04,0080,39.0,22.0,39.8,27.3,98.5,82.8,1.882,37,FULL (2789),1000.0,1.0,70847377,119758,116150,NOTREADY
2024-02-08 12:37:30.920846,4.78E+04,0080,39.0,22.0,39.8,27.3,98.5,82.8,1.880,37,FULL (2789),1000.0,1.0,70847377,119492,115456,NOTREADY
2024-02-08 12:37:31.921684,4.66E+04,0080,39.0,22.0,39.8,27.3,98.5,82.8,1.884,37,FULL (2788),1000.0,1.0,70847377,118136,114258,NOTREADY
2024-02-08 12:37:32.921508,4.85E+04,0080,39.0,22.0,39.8,27.3,98.5,82.8,1.882,37,FULL (2787),1000.0,1.0,70847377,120013,115881,NOTREADY
2024-02-08 12:37:33.921321,4.61E+04,0080,39.0,22.0,39.8,27.3,98.5,82.8,1.882,37,FULL (2786),1000.0,1.0,70847377,117319,113721,NOTREADY
2024-02-08 12:37:34.923012,4.56E+04,0080,39.0,22.0,39.8,27.3,98.5,82.9,1.882,37,FULL (2785),1000.0,1.0,70847377,116180,111982,NOTREADY
2024-02-08 12:37:35.924653,4.71E+04,0080,39.0,22.0,39.8,27.3,98.5,82.9,1.882,37,FULL (2786),1000.0,1.0,70847377,113739,110332,NOTREADY
2024-02-08 12:37:36.909734,4.67E+04,0080,39.0,22.0,39.8,27.3,98.5,82.9,1.882,37,FULL (2784),1000.0,1.0,70847377,115548,112003,NOTREADY
2024-02-08 12:37:37.909561,4.72E+04,0080,39.0,22.0,39.8,27.3,98.5,82.9,1.882,37,FULL (2783),1000.0,1.0,70847377,116868,113200,NOTREADY
2024-02-08 12:37:38.910414,4.64E+04,0080,39.0,22.0,39.8,27.3,98.5,82.9,1.882,37,FULL (2783),1000.0,1.0,70847377,116744,112788,NOTREADY
2024-02-08 12:37:39.911581,4.56E+04,0080,39.0,22.0,39.8,27.3,98.5,82.9,1.882,37,FULL (2781),1000.0,1.0,70847377,114771,111148,NOTREADY
2024-02-08 12:37:40.911751,4.47E+04,0080,39.0,22.0,39.8,27.3,98.5,82.9,1.882,37,FULL (2781),1000.0,1.0,70847377,114280,110742,NOTREADY
2024-02-08 12:37:41.913384,4.64E+04,0080,39.0,22.0,39.8,27.3,98.5,82.9,1.882,37,FULL (2781),1000.0,1.0,70847377,115690,112162,NOTREADY
2024-02-08 12:37:42.914545,4.73E+04,0080,39.0,22.0,39.8,27.3,98.5,83.0,1.880,37,FULL (2780),1000.0,1.0,70847377,117844,113877,NOTREADY
2024-02-08 12:37:43.914696,4.60E+04,0080,39.0,22.0,39.8,27.3,98.5,83.0,1.880,37,FULL (2780),1000.0,1.0,70847377,116138,112416,NOTREADY
2024-02-08 12:37:44.914545,4.62E+04,0080,39.0,22.0,39.8,27.3,98.5,83.0,1.880,37,FULL (2779),1000.0,1.0,70847377,114324,110529,NOTREADY
2024-02-08 12:37:45.915006,4.66E+04,0080,39.0,22.0,39.8,27.3,98.5,83.0,1.880,37,FULL (2779),1000.0,1.0,70847377,114285,110693,NOTREADY
2024-02-08 12:37:46.916499,4.58E+04,0080,39.0,22.0,39.8,27.3,98.5,83.0,1.882,37,FULL (2778),1000.0,1.0,70847377,115154,111784,NOTREADY
2024-02-08 12:37:47.916333,4.59E+04,0080,39.0,22.0,39.8,27.3,98.5,83.0,1.882,37,FULL (2777),1000.0,1.0,70847377,114404,110676,NOTREADY
2024-02-08 12:37:48.916868,4.52E+04,0080,39.0,22.0,39.8,27.3,98.5,83.0,1.882,37,FULL (2778),1000.0,1.0,70847377,114835,111245,NOTREADY
2024-02-08 12:37:49.916807,4.69E+04,0080,39.0,22.0,39.8,27.3,98.5,83.0,1.882,37,FULL (2776),1000.0,1.0,70847377,116305,112850,NOTREADY
2024-02-08 12:37:50.918738,4.70E+04,0080,39.0,22.0,39.9,27.3,98.5,83.0,1.880,37,FULL (2776),1000.0,1.0,70847377,118489,114910,NOTREADY
2024-02-08 12:37:51.918662,4.79E+04,0080,39.0,22.0,39.9,27.3,98.6,83.1,1.880,37,FULL (2774),1000.0,1.0,70847377,119540,115425,NOTREADY
2024-02-08 12:37:52.918852,4.61E+04,0080,39.0,22.0,39.9,27.3,98.5,83.1,1.880,37,FULL (2774),1000.0,1.0,70847377,114707,110535,NOTREADY
2024-02-08 12:37:53.920088,4.43E+04,0080,39.0,22.0,39.9,27.3,98.5,83.1,1.880,37,FULL (2773),1000.0,1.0,70847377,111618,107904,NOTREADY
2024-02-08 12:37:54.920461,4.48E+04,0080,39.0,22.0,39.9,27.3,98.5,83.1,1.880,37,FULL (2775),1000.0,1.0,70847377,110915,107424,NOTREADY
2024-02-08 12:37:55.921271,4.44E+04,0080,39.0,22.0,40.0,27.3,98.5,83.1,1.880,37,FULL (2772),1000.0,1.0,70847377,109944,106752,NOTREADY
2024-02-08 12:37:56.921244,4.41E+04,0080,39.0,22.0,40.0,27.3,98.5,83.1,1.880,37,FULL (2772),1000.0,1.0,70847377,110737,107367,NOTREADY
2024-02-08 12:37:57.922838,4.40E+04,0080,39.0,22.0,40.0,27.3,98.5,83.2,1.880,37,FULL (2771),1000.0,1.0,70847377,109197,105609,NOTREADY
2024-02-08 12:37:58.922868,4.37E+04,0080,39.0,22.0,40.0,27.3,98.5,83.2,1.878,37,FULL (2770),1000.0,1.0,70847377,108481,105110,NOTREADY
2024-02-08 12:37:59.922848,4.53E+04,0080,39.0,22.0,40.0,27.3,98.5,83.2,1.880,37,FULL (2770),1000.0,1.0,70847377,111422,108474,NOTREADY
2024-02-08 12:38:00.923565,4.49E+04,0080,39.0,22.0,40.1,27.3,98.5,83.2,1.880,37,FULL (2770),1000.0,1.0,70847377,112725,109120,NOTREADY
2024-02-08 12:38:01.909762,4.45E+04,0080,39.0,22.0,40.1,27.3,98.5,83.2,1.878,37,FULL (2768),1000.0,1.0,70847377,109747,106059,NOTREADY
2024-02-08 12:38:02.909545,4.38E+04,0080,39.0,22.0,40.1,27.3,98.5,83.2,1.880,37,FULL (2768),1000.0,1.0,70847377,108826,105434,NOTREADY
2024-02-08 12:38:03.910136,4.35E+04,0080,39.0,22.0,40.1,27.3,98.5,83.3,1.880,37,FULL (2767),1000.0,1.0,70847377,109934,106962,NOTREADY
2024-02-08 12:38:04.911920,4.45E+04,0080,39.0,22.0,40.1,27.3,98.5,83.3,1.878,37,FULL (2765),1000.0,1.0,70847377,110981,107615,NOTREADY
2024-02-08 12:38:05.913747,4.50E+04,0080,39.0,22.0,40.2,27.3,98.5,83.3,1.880,37,FULL (2765),1000.0,1.0,70847377,111154,107683,NOTREADY
2024-02-08 12:38:06.913768,4.43E+04,0080,39.0,22.0,40.2,27.3,98.5,83.3,1.878,37,FULL (2764),1000.0,1.0,70847377,111443,107986,NOTREADY
2024-02-08 12:38:07.913569,4.51E+04,0080,39.0,22.0,40.2,27.3,98.5,83.3,1.878,37,FULL (2764),1000.0,1.0,70847377,113355,109997,NOTREADY
2024-02-08 12:38:08.914697,4.59E+04,0080,39.0,22.0,40.2,27.3,98.6,83.3,1.880,37,FULL (2762),1000.0,1.0,70847377,114539,111097,NOTREADY
2024-02-08 12:38:09.914628,4.52E+04,0080,39.0,22.0,40.3,27.3,98.5,83.3,1.878,37,FULL (2761),1000.0,1.0,70847377,112879,108859,NOTREADY
2024-02-08 12:38:10.914477,4.47E+04,0080,39.0,22.0,40.3,27.3,98.5,83.3,1.880,37,FULL (2760),1000.0,1.0,70847377,111402,108303,NOTREADY
2024-02-08 12:38:11.915065,4.54E+04,0080,39.0,22.0,40.3,27.3,98.5,83.4,1.880,37,FULL (2760),1000.0,1.0,70847377,112438,108869,NOTREADY
2024-02-08 12:38:12.916523,4.48E+04,0080,39.0,22.0,40.3,27.3,98.5,83.4,1.880,37,FULL (2759),1000.0,1.0,70847377,111666,108371,NOTREADY
2024-02-08 12:38:13.916549,4.55E+04,0080,39.0,22.0,40.3,27.3,98.5,83.4,1.880,37,FULL (2758),1000.0,1.0,70847377,112842,109150,NOTREADY
2024-02-08 12:38:14.916637,4.53E+04,0080,39.0,22.0,40.3,27.3,98.5,83.4,1.880,37,FULL (2756),1000.0,1.0,70847377,112651,109283,NOTREADY
2024-02-08 12:38:15.917432,4.39E+04,0080,39.0,22.0,40.2,27.3,98.5,83.4,1.880,37,FULL (2756),1000.0,1.0,70847377,111316,107596,NOTREADY
2024-02-08 12:38:16.918720,4.46E+04,0080,39.0,22.0,40.2,27.3,98.5,83.4,1.878,37,FULL (2755),1000.0,1.0,70847377,111199,107934,NOTREADY
2024-02-08 12:38:17.919752,4.39E+04,0080,39.0,22.0,40.2,27.3,98.5,83.4,1.880,37,FULL (2754),1000.0,1.0,70847377,110391,106938,NOTREADY
2024-02-08 12:38:18.919792,4.48E+04,0080,39.0,22.0,40.2,27.3,98.5,83.4,1.882,37,FULL (2753),1000.0,1.0,70847377,111852,108463,NOTREADY
2024-02-08 12:38:19.920178,4.47E+04,0080,39.0,22.0,40.1,27.3,98.5,83.4,1.880,37,FULL (2753),1000.0,1.0,70847377,111373,107767,NOTREADY
2024-02-08 12:38:20.922068,4.49E+04,0080,39.0,22.0,40.1,27.3,98.5,83.4,1.882,37,FULL (2752),1000.0,1.0,70847377,110912,107660,NOTREADY
2024-02-08 12:38:21.922449,4.48E+04,0080,39.0,22.0,40.0,27.3,98.5,83.4,1.882,37,FULL (2750),1000.0,1.0,70847377,111884,108296,NOTREADY
2024-02-08 12:38:22.923184,4.38E+04,0080,39.0,22.0,40.0,27.3,98.5,83.5,1.880,37,FULL (2750),1000.0,1.0,70847377,110857,107561,NOTREADY
2024-02-08 12:38:23.924578,4.45E+04,0080,39.0,22.0,40.0,27.3,98.5,83.5,1.882,37,FULL (2749),1000.0,1.0,70847377,110976,107506,NOTREADY
2024-02-08 12:38:24.909701,4.44E+04,0080,39.0,22.0,40.0,27.3,98.5,83.5,1.882,37,FULL (2748),1000.0,1.0,70847377,110933,107572,NOTREADY
2024-02-08 12:38:25.909887,4.41E+04,0080,39.0,22.0,40.0,27.3,98.5,83.5,1.882,37,FULL (2747),1000.0,1.0,70847377,110992,107665,NOTREADY
2024-02-08 12:38:26.912807,4.41E+04,0080,39.0,22.0,40.0,27.3,98.5,83.5,1.880,37,FULL (2746),1000.0,1.0,70847377,110916,107490,NOTREADY
2024-02-08 12:38:27.914121,4.42E+04,0080,39.0,22.0,40.0,27.3,98.5,83.5,1.882,37,FULL (2745),1000.0,1.0,70847377,110460,107030,NOTREADY
2024-02-08 12:38:28.914705,4.43E+04,0080,39.0,22.0,40.0,27.3,98.5,83.6,1.882,37,FULL (2744),1000.0,1.0,70847377,110984,107692,NOTREADY
2024-02-08 12:38:29.914590,4.44E+04,0080,39.0,22.0,39.9,27.3,98.5,83.6,1.880,37,FULL (2744),1000.0,1.0,70847377,111367,107970,NOTREADY
2024-02-08 12:38:30.915104,4.52E+04,0080,39.0,22.0,39.9,27.3,98.5,83.6,1.880,37,FULL (2742),1000.0,1.0,70847377,112104,108488,NOTREADY
2024-02-08 12:38:31.916736,4.45E+04,0080,39.0,22.0,39.9,27.4,98.5,83.6,1.882,37,FULL (2742),1000.0,1.0,70847377,111982,108399,NOTREADY
2024-02-08 12:38:32.916813,4.41E+04,0080,39.0,22.0,40.0,27.3,98.5,83.6,1.882,37,FULL (2740),1000.0,1.0,70847377,111638,108366,NOTREADY
2024-02-08 12:38:33.917043,4.41E+04,0080,39.0,22.0,40.0,27.3,98.5,83.6,1.882,37,FULL (2738),1000.0,1.0,70847377,110913,107449,NOTREADY
2024-02-08 12:38:34.916913,4.44E+04,0080,39.0,22.0,40.0,27.3,98.5,83.6,1.882,37,FULL (2738),1000.0,1.0,70847377,110834,107369,NOTREADY
2024-02-08 12:38:35.918765,4.47E+04,0080,39.0,22.0,39.9,27.3,98.5,83.6,1.882,37,FULL (2741),1000.0,1.0,70847377,111424,108174,NOTREADY
2024-02-08 12:38:36.918785,4.53E+04,0080,39.0,22.0,39.9,27.3,98.5,83.6,1.882,37,FULL (2736),1000.0,1.0,70847377,112657,109165,NOTREADY
2024-02-08 12:38:37.918608,4.57E+04,0080,39.0,22.0,39.9,27.3,98.5,83.6,1.880,37,FULL (2735),1000.0,1.0,70847377,113494,109961,NOTREADY
2024-02-08 12:38:38.919689,4.55E+04,0080,39.0,22.0,39.9,27.3,98.5,83.6,1.882,37,FULL (2736),1000.0,1.0,70847377,112830,109384,NOTREADY
2024-02-08 12:38:39.920398,4.45E+04,0080,39.0,22.0,39.9,27.3,98.5,83.6,1.880,37,FULL (2733),1000.0,1.0,70847377,112536,109138,NOTREADY
2024-02-08 12:38:40.920228,4.36E+04,0080,39.0,22.0,39.9,27.3,98.5,83.6,1.882,37,FULL (2731),1000.0,1.0,70847377,110099,106324,NOTREADY
2024-02-08 12:38:41.920811,4.21E+04,0080,39.0,22.0,39.9,27.3,98.5,83.6,1.882,37,FULL (2730),1000.0,1.0,70847377,107452,103750,NOTREADY
2024-02-08 12:38:42.922677,4.35E+04,0080,39.0,22.0,39.9,27.3,98.5,83.6,1.884,37,FULL (2729),1000.0,1.0,70847377,107442,104758,NOTREADY
2024-02-08 12:38:43.923256,4.42E+04,0080,39.0,22.0,39.9,27.3,98.5,83.6,1.882,37,FULL (2728),1000.0,1.0,70847377,110900,107199,NOTREADY
2024-02-08 12:38:44.923168,4.42E+04,0080,39.0,22.0,39.9,27.3,98.5,83.6,1.882,37,FULL (2726),1000.0,1.0,70847377,108997,106182,NOTREADY
2024-02-08 12:38:45.923836,4.31E+04,0080,39.0,22.0,39.9,27.3,98.5,83.6,1.882,37,FULL (2725),1000.0,1.0,70847377,109188,105737,NOTREADY
2024-02-08 12:38:46.909271,4.43E+04,0080,39.0,22.0,39.9,27.3,98.5,83.6,1.882,37,FULL (2725),1000.0,1.0,70847377,109950,106538,NOTREADY
2024-02-08 12:38:47.909117,4.37E+04,0080,39.0,22.0,39.9,27.3,98.5,83.6,1.882,37,FULL (2725),1000.0,1.0,70847377,109682,106278,NOTREADY
2024-02-08 12:38:48.909780,4.32E+04,0080,39.0,22.0,39.8,27.3,98.5,83.6,1.880,37,FULL (2722),1000.0,1.0,70847377,109229,105925,NOTREADY
2024-02-08 12:38:49.909602,4.32E+04,0080,39.0,22.0,39.8,27.3,98.5,83.6,1.882,37,FULL (2721),1000.0,1.0,70847377,109449,105929,NOTREADY
2024-02-08 12:38:50.911274,4.26E+04,0080,39.0,22.0,39.8,27.3,98.5,83.6,1.882,37,FULL (2720),1000.0,1.0,70847377,108577,105589,NOTREADY
2024-02-08 12:38:51.911137,4.29E+04,0080,39.0,22.0,39.8,27.3,98.5,83.6,1.880,37,FULL (2719),1000.0,1.0,70847377,108271,104713,NOTREADY
2024-02-08 12:38:52.911574,4.28E+04,0080,39.0,22.0,39.8,27.3,98.5,83.6,1.880,37,FULL (2718),1000.0,1.0,70847377,106739,103505,NOTREADY
2024-02-08 12:38:53.913312,4.24E+04,0080,39.0,22.0,39.8,27.3,98.5,83.6,1.882,37,FULL (2717),1000.0,1.0,70847377,106671,103495,NOTREADY
2024-02-08 12:38:54.913486,4.29E+04,0080,39.0,22.0,39.8,27.3,98.5,83.6,1.880,37,FULL (2717),1000.0,1.0,70847377,106665,103435,NOTREADY
2024-02-08 12:38:55.915449,4.29E+04,0080,39.0,22.0,39.8,27.3,98.5,83.6,1.880,37,FULL (2715),1000.0,1.0,70847377,106445,103209,NOTREADY
2024-02-08 12:38:56.915165,4.31E+04,0080,39.0,22.0,39.8,27.3,98.5,83.6,1.880,37,FULL (2715),1000.0,1.0,70847377,106827,103764,NOTREADY
2024-02-08 12:38:57.916053,4.24E+04,0080,39.0,22.0,39.9,27.3,98.5,83.6,1.880,37,FULL (2713),1000.0,1.0,70847377,106359,103212,NOTREADY
2024-02-08 12:38:58.916061,4.26E+04,0080,39.0,22.0,39.9,27.3,98.5,83.6,1.880,37,FULL (2711),1000.0,1.0,70847377,106068,102654,NOTREADY
2024-02-08 12:38:59.916569,4.30E+04,0080,39.0,22.0,40.0,27.3,98.5,83.6,1.880,37,FULL (2711),1000.0,1.0,70847377,105463,102370,NOTREADY
2024-02-08 12:39:00.916807,4.18E+04,0080,39.0,22.0,40.0,27.3,98.5,83.6,1.880,37,FULL (2709),1000.0,1.0,70847377,105259,102242,NOTREADY
2024-02-08 12:39:01.919841,4.21E+04,0080,39.0,22.0,40.0,27.3,98.5,83.6,1.880,37,FULL (2708),1000.0,1.0,70847377,106342,103462,NOTREADY
2024-02-08 12:39:02.920637,4.28E+04,0080,39.0,22.0,40.1,27.3,98.5,83.6,1.880,37,FULL (2707),1000.0,1.0,70847377,106648,103248,NOTREADY
2024-02-08 12:39:03.921831,4.24E+04,0080,39.0,22.0,40.1,27.3,98.5,83.6,1.880,37,FULL (2707),1000.0,1.0,70847377,106483,103401,NOTREADY
2024-02-08 12:39:04.921802,4.10E+04,0080,39.0,22.0,40.1,27.3,98.5,83.6,1.878,37,FULL (2705),1000.0,1.0,70847377,105025,101627,NOTREADY
2024-02-08 12:39:05.923677,4.08E+04,0080,39.0,22.0,40.1,27.3,98.5,83.6,1.880,37,FULL (2704),1000.0,1.0,70847377,104075,100915,NOTREADY
2024-02-08 12:39:06.924209,4.14E+04,0080,39.0,22.0,40.2,27.3,98.5,83.6,1.878,37,FULL (2703),1000.0,1.0,70847377,102564,99532,NOTREADY
2024-02-08 12:39:07.924934,4.18E+04,0080,39.0,22.0,40.2,27.3,98.5,83.6,1.880,37,FULL (2700),1000.0,1.0,70847377,103542,100723,NOTREADY
2024-02-08 12:39:08.910961,4.19E+04,0080,39.0,22.0,40.2,27.3,98.5,83.6,1.880,37,FULL (2699),1000.0,1.0,70847377,103681,100591,NOTREADY
2024-02-08 12:39:09.911060,4.15E+04,0080,39.0,22.0,40.2,27.3,98.5,83.6,1.880,37,FULL (2699),1000.0,1.0,70847377,104676,101594,NOTREADY
2024-02-08 12:39:10.911733,4.22E+04,0080,39.0,22.0,40.2,27.3,98.5,83.6,1.880,37,FULL (2698),1000.0,1.0,70847377,104480,101234,NOTREADY
2024-02-08 12:39:11.911557,4.03E+04,0080,39.0,22.0,40.2,27.3,98.5,83.6,1.880,37,FULL (2696),1000.0,1.0,70847377,102346,99496,NOTREADY
2024-02-08 12:39:12.912772,3.96E+04,0080,39.0,22.0,40.3,27.3,98.5,83.6,1.880,37,FULL (2695),1000.0,1.0,70847377,101089,97989,NOTREADY
2024-02-08 12:39:13.913370,4.07E+04,0080,39.0,22.0,40.3,27.3,98.5,83.6,1.880,37,FULL (2695),1000.0,1.0,70847377,101898,99308,NOTREADY
2024-02-08 12:39:14.913273,4.07E+04,0080,39.0,22.0,40.3,27.3,98.5,83.6,1.880,37,FULL (2694),1000.0,1.0,70847377,102640,99604,NOTREADY
2024-02-08 12:39:15.913953,4.13E+04,0080,39.0,22.0,40.2,27.3,98.5,83.6,1.880,37,FULL (2693),1000.0,1.0,70847377,103703,100975,NOTREADY
2024-02-08 12:39:16.915812,4.33E+04,0080,39.0,22.0,40.2,27.3,98.5,83.6,1.880,37,FULL (2693),1000.0,1.0,70847377,106987,103862,NOTREADY
2024-02-08 12:39:17.916224,4.16E+04,0080,39.0,22.0,40.2,27.3,98.5,83.6,1.880,37,FULL (2691),1000.0,1.0,70847377,105496,102421,NOTREADY
2024-02-08 12:39:18.916907,4.18E+04,0080,39.0,22.0,40.2,27.3,98.5,83.6,1.880,37,FULL (2690),1000.0,1.0,70847377,105206,101842,NOTREADY
2024-02-08 12:39:19.916655,4.24E+04,0080,39.0,22.0,40.2,27.3,98.5,83.6,1.880,37,FULL (2689),1000.0,1.0,70847377,105816,102977,NOTREADY
2024-02-08 12:39:20.918503,4.20E+04,0080,39.0,22.0,40.2,27.3,98.5,83.6,1.880,37,FULL (2689),1000.0,1.0,70847377,104425,100986,NOTREADY
2024-02-08 12:39:21.918273,4.13E+04,0080,39.0,22.0,40.2,27.3,98.5,83.6,1.882,37,FULL (2687),1000.0,1.0,70847377,104421,101645,NOTREADY
2024-02-08 12:39:22.919016,4.14E+04,0080,39.0,22.0,40.2,27.3,98.5,83.6,1.880,37,FULL (2684),1000.0,1.0,70847377,104399,101308,NOTREADY
2024-02-08 12:39:23.920217,4.27E+04,0080,39.0,22.0,40.1,27.3,98.5,83.6,1.880,37,FULL (2685),1000.0,1.0,70847377,106321,103265,NOTREADY
2024-02-08 12:39:24.919978,4.21E+04,0080,39.0,22.0,40.1,27.3,98.5,83.6,1.882,37,FULL (2682),1000.0,1.0,70847377,106449,102974,NOTREADY
2024-02-08 12:39:25.920499,4.28E+04,0080,39.0,22.0,40.1,27.3,98.5,83.6,1.882,37,FULL (2682),1000.0,1.0,70847377,105991,103018,NOTREADY
2024-02-08 12:39:26.920479,4.30E+04,0080,39.0,22.0,40.1,27.3,98.5,83.6,1.882,37,FULL (2681),1000.0,1.0,70847377,106201,103007,NOTREADY
2024-02-08 12:39:27.921331,4.28E+04,0080,39.0,22.0,40.1,27.3,98.5,83.6,1.882,37,FULL (2681),1000.0,1.0,70847377,105805,102733,NOTREADY
2024-02-08 12:39:28.922559,4.25E+04,0080,39.0,22.0,40.0,27.3,98.5,83.6,1.882,37,FULL (2679),1000.0,1.0,70847377,106393,103524,NOTREADY
2024-02-08 12:39:29.923568,4.33E+04,0080,39.0,22.0,40.0,27.3,98.5,83.6,1.884,37,FULL (2679),1000.0,1.0,70847377,107265,103793,NOTREADY
2024-02-08 12:39:30.909533,4.11E+04,0080,39.0,22.0,40.0,27.3,98.5,83.6,1.882,37,FULL (2679),1000.0,1.0,70847377,103634,100652,NOTREADY
2024-02-08 12:39:31.910351,4.31E+04,0080,39.0,22.0,39.9,27.3,98.5,83.6,1.882,37,FULL (2677),1000.0,1.0,70847377,106654,103693,NOTREADY
2024-02-08 12:39:32.910405,4.29E+04,0080,39.0,22.0,39.9,27.3,98.5,83.6,1.882,37,FULL (2676),1000.0,1.0,70847377,106884,103658,NOTREADY
2024-02-08 12:39:33.910654,4.32E+04,0080,39.0,22.0,39.9,27.3,98.5,83.6,1.882,37,FULL (2674),1000.0,1.0,70847377,107580,104247,NOTREADY
2024-02-08 12:39:34.910579,4.36E+04,0080,39.0,22.0,39.9,27.3,98.5,83.7,1.882,37,FULL (2673),1000.0,1.0,70847377,106906,103981,NOTREADY
2024-02-08 12:39:35.912373,4.24E+04,0080,39.0,22.0,39.9,27.3,98.5,83.7,1.882,37,FULL (2672),1000.0,1.0,70847377,107861,104757,NOTREADY
2024-02-08 12:39:36.912325,4.25E+04,0080,39.0,22.0,39.8,27.3,98.5,83.7,1.882,37,FULL (2671),1000.0,1.0,70847377,108688,105387,NOTREADY
2024-02-08 12:39:37.912696,4.27E+04,0080,39.0,22.0,39.8,27.3,98.5,83.7,1.882,37,FULL (2668),1000.0,1.0,70847377,108471,105032,NOTREADY
2024-02-08 12:39:38.914473,4.29E+04,0080,39.0,22.0,39.8,27.3,98.5,83.7,1.884,37,FULL (2668),1000.0,1.0,70847377,108461,105215,NOTREADY
2024-02-08 12:39:39.914329,4.43E+04,0080,39.0,22.0,39.8,27.3,98.5,83.7,1.884,37,FULL (2667),1000.0,1.0,70847377,109094,105817,NOTREADY
2024-02-08 12:39:40.914261,4.40E+04,0080,39.0,22.0,39.8,27.3,98.5,83.7,1.882,37,FULL (2665),1000.0,1.0,70847377,109434,106057,NOTREADY
2024-02-08 12:39:41.914627,4.28E+04,0080,39.0,22.0,39.8,27.3,98.5,83.7,1.882,37,FULL (2663),1000.0,1.0,70847377,108824,105359,NOTREADY
2024-02-08 12:39:42.915580,4.35E+04,0080,39.0,22.0,39.8,27.3,98.5,83.7,1.882,37,FULL (2662),1000.0,1.0,70847377,107851,104769,NOTREADY
2024-02-08 12:39:43.915593,4.32E+04,0080,39.0,22.0,39.8,27.3,98.5,83.7,1.880,37,FULL (2661),1000.0,1.0,70847377,107999,104754,NOTREADY
2024-02-08 12:39:44.915747,4.39E+04,0080,39.0,22.0,39.8,27.3,98.5,83.6,1.882,37,FULL (2657),1000.0,1.0,70847377,109179,105847,NOTREADY
2024-02-08 12:39:45.915571,4.32E+04,0080,39.0,22.0,39.8,27.3,98.5,83.5,1.882,37,FULL (2656),1000.0,1.0,70847377,108291,105132,NOTREADY
2024-02-08 12:39:46.916667,4.42E+04,0080,39.0,22.0,39.8,27.3,98.5,83.4,1.882,37,FULL (2651),1000.0,1.0,70847377,108686,105318,NOTREADY
2024-02-08 12:39:47.916436,4.39E+04,0080,39.0,22.0,39.8,27.3,98.5,83.4,1.882,37,FULL (2648),1000.0,1.0,70847377,109005,105960,NOTREADY
2024-02-08 12:39:48.916496,4.47E+04,0080,39.0,22.0,39.8,27.3,98.5,83.2,1.882,37,FULL (2645),1000.0,1.0,70847377,112453,109128,NOTREADY
2024-02-08 12:39:49.916958,4.39E+04,0080,39.0,22.0,39.8,27.3,98.5,83.1,1.882,37,FULL (2640),1000.0,1.0,70847377,111318,107822,NOTREADY
2024-02-08 12:39:50.918565,4.32E+04,0080,39.0,22.0,39.8,27.3,98.5,83.0,1.882,37,FULL (2632),1000.0,1.0,70847377,110727,107171,NOTREADY
2024-02-08 12:39:51.918526,4.35E+04,0080,39.0,22.0,39.8,27.3,98.5,83.0,1.882,37,FULL (2620),1000.0,1.0,70847377,107871,104361,NOTREADY
2024-02-08 12:39:52.918497,4.35E+04,0080,39.0,22.0,39.8,27.3,98.5,82.9,1.880,37,FULL (2617),1000.0,1.0,70847377,107592,104381,NOTREADY
2024-02-08 12:39:53.919634,4.29E+04,0080,39.0,22.0,39.8,27.3,98.5,82.8,1.880,37,FULL (2613),1000.0,1.0,70847377,106578,103371,NOTREADY
2024-02-08 12:39:54.920008,4.34E+04,0080,39.0,22.0,39.8,27.3,98.5,82.8,1.880,37,FULL (2610),1000.0,1.0,70847377,107539,104394,NOTREADY
2024-02-08 12:39:55.921588,4.28E+04,0080,39.0,22.0,39.8,27.3,98.5,82.7,1.880,37,FULL (2607),1000.0,1.0,70847377,107723,104449,NOTREADY
2024-02-08 12:39:56.910031,4.23E+04,0080,39.0,22.0,39.8,27.2,98.5,82.6,1.880,37,FULL (2605),1000.0,1.0,70847377,106709,103439,NOTREADY
2024-02-08 12:39:57.911296,4.27E+04,0080,39.0,22.0,39.8,27.2,98.5,82.4,1.880,37,FULL (2601),1000.0,1.0,70847377,108352,105193,NOTREADY
2024-02-08 12:39:58.911155,4.36E+04,0080,39.0,22.0,39.8,27.2,98.5,82.4,1.880,37,FULL (2598),1000.0,1.0,70847377,108203,105034,NOTREADY
2024-02-08 12:39:59.912855,4.37E+04,0080,39.0,22.0,39.8,27.2,98.5,82.3,1.880,37,FULL (2560),1000.0,1.0,70847377,110546,107127,NOTREADY
2024-02-08 12:40:00.913029,4.31E+04,0080,39.0,22.0,39.9,27.2,98.5,82.2,1.880,37,FULL (2527),1000.0,1.0,70847377,108028,104734,NOTREADY
2024-02-08 12:40:01.913246,4.42E+04,0080,39.0,22.0,39.9,27.2,98.5,82.2,1.880,37,FULL (2463),1000.0,1.0,70847377,109042,105641,NOTREADY
2024-02-08 12:40:02.913141,4.31E+04,0080,39.0,22.0,39.9,27.2,98.5,82.1,1.880,37,FULL (2330),1000.0,1.0,70847377,107837,104751,NOTREADY
2024-02-08 12:40:03.913715,4.40E+04,0080,39.0,22.0,40.0,27.2,98.5,82.0,1.878,37,FULL (2212),1000.0,1.0,70847377,109460,106157,NOTREADY
2024-02-08 12:40:04.913558,4.38E+04,0080,39.0,22.0,40.0,27.2,98.6,82.0,1.878,37,NOTFULL (2260),1000.0,1.0,70847377,108364,104652,NOTREADY
2024-02-08 12:40:05.914027,4.13E+04,0080,39.0,22.0,40.0,27.2,98.6,81.9,1.878,37,FULL (3043),1000.0,1.0,70847377,105282,102518,NOTREADY
2024-02-08 12:40:06.914030,4.28E+04,0080,39.0,22.0,40.0,27.2,98.5,81.7,1.880,37,FULL (3150),1000.0,1.0,70847377,106803,103478,NOTREADY
2024-02-08 12:40:07.914497,4.49E+04,0080,39.0,22.0,40.0,27.2,98.5,81.6,1.878,37,FULL (3168),1000.0,1.0,70847377,108617,105704,NOTREADY
2024-02-08 12:40:08.915053,4.30E+04,0080,39.0,22.0,40.0,27.2,98.5,81.6,1.875,37,FULL (3173),1000.0,1.0,70847377,108920,105488,NOTREADY
2024-02-08 12:40:09.915052,4.33E+04,0080,39.0,22.0,40.1,27.2,98.5,81.5,1.878,37,FULL (3172),1000.0,1.0,70847377,107980,104526,NOTREADY
2024-02-08 12:40:10.915872,4.41E+04,0080,39.0,22.0,40.1,27.2,98.5,81.4,1.878,37,FULL (3168),1000.0,1.0,70847377,108440,105252,NOTREADY
2024-02-08 12:40:11.916056,4.31E+04,0080,39.0,22.0,40.1,27.2,98.5,81.4,1.878,37,FULL (3164),1000.0,1.0,70847377,107623,104543,NOTREADY
2024-02-08 12:40:12.915955,4.45E+04,0080,39.0,22.0,40.1,27.2,98.5,81.3,1.878,37,FULL (3158),1000.0,1.0,70847377,109296,105866,NOTREADY
2024-02-08 12:40:13.916225,4.23E+04,0080,39.0,22.0,40.2,27.2,98.5,81.2,1.878,37,FULL (3152),1000.0,1.0,70847377,107741,104351,NOTREADY
2024-02-08 12:40:14.916571,4.22E+04,0080,39.0,22.0,40.2,27.2,98.5,81.2,1.878,37,FULL (3145),1000.0,1.0,70847377,106444,103174,NOTREADY
2024-02-08 12:40:15.916815,4.27E+04,0080,39.0,22.0,40.3,27.2,98.5,81.0,1.878,37,FULL (3140),1000.0,1.0,70847377,106815,103678,NOTREADY
2024-02-08 12:40:16.916911,4.19E+04,0080,39.0,22.0,40.3,27.2,98.5,80.9,1.878,37,FULL (3133),1000.0,1.0,70847377,105306,102158,NOTREADY
2024-02-08 12:40:17.917662,4.13E+04,0080,39.0,22.0,40.3,27.2,98.5,80.9,1.878,37,FULL (3125),1000.0,1.0,70847377,104495,101383,NOTREADY
2024-02-08 12:40:18.917684,4.26E+04,0080,39.0,22.0,40.3,27.2,98.5,80.8,1.878,37,FULL (3119),1000.0,1.0,70847377,106488,103571,NOTREADY
2024-02-08 12:40:19.917800,4.28E+04,0080,39.0,22.0,40.4,27.2,98.5,80.7,1.878,37,FULL (3113),1000.0,1.0,70847377,107301,104008,NOTREADY
2024-02-08 12:40:20.917844,4.27E+04,0080,39.0,22.0,40.4,27.2,98.5,80.6,1.878,37,FULL (3108),1000.0,1.0,70847377,107154,104216,NOTREADY
2024-02-08 12:40:21.918669,4.37E+04,0080,39.0,22.0,40.4,27.2,98.5,80.6,1.878,37,FULL (3102),1000.0,1.0,70847377,112025,108852,NOTREADY
2024-02-08 12:40:22.918722,4.32E+04,0080,39.0,22.0,40.4,27.2,98.5,80.5,1.878,37,FULL (3098),1000.0,1.0,70847377,109639,105526,NOTREADY
2024-02-08 12:40:23.918513,4.27E+04,0080,39.0,22.0,40.4,27.2,98.5,80.4,1.878,37,FULL (3096),1000.0,1.0,70847377,106581,103683,NOTREADY
2024-02-08 12:40:24.919288,4.26E+04,0080,39.0,22.0,40.4,27.2,98.5,80.3,1.878,37,FULL (3092),1000.0,1.0,70847377,106723,103567,NOTREADY
2024-02-08 12:40:25.919258,4.26E+04,0080,39.0,22.0,40.4,27.2,98.5,80.2,1.880,37,FULL (3087),1000.0,1.0,70847377,106395,102986,NOTREADY
2024-02-08 12:40:26.919480,4.18E+04,0080,39.0,22.0,40.4,27.2,98.5,80.1,1.880,37,FULL (3081),1000.0,1.0,70847377,105108,102254,NOTREADY
2024-02-08 12:40:27.919992,4.26E+04,0080,39.0,22.0,40.4,27.2,98.5,80.1,1.880,37,FULL (3078),1000.0,1.0,70847377,107598,104346,NOTREADY
2024-02-08 12:40:28.920073,4.24E+04,0080,39.0,22.0,40.3,27.2,98.5,80.0,1.880,37,FULL (3075),1000.0,1.0,70847377,105698,102416,NOTREADY
2024-02-08 12:40:29.920200,4.17E+04,0080,39.0,22.0,40.3,27.2,98.5,79.9,1.880,37,FULL (3071),1000.0,1.0,70847377,104517,101279,NOTREADY
2024-02-08 12:40:30.920690,4.30E+04,0080,39.0,22.0,40.2,27.2,98.5,79.9,1.878,37,FULL (3068),1000.0,1.0,70847377,106622,104310,NOTREADY
2024-02-08 12:40:31.920715,4.61E+04,0080,39.0,22.0,40.2,27.2,98.5,79.8,1.880,37,FULL (3065),1000.0,1.0,70847377,114219,111098,NOTREADY
2024-02-08 12:40:32.921465,4.69E+04,0080,39.0,22.0,40.2,27.2,98.5,79.7,1.880,37,FULL (3063),1000.0,1.0,70847377,117549,113746,NOTREADY
2024-02-08 12:40:33.921490,4.73E+04,0080,39.0,22.0,40.1,27.2,98.5,79.6,1.882,37,FULL (3061),1000.0,1.0,70847377,117446,113670,NOTREADY
2024-02-08 12:40:34.921221,4.58E+04,0080,39.0,22.0,40.1,27.2,98.5,79.5,1.880,37,FULL (3059),1000.0,1.0,70847377,115512,111771,NOTREADY
2024-02-08 12:40:35.921845,4.65E+04,0080,39.0,22.0,40.1,27.2,98.5,79.4,1.882,37,FULL (3056),1000.0,1.0,70847377,115481,111812,NOTREADY
2024-02-08 12:40:36.921779,4.55E+04,0080,39.0,22.0,40.0,27.2,98.5,79.4,1.882,37,FULL (3054),1000.0,1.0,70847377,115304,111216,NOTREADY
2024-02-08 12:40:37.922235,4.38E+04,0080,39.0,22.0,40.0,27.2,98.5,79.3,1.882,37,FULL (3053),1000.0,1.0,70847377,110564,107202,NOTREADY
2024-02-08 12:40:38.922749,4.47E+04,0080,39.0,22.0,40.0,27.2,98.5,79.3,1.880,37,FULL (3051),1000.0,1.0,70847377,111644,108308,NOTREADY
2024-02-08 12:40:39.922512,4.48E+04,0080,39.0,22.0,39.9,27.2,98.5,79.2,1.882,37,FULL (3049),1000.0,1.0,70847377,110610,106942,NOTREADY
2024-02-08 12:40:40.922698,4.35E+04,0080,39.0,22.0,39.9,27.2,98.5,79.1,1.882,37,FULL (3047),1000.0,1.0,70847377,109586,106285,NOTREADY
2024-02-08 12:40:41.922470,4.42E+04,0080,39.0,22.0,39.8,27.2,98.5,79.0,1.882,37,FULL (3045),1000.0,1.0,70847377,110198,106726,NOTREADY
2024-02-08 12:40:42.922408,4.34E+04,0080,39.0,22.0,39.8,27.2,98.5,78.9,1.882,37,FULL (3044),1000.0,1.0,70847377,107949,104744,NOTREADY
2024-02-08 12:40:43.922982,4.30E+04,0080,39.0,22.0,39.8,27.2,98.5,78.8,1.882,37,FULL (3041),1000.0,1.0,70847377,109566,106135,NOTREADY
2024-02-08 12:40:44.923002,4.34E+04,0080,39.0,22.0,39.8,27.2,98.5,78.8,1.882,37,FULL (3040),1000.0,1.0,70847377,107876,104632,NOTREADY
2024-02-08 12:40:45.923789,4.37E+04,0080,39.0,22.0,39.8,27.2,98.5,78.7,1.882,37,FULL (3038),1000.0,1.0,70847377,109327,106037,NOTREADY
2024-02-08 12:40:46.923615,4.22E+04,0080,39.0,22.0,39.8,27.2,98.5,78.6,1.882,37,FULL (3037),1000.0,1.0,70847377,107432,104346,NOTREADY
2024-02-08 12:40:47.924060,4.22E+04,0080,39.0,22.0,39.8,27.2,98.5,78.6,1.880,37,FULL (3036),1000.0,1.0,70847377,106420,102696,NOTREADY
2024-02-08 12:40:48.924305,4.39E+04,0080,39.0,22.0,39.7,27.2,98.5,78.5,1.882,37,FULL (3035),1000.0,1.0,70847377,107004,104506,NOTREADY
2024-02-08 12:40:49.924459,4.32E+04,0080,39.0,22.0,39.7,27.2,98.5,78.4,1.882,37,FULL (3033),1000.0,1.0,70847377,107918,104494,NOTREADY
2024-02-08 12:40:50.909264,4.35E+04,0080,39.0,22.0,39.7,27.2,98.5,78.4,1.882,37,FULL (3031),1000.0,1.0,70847377,109157,106060,NOTREADY
2024-02-08 12:40:51.909940,4.47E+04,0080,39.0,22.0,39.7,27.2,98.5,78.2,1.882,37,FULL (3031),1000.0,1.0,70847377,111191,107669,NOTREADY
2024-02-08 12:40:52.909920,4.31E+04,0080,39.0,22.0,39.7,27.2,98.5,78.2,1.882,37,FULL (3029),1000.0,1.0,70847377,109810,106524,NOTREADY
2024-02-08 12:40:53.910370,4.41E+04,0080,39.0,22.0,39.7,27.2,98.5,78.1,1.880,37,FULL (3028),1000.0,1.0,70847377,109756,106265,NOTREADY
2024-02-08 12:40:54.911098,4.43E+04,0080,39.0,22.0,39.6,27.2,98.5,78.0,1.880,37,FULL (3028),1000.0,1.0,70847377,109396,105863,NOTREADY
2024-02-08 12:40:55.911345,4.29E+04,0080,39.0,22.0,39.6,27.2,98.5,78.0,1.882,37,FULL (3027),1000.0,1.0,70847377,108276,105193,NOTREADY
2024-02-08 12:40:56.911462,4.32E+04,0080,39.0,22.0,39.6,27.3,98.5,77.9,1.882,37,FULL (3026),1000.0,1.0,70847377,108295,104929,NOTREADY
2024-02-08 12:40:57.911334,4.35E+04,0080,39.0,22.0,39.7,27.3,98.5,77.8,1.880,37,FULL (3025),1000.0,1.0,70847377,108009,104645,NOTREADY
2024-02-08 12:40:58.911701,4.21E+04,0080,39.0,22.0,39.7,27.3,98.5,77.7,1.880,37,FULL (3024),1000.0,1.0,70847377,106080,102904,NOTREADY
2024-02-08 12:40:59.912528,4.34E+04,0080,39.0,22.0,39.7,27.3,98.5,77.7,1.880,37,FULL (3022),1000.0,1.0,70847377,108604,105795,NOTREADY
2024-02-08 12:41:00.912345,4.26E+04,0080,39.0,22.0,39.8,27.3,98.5,77.5,1.880,37,FULL (3022),1000.0,1.0,70847377,108898,105404,NOTREADY
2024-02-08 12:41:01.912188,4.34E+04,0080,39.0,22.0,39.8,27.3,98.5,77.5,1.880,37,FULL (3021),1000.0,1.0,70847377,108941,105232,NOTREADY
2024-02-08 12:41:02.912224,4.18E+04,0080,39.0,22.0,39.8,27.3,98.5,77.4,1.878,37,FULL (3019),1000.0,1.0,70847377,106160,103003,NOTREADY
2024-02-08 12:41:03.912176,4.25E+04,0080,39.0,22.0,39.8,27.3,98.5,77.3,1.880,37,FULL (3017),1000.0,1.0,70847377,105528,102621,NOTREADY
2024-02-08 12:41:04.912093,4.41E+04,0080,39.0,22.0,39.9,27.3,98.5,77.2,1.878,37,FULL (3015),1000.0,1.0,70847377,110082,107290,NOTREADY
2024-02-08 12:41:05.912964,4.62E+04,0080,39.0,22.0,39.9,27.3,98.5,77.2,1.880,37,FULL (3016),1000.0,1.0,70847377,113942,110499,NOTREADY
2024-02-08 12:41:06.912841,4.51E+04,0080,39.0,22.0,39.9,27.3,98.5,77.1,1.878,37,FULL (3014),1000.0,1.0,70847377,112584,108834,NOTREADY
2024-02-08 12:41:07.913261,4.44E+04,0080,39.0,22.0,39.9,27.3,98.5,77.0,1.878,37,FULL (3013),1000.0,1.0,70847377,111001,107486,NOTREADY
2024-02-08 12:41:08.913483,4.40E+04,0080,39.0,22.0,39.9,27.3,98.5,77.0,1.878,37,FULL (3013),1000.0,1.0,70847377,110511,107135,NOTREADY
2024-02-08 12:41:09.913493,4.43E+04,0080,39.0,22.0,40.0,27.3,98.5,76.8,1.880,37,FULL (3012),1000.0,1.0,70847377,110107,106868,NOTREADY
2024-02-08 12:41:10.914154,4.37E+04,0080,39.0,22.0,40.0,27.3,98.5,76.7,1.880,37,FULL (3010),1000.0,1.0,70847377,109361,105667,NOTREADY
2024-02-08 12:41:11.914182,4.24E+04,0080,39.0,22.0,40.0,27.3,98.5,76.7,1.878,37,FULL (3009),1000.0,1.0,70847377,105618,102265,NOTREADY
2024-02-08 12:41:12.914193,4.30E+04,0080,39.0,22.0,40.0,27.3,98.5,76.6,1.878,37,FULL (3008),1000.0,1.0,70847377,106212,103085,NOTREADY
2024-02-08 12:41:13.914610,4.27E+04,0080,39.0,22.0,40.0,27.3,98.5,76.5,1.880,37,FULL (3007),1000.0,1.0,70847377,107644,104528,NOTREADY
2024-02-08 12:41:14.915054,4.29E+04,0080,39.0,22.0,40.0,27.2,98.5,76.4,1.878,37,FULL (3007),1000.0,1.0,70847377,106612,103401,NOTREADY
2024-02-08 12:41:15.914952,4.21E+04,0080,39.0,22.0,40.0,27.3,98.5,76.4,1.878,37,FULL (3005),1000.0,1.0,70847377,106397,103073,NOTREADY
2024-02-08 12:41:16.915733,4.31E+04,0080,39.0,22.0,40.0,27.3,98.5,76.3,1.878,37,FULL (3004),1000.0,1.0,70847377,106142,103129,NOTREADY
2024-02-08 12:41:17.917423,4.25E+04,0080,39.0,22.0,40.0,27.3,98.5,76.2,1.880,37,FULL (3004),1000.0,1.0,70847377,105923,102678,NOTREADY
2024-02-08 12:41:18.917874,4.23E+04,0080,39.0,22.0,40.0,27.3,98.5,76.1,1.875,37,FULL (3003),1000.0,1.0,70847377,104813,101810,NOTREADY
2024-02-08 12:41:19.918574,4.22E+04,0080,39.0,22.0,40.1,27.3,98.5,76.0,1.878,37,FULL (3003),1000.0,1.0,70847377,105927,102751,NOTREADY
2024-02-08 12:41:20.918535,4.33E+04,0080,39.0,22.0,40.1,27.3,98.5,75.9,1.878,37,FULL (2998),1000.0,1.0,70847377,106180,103222,NOTREADY
